Date,ECO,OIL,SP500,PSE,RATE,LECO,LRATE,LPSE,LOIL,LSP500,LOTECH
2004-08-18,130.12,47.27000045776367,1095.1700439453125,651.5700073242188,1.46,4.86845710160515,0.37843643572024505,6.479384846393217,3.855875854489166,6.998664921468418,-0.2089826000444619
2004-08-25,134.2,43.470001220703125,1104.9599609375,662.3200073242188,1.52,4.8993312245375815,0.41871033485818504,6.495748833888979,3.772071073082208,7.007564378849668,-0.20470780784838194
2004-09-01,136.29,44.0,1105.9100341796875,655.989990234375,1.55,4.914784968439421,0.4382549309311553,6.48614553003861,3.784189633918261,7.008423835355721,-0.21547861406525914
2004-09-08,135.06,42.77000045776367,1116.27001953125,654.3900146484375,1.62,4.905719124146696,0.4824261492442928,6.483703526383058,3.7558369329417323,7.017748066660344,-0.23058683414637393
2004-09-15,136.7,43.58000183105469,1120.3699951171875,673.739990234375,1.64,4.917788743729904,0.494696241836107,6.512844265317853,3.7745983715324134,7.021414262517877,-0.20642632668299132
2004-09-22,134.26,48.349998474121094,1113.56005859375,676.9199829101562,1.68,4.899778218510606,0.5187937934151675,6.51755307229341,3.878466190340277,7.015317422013206,-0.1934354534628948
2004-09-29,134.54,49.5099983215332,1114.800048828125,676.760009765625,1.69,4.90186155259746,0.5247285289349821,6.517316719320563,3.9021746354717597,7.016430339407689,-0.19518361498293046
2004-10-06,143.21,52.02000045776367,1142.050048828125,704.5700073242188,1.68,4.9643120844906115,0.5187937934151675,6.557587698047149,3.9516282688202686,7.040580214849447,-0.18771829486801295
2004-10-13,142.4,53.63999938964844,1113.6500244140625,679.739990234375,1.69,4.958639998977875,0.5247285289349821,6.521710357746746,3.982295047034813,7.015398209920057,-0.18938791186718174
2004-10-20,143.16,54.91999816894531,1103.6600341796875,686.760009765625,1.79,4.963962885897825,0.5822156198526637,6.531984900428863,4.005877547559371,7.006387239359135,-0.16687269222197632
2004-10-27,143.73,52.459999084472656,1125.4000244140625,709.6199951171875,1.88,4.967936539563141,0.6312717768418578,6.564729608610197,3.9600509569868145,7.025893828692854,-0.16062611285721928
2004-11-03,143.36,50.880001068115234,1143.199951171875,721.8900146484375,1.92,4.96535894922662,0.6523251860396901,6.581872793006839,3.9294699400246973,7.041586583903861,-0.1648002711263965
2004-11-10,146.84,48.86000061035156,1162.9100341796875,728.9400024414062,2.04,4.989343558628634,0.712949807856125,6.591591427443961,3.88895907832144,7.058680792845216,-0.17830274125020917
2004-11-17,152.29,46.84000015258789,1181.93994140625,752.0499877929688,2.09,5.0257865978636,0.7371640659767196,6.622802794869547,3.8467375419871574,7.074912385682101,-0.16914068395935455
2004-11-24,155.54,49.439998626708984,1181.760009765625,755.2999877929688,2.14,5.046902933266797,0.7608058290337602,6.627115005157571,3.900759785372513,7.074760139927826,-0.16462166008954338
2004-12-01,159.23,45.4900016784668,1191.3699951171875,769.6099853515625,2.18,5.070349697868335,0.7793248768009977,6.645883873996487,3.8174925584794015,7.082859180319105,-0.1568546846061114
2004-12-08,151.71,41.939998626708984,1182.81005859375,764.6799926757812,2.2,5.021970803760001,0.7884573603642703,6.639457436082669,3.736239992729591,7.075648291995046,-0.15348571213711182
2004-12-15,158.13,44.189998626708984,1205.719970703125,777.260009765625,2.17,5.063417479535225,0.7747271675523681,6.655774927293537,3.7884984880656845,7.09483215356171,-0.16322795009243585
2004-12-22,157.31,44.2400016784668,1209.5699462890625,772.8900146484375,2.15,5.058218380834414,0.7654678421395714,6.650136754697551,3.7896293951541056,7.098020159125417,-0.1731967712015896
2004-12-29,163.43,43.63999938964844,1213.449951171875,778.6099853515625,2.19,5.096384764104966,0.7839015438284094,6.657510259845676,3.775974146978812,7.101222780947254,-0.1701737695748129
2005-01-05,154.97,43.38999938964844,1183.739990234375,747.2100219726562,2.29,5.043231549799244,0.8285518175661483,6.6163462995289875,3.770228985743618,7.076434188485127,-0.1776644257066602
2005-01-12,152.99,46.369998931884766,1187.699951171875,741.239990234375,2.3,5.030372559779288,0.8329091229351039,6.608324446321094,3.836652675368751,7.0797739016686965,-0.19022300999729946
2005-01-19,155.71,47.54999923706055,1184.6300048828125,738.5700073242188,2.33,5.047995302853334,0.8458682675776092,6.604715894126071,3.8617817729464052,7.077185772648217,-0.1903157975957912
2005-01-26,153.87,48.779998779296875,1174.0699462890625,731.0399780273438,2.37,5.036108090069287,0.8628899551470398,6.594468147758253,3.8873203677631096,7.068231578075831,-0.18839999260316453
2005-02-02,159.58,46.689998626708984,1193.18994140625,747.4600219726562,2.47,5.072545363880135,0.9042181506398859,6.616680821523784,3.843529979569887,7.084385622673993,-0.18813128594268402
2005-02-09,155.13,45.459999084472656,1191.989990234375,744.22998046875,2.47,5.04426347507624,0.9042181506398859,6.6123501006006125,3.816832798285212,7.083379450135653,-0.19109520259902357
2005-02-16,156.8,48.33000183105469,1210.3399658203125,758.219970703125,2.53,5.054971107916307,0.9282193027394288,6.630973542359627,3.878052523743495,7.098656562615799,-0.19322448636873535
2005-02-23,156.12,51.16999816894531,1190.800048828125,739.5599975585938,2.63,5.050624942312414,0.9669838461896731,6.606055411460992,3.935153387033246,7.082380670146092,-0.19603312965327735
2005-03-02,165.84,53.04999923706055,1210.0799560546875,748.6799926757812,2.68,5.111023468127524,0.9858167945227654,6.618311646127853,3.9712348506784756,7.0984417157916795,-0.20559453051278975
2005-03-09,164.6,54.77000045776367,1207.010009765625,743.3699951171875,2.7,5.103518288242969,0.9932517730102834,6.611193895355279,4.003142607153557,7.095901514158111,-0.2092616221796204
2005-03-16,158.32,56.459999084472656,1188.0699462890625,728.8499755859375,2.74,5.064618301294311,1.007957920399979,6.591467916023331,4.033532406609839,7.080085375537083,-0.20750265243149624
2005-03-23,153.67,53.810001373291016,1172.530029296875,726.2899780273438,2.77,5.034807446067241,1.0188473201992472,6.587949353848799,3.9854593490224395,7.066919111333088,-0.19313590626524757
2005-03-30,152.27,53.9900016784668,1181.4100341796875,730.5800170898438,2.77,5.025655260852641,1.0188473201992472,6.593838762618175,3.9887988753186705,7.074463948302181,-0.19749555018708342
2005-04-06,154.69,55.849998474121094,1184.0699462890625,722.7899780273438,2.71,5.041423114248573,0.9969486348916096,6.583118693136811,4.02266949819419,7.076712889956672,-0.21127062557656018
2005-04-13,146.73,50.220001220703125,1173.7900390625,714.5399780273438,2.72,4.988594163219376,1.000631880307906,6.5716389482571875,3.91641337803655,7.067993142027996,-0.21090529595806284
2005-04-20,140.6,52.439998626708984,1137.5,691.97998046875,2.81,4.9459189793765646,1.0331844833456545,6.539557025240737,3.9596696327076457,7.036588150825105,-0.20032607057276852
2005-04-27,139.26,51.61000061035156,1156.3800048828125,702.9600219726562,2.83,4.936342689514401,1.0402767116551463,6.555300022444922,3.9437154639868623,7.053049719161513,-0.20694478667676375
2005-05-04,139.73,50.130001068115234,1175.6500244140625,715.6400146484375,2.81,4.939711989092356,1.0331844833456545,6.5731772676906255,3.9146196525823185,7.069576485880052,-0.21151782148449794
2005-05-11,140.26,50.45000076293945,1171.1099853515625,720.0900268554688,2.81,4.943497843108764,1.0331844833456545,6.579376241492851,3.9209827619223026,7.065707283483915,-0.20006284819634335
2005-05-18,139.61,47.25,1185.56005859375,741.6199951171875,2.8,4.938852821000557,1.0296194171811581,6.608836976020304,3.855452653939752,7.07797056520389,-0.18726079311154198
2005-05-25,141.4,50.97999954223633,1190.010009765625,748.2899780273438,2.89,4.951592753462473,1.0612565021243408,6.617790574008979,3.93143338996869,7.08171699763795,-0.18339642151411173
2005-06-01,144.56,54.599998474121094,1202.219970703125,759.6699829101562,2.91,4.973694646283973,1.0681530811834012,6.632884105960968,4.000033854804359,7.091925102264729,-0.18216977663017087
2005-06-08,143.38,52.540000915527344,1194.6700439453125,751.0499877929688,2.96,4.965498448424726,1.085189268335969,6.621472211190777,3.9615748016827332,7.085625312385868,-0.18502391479455316
2005-06-15,152.15,55.56999969482422,1206.5799560546875,757.1400146484375,2.94,5.02486687634298,1.0784095813505903,6.62954819623994,4.017643481800094,7.095545153946493,-0.19042323468038092
2005-06-22,157.32,58.09000015258789,1213.8800048828125,760.780029296875,2.97,5.058281947563609,1.0885619528146082,6.634344261276868,4.061993534631191,7.101577123968783,-0.1938211145681068
2005-06-29,157.62,57.2599983215332,1199.8499755859375,750.52001953125,3.06,5.060187072925504,1.1184149159642893,6.620766325642797,4.047602270356891,7.0899518076153445,-0.19160699527157288
2005-07-06,157.11,61.279998779296875,1194.93994140625,751.6699829101562,3.12,5.056946196959506,1.1378330018213911,6.622297375112804,4.115453505512246,7.085851204865175,-0.18450560759222245
2005-07-13,160.42,60.0099983215332,1223.2900390625,784.260009765625,3.15,5.077795375938779,1.1474024528375417,6.664740610477541,4.094511187031636,7.109299261342126,-0.1739146663622968
2005-07-20,164.99,56.720001220703125,1235.199951171875,810.8099975585938,3.23,5.105884866003353,1.172482137234565,6.698033744988497,4.038126903745436,7.11898813973997,-0.15378309195198003
2005-07-27,170.31,59.11000061035156,1236.7900390625,806.3300170898438,3.33,5.137620305850745,1.2029723039923526,6.69249310918833,4.0794001251619685,7.120274624002618,-0.16107131289524546
2005-08-03,172.37,60.86000061035156,1245.0400390625,812.2899780273438,3.38,5.1496433291663,1.2178757094949273,6.69985739220823,4.108576154497605,7.1269229682712485,-0.1627382695161277
2005-08-10,166.69,64.9000015258789,1229.1300048828125,793.5900268554688,3.43,5.116135799954996,1.2325602611778486,6.676566988925303,4.172847647221276,7.114061884999129,-0.1685579281478473
2005-08-17,164.37,63.25,1220.239990234375,799.3900146484375,3.44,5.102119984218434,1.235471471385307,6.683848955141463,4.1470951276076295,7.106802831688642,-0.15141512329829343
2005-08-24,171.11,67.31999969482422,1209.5899658203125,794.6699829101562,3.45,5.142306624543879,1.2383742310432684,6.67792691263362,4.209457364789394,7.098036709938077,-0.14542909621004796
2005-08-31,183.82,68.94000244140625,1220.3299560546875,808.6099853515625,3.44,5.213957017929963,1.235471471385307,6.695316706068788,4.233236596502213,7.106876556943261,-0.14004752218498862
2005-09-07,187.43,64.37000274658203,1236.3599853515625,820.260009765625,3.41,5.233405442370894,1.2267122912954254,6.70962137507748,4.16464772873319,7.119926845896941,-0.14347061849047282
2005-09-14,191.79,65.08999633789062,1227.1600341796875,819.969970703125,3.35,5.256401023446745,1.208960345836975,6.70926771849398,4.175770871322052,7.112457863410333,-0.1336782645811594
2005-09-21,182.02,66.80000305175781,1210.199951171875,800.6900024414062,3.34,5.20411657114921,1.205970806988609,6.685473858977665,4.201703126227597,7.098540873841067,-0.13856701587807319
2005-09-28,182.84,66.3499984741211,1216.8900146484375,803.1699829101562,3.39,5.2086114534635435,1.220829921392359,6.688566376364314,4.194943737780795,7.104053714744488,-0.1429632483648664
2005-10-05,182.93,62.790000915527344,1196.3900146484375,800.1199951171875,3.5,5.209103566003207,1.252762968495368,6.684761710316452,4.1397958397068,7.0870639805561675,-0.12368873038011419
2005-10-12,165.25,64.12000274658203,1177.6800537109375,774.760009765625,3.62,5.107459478731796,1.2864740258376797,6.652553316578748,4.1607563705763795,7.071301726057169,-0.13448537227290736
2005-10-19,166.52,62.40999984741211,1195.760009765625,794.3400268554688,3.77,5.115115422326775,1.3270750014599193,6.677511614986151,4.133725516501024,7.086537253644436,-0.13022330967019702
2005-10-26,165.78,60.65999984741211,1191.3800048828125,795.75,3.81,5.11066160816338,1.3376291891386096,6.679285066162202,4.105284499744974,7.082867582178826,-0.12346490568939483
2005-11-02,167.36,59.75,1214.760009765625,807.3499755859375,3.85,5.120147180876558,1.3480731482996928,6.693757249087879,4.09016919081162,7.1023018134378,-0.135392558969901
2005-11-09,170.85,58.93000030517578,1220.6500244140625,819.510009765625,3.9,5.140785978561301,1.3609765531356006,6.708706612588391,4.076350304028437,7.107138802732878,-0.1270138554260134
2005-11-16,169.79,57.880001068115234,1231.2099609375,829.3200073242188,3.91,5.13456237932792,1.3635373739972745,6.720606096722899,4.058371920217243,7.11575267292201,-0.1268156194172514
2005-11-23,175.74,58.709999084472656,1265.6099853515625,845.4199829101562,3.86,5.169005630067697,1.3506671834767394,6.7398335250785015,4.072610054482033,7.143309486798607,-0.14502190083962052
2005-11-30,172.77,57.31999969482422,1249.47998046875,840.5,3.86,5.151961230186691,1.3506671834767394,6.7339969528486705,4.048649597635899,7.130482728112839,-0.13343435560125272
2005-12-07,174.97,59.209999084472656,1257.3699951171875,853.0599975585938,3.94,5.164614530656529,1.3711807233098425,6.7488298821325525,4.081090431081307,7.1367775130248186,-0.12715238407921525
2005-12-14,176.61,60.849998474121094,1272.739990234375,853.760009765625,3.81,5.17394391170828,1.3376291891386096,6.749650135285522,4.108411794357465,7.148927328076111,-0.14283667504817465
2005-12-21,173.98,58.560001373291016,1262.7900390625,844.7000122070312,3.9,5.158940350079394,1.3609765531356006,6.738981549184772,4.070051893104064,7.141078868675612,-0.1428437618653673
2005-12-28,175.52,59.81999969482422,1258.1700439453125,845.9400024414062,3.87,5.16775299652692,1.3532545070416904,6.740448437991352,4.091340048100235,7.137413598193551,-0.13639789863534268
2006-01-04,179.16,63.41999816894531,1273.4599609375,856.3900146484375,4.09,5.188279261339099,1.4085449700547104,6.752725896965672,4.14977924023832,7.1494928537505436,-0.14052913439907488
2006-01-11,188.01,63.939998626708984,1294.1800537109375,886.5399780273438,4.2,5.236495152904694,1.4350845252893227,6.787326220974992,4.157945122153888,7.165632610443618,-0.12785336852775853
2006-01-18,194.34,65.7300033569336,1277.9300537109375,872.3200073242188,4.25,5.269609202411293,1.4469189829363254,6.771156337464365,4.185555493347043,7.152996902384077,-0.1268586614417302
2006-01-25,200.12,65.8499984741211,1264.6800537109375,860.3099975585938,4.32,5.298917186620004,1.463255402256019,6.757292786574069,4.187379405017249,7.1425744472038275,-0.12656414731992083
2006-02-01,214.17,66.55999755859375,1282.4599609375,881.0700073242188,4.37,5.366770092182479,1.4747630091074988,6.781137086257239,4.198103759833171,7.156535357015675,-0.12168461796446017
2006-02-08,212.42,62.54999923706055,1265.6500244140625,871.489990234375,4.4,5.358565446893394,1.4816045409242156,6.7702043792192725,4.135966224715647,7.143341122475976,-0.11469402121580785
2006-02-15,211.78,57.70000076293945,1280.0,872.1900024414062,4.44,5.355548000002308,1.4906543764441336,6.771007292881846,4.055257186736575,7.154615356913663,-0.12920624600861252
2006-02-22,214.04,61.0099983215332,1292.6700439453125,874.780029296875,4.46,5.3661629134431035,1.4951487660319727,6.773972459663287,4.111037757652421,7.1644651597757205,-0.139621242237296
2006-03-01,222.28,61.970001220703125,1291.239990234375,883.780029296875,4.49,5.40393784841172,1.501852701754163,6.7842081960359,4.126650416672307,7.1633582684071895,-0.12788188318787874
2006-03-08,205.36,60.02000045776367,1278.469970703125,862.9500122070312,4.47,5.324764536562885,1.4973884086254774,6.760356766123111,4.0946778476390735,7.153419306542315,-0.13823203477400092
2006-03-15,213.43,62.16999816894531,1303.02001953125,881.4600219726562,4.51,5.363308910055477,1.506297153514587,6.781579648537961,4.129872538828862,7.172439941190432,-0.14284715091729172
2006-03-22,213.94,61.77000045776367,1305.0400390625,872.0,4.57,5.3656956018779844,1.5195132049061133,6.77078942390898,4.123417817118584,7.17398900056008,-0.15574164780111133
2006-03-29,225.06,66.44999694824219,1302.8900146484375,875.719970703125,4.51,5.416367033321851,1.506297153514587,6.77504637168452,4.1964497392336275,7.172340164236343,-0.1492448888235005
2006-04-05,228.6,67.06999969482422,1311.56005859375,881.02001953125,4.55,5.43197375136071,1.5151272329628591,6.781080349323007,4.205736845561537,7.178972592077524,-0.1522205296424275
2006-04-12,225.09,68.62000274658203,1288.1199951171875,864.7100219726562,4.58,5.4165003222257475,1.5216989981260935,6.762394216014469,4.228584077456272,7.160939066235671,-0.1464095721167169
2006-04-19,249.12,72.16999816894531,1309.9300537109375,877.6199951171875,4.61,5.517934708085688,1.5282278570085572,6.777213692563354,4.279024421712771,7.177729020655892,-0.15439789489349032
2006-04-26,245.81,71.93000030517578,1305.4100341796875,872.1799926757812,4.67,5.50455887978689,1.541159071680806,6.770995816227635,4.275693428121942,7.1742724728420875,-0.15592032972152747
2006-05-03,248.58,72.27999877929688,1308.1199951171875,870.9199829101562,4.7,5.515764725317365,1.547562508716013,6.76955010456137,4.280547448835495,7.176346267195573,-0.1601831238094107
2006-05-10,253.02,72.12999725341797,1322.8499755859375,864.9099731445312,4.76,5.533468536986524,1.5602476682433286,6.762625424225903,4.278470008437361,7.187543760546645,-0.18231869602163275
2006-05-17,220.43,68.69999694824219,1270.3199462890625,822.4099731445312,4.71,5.395580184168247,1.5496879080283263,6.712239021505448,4.229749154806791,7.147024073936418,-0.1776623715366128
2006-05-24,211.06,69.86000061035156,1258.5699462890625,810.5800170898438,4.7,5.352142453242944,1.547562508716013,6.697750061891631,4.246493248115468,7.137731392124325,-0.17952797216666916
2006-05-31,220.15,71.29000091552734,1270.0899658203125,812.27001953125,4.74,5.394309132201763,1.556037135706985,6.699832821252248,4.266756077971834,7.14684301617225,-0.18982261941566403
2006-06-07,213.36,70.81999969482422,1256.1500244140625,796.1699829101562,4.74,5.362980879873759,1.556037135706985,6.6798127094161455,4.260141442374582,7.135806786084556,-0.19485090251584403
2006-06-14,190.56,69.13999938964844,1230.0400390625,773.0,4.77,5.24996710560699,1.5623463049002497,6.650279048587422,4.236133425665715,7.1148019999199885,-0.19585125493112354
2006-06-21,201.1,70.33000183105469,1252.199951171875,788.5999755859375,4.79,5.303802296778606,1.5665304114228238,6.670259190484786,4.253198476355113,7.132657244317339,-0.2001260229002737
2006-06-28,194.24,72.19000244140625,1246.0,766.989990234375,4.88,5.2690945078711335,1.5851452198650557,6.642473750740213,4.279301565970244,7.1276936993473985,-0.22116888700795823
2006-07-05,201.8,75.19000244140625,1270.9100341796875,779.8499755859375,4.88,5.307277107919509,1.5851452198650557,6.659101562191734,4.320018275859762,7.147488485190626,-0.23143069609423694
2006-07-12,190.85,74.94999694824219,1258.5999755859375,759.8499755859375,4.93,5.251487779191239,1.5953389880545987,6.6331210132495055,4.316821183831357,7.13775525169504,-0.24418943211184363
2006-07-19,187.94,72.66000366210938,1259.81005859375,756.5700073242188,4.98,5.236122762954919,1.6054298910365616,6.628795070023046,4.285791077193679,7.138716241434213,-0.24982080241549998
2006-07-26,186.05,73.94000244140625,1268.4000244140625,755.72998046875,4.98,5.226015454792631,1.6054298910365616,6.627684143687474,4.303253986527234,7.145511561912112,-0.26016262372162746
2006-08-02,187.67,75.80999755859375,1277.4100341796875,770.0800170898438,4.97,5.234685101303181,1.6034198401085373,6.646494427747095,4.328230177863935,7.152589896255309,-0.25096768614949205
2006-08-09,180.25,76.3499984741211,1265.949951171875,756.280029296875,4.94,5.1943447761650585,1.5973653311998313,6.62841171671786,4.335328011679325,7.143578068883077,-0.25680855630655763
2006-08-16,186.44,71.88999938964844,1295.4300537109375,796.239990234375,4.94,5.22810947150454,1.5973653311998313,6.679900635673133,4.275137164505704,7.166598006812361,-0.23659036695778557
2006-08-23,184.96,71.76000213623047,1292.989990234375,787.5700073242188,4.96,5.220139585484013,1.601405740736836,6.668952264938063,4.273327247519638,7.164712637237155,-0.2449776151400629
2006-08-30,192.17,70.02999877929688,1305.3699951171875,806.719970703125,4.92,5.258380396944336,1.5933085305042167,6.692976607683516,4.24892370423628,7.17424180073486,-0.2338978726810339
2006-09-06,186.59,67.5,1300.260009765625,798.3499755859375,4.84,5.228913696409157,1.5769147207285403,6.682547067205059,4.212127597878484,7.170319530962812,-0.2389993259221459
2006-09-13,186.82,63.970001220703125,1318.0699462890625,819.1599731445312,4.79,5.230145586444703,1.5665304114228238,6.708279392183956,4.1584142425444774,7.183923783676339,-0.2317472813597341
2006-09-20,180.37,60.459999084472656,1325.1800537109375,829.780029296875,4.81,5.195010296682108,1.5706970841176697,6.721160640721803,4.101981974208617,7.189303618781328,-0.226174105042257
2006-09-27,176.59,62.959999084472656,1336.5899658203125,830.1500244140625,4.76,5.173830661425033,1.5602476682433286,6.721606436763013,4.142499589567735,7.197876847806768,-0.2373743493827689
2006-10-04,176.7,59.40999984741211,1350.199951171875,839.0,4.8,5.174453379325651,1.5686159179138452,6.732210706467206,4.084462559799262,7.208007972444146,-0.24053239563782913
2006-10-11,182.54,57.59000015258789,1349.949951171875,842.9099731445312,4.89,5.206969327088731,1.5871923034867805,6.7368601588761745,4.053348944168136,7.207822797539229,-0.23563139805096434
2006-10-18,187.08,57.650001525878906,1365.800048828125,850.4400024414062,4.96,5.231536332857686,1.601405740736836,6.745753865480921,4.054390273183046,7.219495652277556,-0.24259432343973053
2006-10-25,186.95,61.400001525878906,1382.219970703125,852.72998046875,4.99,5.2308412014231225,1.6074359097634274,6.7484429445866505,4.117409860004544,7.231446160043094,-0.2561390455781476
2006-11-01,182.58,58.709999084472656,1367.81005859375,848.4500122070312,4.94,5.207188433136935,1.5973653311998313,6.743411169806284,4.072610054482033,7.220966242485289,-0.24693469733962115
2006-11-08,185.74,59.83000183105469,1385.719970703125,865.02001953125,4.97,5.224347846347863,1.6034198401085373,6.762752650630825,4.09150723800623,7.23397511799701,-0.24526472500747154
2006-11-15,192.17,58.7599983215332,1396.5699462890625,882.0999755859375,4.96,5.258380396944336,1.601405740736836,6.782305400587516,4.073461322740891,7.241774470983102,-0.23630676722975785
2006-11-22,189.14,59.2400016784668,1406.0899658203125,897.97998046875,4.92,5.242487481587366,1.5933085305042167,6.800147774589053,4.081597017732933,7.248568057393449,-0.22769293260782142
2006-11-29,189.89,62.459999084472656,1399.47998046875,880.3800048828125,4.91,5.246444957137325,1.5912739418064292,6.780353637993686,4.134526337197114,7.243856004079167,-0.2410861247030347
2006-12-06,191.56,62.189998626708984,1412.9000244140625,888.2999877929688,4.86,5.2552010754744085,1.5810384379124025,6.789309510033641,4.1301941930336135,7.253399626051161,-0.24509449362105507
2006-12-13,185.77,61.369998931884766,1413.2099609375,877.0700073242188,4.82,5.224509349403313,1.572773928062509,6.776586815097574,4.116921098996488,7.253618963958239,-0.2581151414189309
2006-12-20,184.45,63.720001220703125,1423.530029296875,880.219970703125,4.84,5.217378424042685,1.5769147207285403,6.780171842943877,4.154498504199147,7.260895001892058,-0.26441402444736983
2006-12-27,183.21,60.34000015258789,1426.8399658203125,879.0499877929688,4.85,5.210633035903153,1.5789787049493917,6.778841765002181,4.0999952362597165,7.2632174639000615,-0.2688989797695669
2007-01-03,180.72,58.31999969482422,1416.5999755859375,875.8300170898438,4.92,5.196948872159748,1.5933085305042167,6.775172027689351,4.065945082467622,7.256014896085255,-0.2627846094405264
2007-01-10,177.61,54.02000045776367,1414.8499755859375,898.739990234375,4.96,5.179590135279236,1.601405740736836,6.8009937715427755,3.989354356838436,7.25477878013547,-0.23528370173588886
2007-01-17,180.01,52.2400016784668,1430.6199951171875,901.1799926757812,4.99,5.193012404902613,1.6074359097634274,6.803705007552418,3.9558485170980906,7.265863192311677,-0.24762974594455045
2007-01-24,180.12,55.369998931884766,1440.1300048828125,890.3499755859375,5.0,5.193623295433371,1.6094379124341003,6.791614616426576,4.014037911544371,7.272488669663566,-0.2687203138485126
2007-01-31,184.2,58.13999938964844,1438.239990234375,891.8599853515625,4.99,5.216022123821206,1.6074359097634274,6.793309153164725,4.062853884632767,7.271175416035106,-0.26524182794219175
2007-02-07,191.25,57.709999084472656,1450.02001953125,904.260009765625,5.02,5.253581472706645,1.6134299337036377,6.807116940459216,4.055430452858599,7.279332641892586,-0.2625149742675914
2007-02-14,192.65,58.0,1455.300048828125,906.5,5.02,5.260875071072166,1.6134299337036377,6.809591030194905,4.060443010546419,7.282967377471211,-0.2649783797510228
2007-02-21,198.03,60.06999969482422,1457.6300048828125,910.9500122070312,5.04,5.288418534368789,1.6174060820832772,6.814488024412024,4.095510543781734,7.284567111421987,-0.2622544951213728
2007-02-28,193.21,61.790000915527344,1406.8199462890625,882.780029296875,5.01,5.263777680273292,1.6114359150967734,6.783076052124972,4.123741553889644,7.249087078981729,-0.24546970405148372
2007-03-07,187.7,61.81999969482422,1391.969970703125,869.719970703125,4.97,5.234844943592463,1.6034198401085373,6.768171287081447,4.124226931767448,7.238475267890926,-0.24595917934595768
2007-03-14,187.24,58.15999984741211,1387.1700439453125,873.75,4.92,5.2323912164318696,1.5933085305042167,6.77279429354802,4.063197830601676,7.2350210111746796,-0.23664384364300783
2007-03-21,194.14,59.61000061035156,1435.0400390625,897.9299926757812,4.91,5.26857954828408,1.5912739418064292,6.800092106104854,4.087823355470915,7.268948029590188,-0.2554331501081819
2007-03-28,198.07,64.08000183105469,1417.22998046875,883.2899780273438,4.92,5.288620503569173,1.5933085305042167,6.783653547629144,4.160132331334615,7.2564595274872525,-0.2549070854102409
2007-04-04,202.88,64.37999725341797,1439.3699951171875,896.97998046875,4.92,5.312614671248861,1.5933085305042167,6.799033543491734,4.164802983208623,7.271960793446673,-0.26058430950474065
2007-04-11,201.85,62.0099983215332,1438.8699951171875,895.1599731445312,4.9,5.30752484729895,1.589235205116581,6.797002443246207,4.127295635294107,7.271613358898667,-0.26214344793003974
2007-04-18,207.4,63.130001068115234,1472.5,915.530029296875,4.86,5.334649295795427,1.5810384379124025,6.819503164556281,4.145196109298832,7.294716915525742,-0.2710270454853383
2007-04-25,210.19,65.83999633789062,1495.4200439453125,940.469970703125,4.83,5.348011883571888,1.5748464676644813,6.846379719154387,4.1872275007474675,7.310162412210982,-0.26513195278195933
2007-05-02,202.63,63.68000030517578,1495.9200439453125,941.8599853515625,4.77,5.311381655877238,1.5623463049002497,6.847856628021116,4.153870546328461,7.310496710545484,-0.2641091612485713
2007-05-09,204.54,61.54999923706055,1512.5799560546875,951.1099853515625,4.74,5.320763555377867,1.556037135706985,6.8576297081731745,4.1198498402350205,7.321572052015002,-0.26938103949114023
2007-05-16,199.13,62.54999923706055,1514.1400146484375,938.7999877929688,4.62,5.293957877770584,1.5303947050936475,6.844602450974065,4.135966224715647,7.32260290967412,-0.283808633703325
2007-05-23,203.8,65.7699966430664,1522.280029296875,939.5499877929688,4.77,5.3171391207886245,1.5623463049002497,6.845401024242738,4.18616375627276,7.327964509209449,-0.2902933611039522
2007-05-30,205.22,63.4900016784668,1530.22998046875,942.8800048828125,4.71,5.324082574434063,1.5496879080283263,6.848939026268218,4.150882439619069,7.333173317122322,-0.29383110464807327
2007-06-06,206.35,65.95999908447266,1517.3800048828125,944.3699951171875,4.67,5.329573756198591,1.541159071680806,6.850518033335595,4.1890484838113595,7.324740445594808,-0.2807967215430516
2007-06-13,204.87,66.26000213623047,1515.6700439453125,942.97998046875,4.53,5.3223756316411075,1.5107219394949427,6.849045052788541,4.193586429111871,7.323612893400721,-0.2807380133476398
2007-06-20,210.17,68.19000244140625,1512.8399658203125,948.1900024414062,4.61,5.347916727039321,1.5282278570085572,6.854554906688963,4.222297962335556,7.321743935438116,-0.2726893307468936
2007-06-27,216.22,68.97000122070312,1506.3399658203125,951.4000244140625,4.64,5.376296407864626,1.534714366238164,6.857934609659377,4.233671645142245,7.317438123800734,-0.2634605298396089
2007-07-04,226.3,71.41000366210938,1524.8699951171875,958.7999877929688,4.81,5.421861552639491,1.5706970841176697,6.865682489828657,4.268437966843882,7.3296644363041175,-0.27232110941302423
2007-07-11,234.81,72.55999755859375,1518.760009765625,960.9099731445312,4.81,5.458776676484857,1.5706970841176697,6.867880724191305,4.284413772160157,7.32564949785932,-0.2646689048928694
2007-07-18,235.99,75.05000305175781,1546.1700439453125,981.3200073242188,4.82,5.463789431246498,1.572773928062509,6.888898611595471,4.318154598742465,7.343536212714291,-0.26794867743446726
2007-07-25,230.84,75.87999725341797,1518.0899658203125,975.5599975585938,4.85,5.441724829842766,1.5789787049493917,6.883011662588652,4.329153108870424,7.3252082222207004,-0.24893852911999126
2007-08-01,225.94,76.52999877929688,1465.81005859375,943.75,4.75,5.420269477298783,1.55814461804655,6.8498613005632345,4.337682804871181,7.290163309655236,-0.23448320305517267
2007-08-08,245.75,72.1500015258789,1497.489990234375,941.6599731445312,4.81,5.504314759027276,1.5706970841176697,6.847644246722069,4.278747306368582,7.311545645649652,-0.2657464363122308
2007-08-15,215.97,73.33000183105469,1406.699951171875,900.0900268554688,4.1,5.375139509149321,1.410986973710262,6.80249478816107,4.294969827075771,7.249001780052535,-0.22593509629762742
2007-08-22,221.32,69.26000213623047,1464.0699462890625,928.5399780273438,3.58,5.399609618029909,1.275362800412609,6.833613436438113,4.237867569817915,7.288975470899799,-0.24911748400506806
2007-08-29,217.07,73.51000213623047,1463.760009765625,935.2899780273438,3.88,5.380219882167671,1.355835153635182,6.840856618133811,4.297421480446403,7.288763753327913,-0.24158670105850177
2007-09-05,225.47,75.7300033569336,1472.2900390625,952.3900146484375,4.24,5.418187112398421,1.4445632692438664,6.8589746301482934,4.327174427453389,7.294574317286091,-0.23136187168228783
2007-09-12,221.89,79.91000366210938,1471.56005859375,952.9500122070312,3.93,5.402181763578325,1.3686394258811698,6.859562449190381,4.380901047214294,7.294078381379373,-0.23010036369765174
2007-09-19,230.27,81.93000030517578,1529.030029296875,972.6599731445312,3.83,5.439252533469528,1.3428648031925547,6.880034558771201,4.405865227878559,7.332388845564114,-0.261669930784282
2007-09-26,242.86,80.30000305175781,1525.4200439453125,978.010009765625,3.64,5.492485145625673,1.2919836816486494,6.885519904916618,4.385769658957171,7.330025089767914,-0.25297361297656895
2007-10-03,245.13,79.94000244140625,1539.5899658203125,988.3099975585938,3.86,5.501788682064726,1.3506671834767394,6.895996411245769,4.381276383823661,7.339271403994427,-0.25505747900473086
2007-10-10,253.54,81.30000305175781,1562.469970703125,1009.3400268554688,3.95,5.535521601510581,1.3737155789130306,6.917051957494191,4.398146054090761,7.354023162675874,-0.2540410075081585
2007-10-17,251.82,87.4000015258789,1541.239990234375,1012.4500122070312,3.91,5.528714546573554,1.3635373739972745,6.920128427102201,4.470495300120058,7.340342559881227,-0.23238054205448044
2007-10-24,251.43,87.0999984741211,1515.8800048828125,999.3699951171875,3.75,5.527164620778924,1.3217558399823195,6.907125075562858,4.467056866339755,7.323751410617626,-0.2228461550440084
2007-10-31,265.17,94.52999877929688,1549.3800048828125,1016.1900024414062,3.84,5.580371129740966,1.3454723665996355,6.92381562093116,4.548917231523899,7.345610133043415,-0.2358489216481452
2007-11-07,259.39,96.37000274658203,1475.6199951171875,983.9600219726562,3.4,5.558332720638098,1.2237754316221157,6.891585268150342,4.56819497836358,7.296833516130298,-0.2018201731535587
2007-11-14,244.77,94.08999633789062,1470.5799560546875,951.5,3.33,5.500318994108818,1.2029723039923526,6.858039686736205,4.544251732097329,7.2934121298954615,-0.23071807723000592
2007-11-21,227.41,97.29000091552734,1416.77001953125,924.3800048828125,3.02,5.426754555723338,1.1052568313867783,6.829123247792868,4.577696218397628,7.256134925552504,-0.20899643969043247
2007-11-28,240.99,90.62000274658203,1469.02001953125,959.1500244140625,2.98,5.484755438853831,1.091923300517313,6.866047501036199,4.506674969547776,7.292350804080506,-0.22126853738384256
2007-12-05,251.39,87.48999786376953,1485.010009765625,958.5599975585938,3.0,5.527005518117597,1.0986122886681098,6.865432155788663,4.47152447670132,7.303176791796995,-0.23659011405761365
2007-12-12,265.27,94.38999938964844,1486.5899658203125,961.0399780273438,2.81,5.580748175217117,1.0331844833456545,6.868016008549705,4.547435128870579,7.304240162517514,-0.23545076468206982
2007-12-19,272.28,91.23999786376953,1453.0,927.1599731445312,2.85,5.60683094857975,1.0473189942805592,6.832126121491175,4.513493374002876,7.2813856635702825,-0.24029465765206837
2007-12-26,297.05,95.97000122070312,1497.6600341796875,959.530029296875,3.24,5.69390047480175,1.1755733298042381,6.866443611776024,4.564035655349168,7.311659191845408,-0.24710131461011464
2008-01-02,286.03,99.62000274658203,1447.1600341796875,922.4500122070312,3.18,5.656096700423641,1.1568811967920856,6.8270331871370455,4.601362975215726,7.277358317737685,-0.2399167674127547
2008-01-09,260.23,95.66999816894531,1409.1300048828125,880.0599975585938,3.14,5.561565855358551,1.144222799920162,6.779990084192024,4.560904750550798,7.250727775124776,-0.25078442540736745
2008-01-16,233.92,90.83999633789062,1373.199951171875,864.22998046875,3.06,5.454979176561413,1.1184149159642893,6.761838914482243,4.509099676923515,7.224899026025624,-0.23384932200751063
2008-01-23,219.07,86.98999786376953,1338.5999755859375,825.3300170898438,2.16,5.389391313447408,0.7701082216960737,6.715783327062687,4.465793144962253,7.199379552428037,-0.24523876214978824
2008-01-30,224.72,92.33000183105469,1355.81005859375,847.2899780273438,2.16,5.414855182795988,0.7701082216960737,6.7420429950067,4.525369135616169,7.212154383905582,-0.23633267274843295
2008-02-06,214.24,87.13999938964844,1326.449951171875,832.77001953125,2.05,5.367096881942863,0.7178397931503168,6.724757517050512,4.4675160136850325,7.190261442878722,-0.2238783555216317
2008-02-13,235.71,93.2699966430664,1367.2099609375,867.9000244140625,2.22,5.46260223585584,0.7975071958841882,6.76607652878024,4.535498476747203,7.220527417422515,-0.22367322989983318
2008-02-20,223.87,100.73999786376953,1360.030029296875,854.25,2.2,5.41106552623979,0.7884573603642703,6.750223890995401,4.612542919112119,7.215262058851679,-0.23237330260584077
2008-02-27,221.13,99.63999938964844,1380.02001953125,871.2000122070312,1.94,5.398750763869307,0.6626879730752367,6.7698715856304945,4.601563684268412,7.229853284952729,-0.23254661215568095
2008-03-05,214.27,104.5199966430664,1333.699951171875,846.010009765625,1.5,5.3672369020126345,0.4054651081081644,6.740531191410488,4.649378408534791,7.195712277017322,-0.21550919984461991
2008-03-12,203.73,109.91999816894531,1308.77001953125,834.4600219726562,1.45,5.31679558779381,0.371563556432483,6.726784835390711,4.699752811815973,7.176843058748747,-0.2036232442493402
2008-03-19,192.53,104.4800033569336,1298.4200439453125,818.75,0.6,5.260251985741244,-0.5108256237659907,6.707778786949461,4.648995697658036,7.168903453500597,-0.21184397912197994
2008-03-26,207.12,105.9000015258789,1341.1300048828125,851.6099853515625,1.27,5.333298335443282,0.23901690047049992,6.747128658351666,4.662495267016038,7.201267824804034,-0.2164584966344263
2008-04-02,216.6,104.83000183105469,1367.530029296875,863.8099975585938,1.39,5.37805233456689,0.3293037471426003,6.761352834387146,4.652340007931377,7.220761493321488,-0.22871489752841878
2008-04-09,216.0,110.87000274658203,1354.489990234375,858.510009765625,1.29,5.375278407684165,0.25464221837358075,6.755198339868422,4.708358368557255,7.211180271489999,-0.22185407471167462
2008-04-16,226.51,114.93000030517578,1364.7099609375,861.989990234375,1.11,5.422789094058876,0.10436001532424286,6.759243658339165,4.744323250035986,7.218697202211715,-0.22801990054512888
2008-04-23,222.79,118.30000305175781,1379.9300537109375,874.5999755859375,1.24,5.4062296237424325,0.2151113796169455,6.773766611064273,4.77322379678111,7.229788091149974,-0.22856302619735835
2008-04-30,216.93,113.45999908447266,1385.5899658203125,881.0599975585938,1.41,5.37957472085497,0.34358970439007686,6.781125725272979,4.731450343829257,7.233881296024092,-0.22676420077986315
2008-05-07,216.33,123.52999877929688,1392.5699462890625,889.7100219726562,1.64,5.376805019596778,0.494696241836107,6.790895591627715,4.816484031666887,7.23890620126815,-0.2238202630469992
2008-05-14,232.0,124.22000122070312,1408.6600341796875,915.75,1.79,5.44673737166631,0.5822156198526637,6.819743401658924,4.822054196958102,7.250394201152999,-0.2105779745954841
2008-05-21,232.19,133.1699981689453,1390.7099609375,908.4000244140625,1.83,5.447556002014275,0.6043159668533296,6.811684837107298,4.8916264937643,7.237569658993968,-0.20121543265176722
2008-05-28,233.78,131.02999877929688,1390.8399658203125,925.219970703125,1.86,5.454380502179625,0.62057648772511,6.830031515406562,4.875426295300283,7.237663135570935,-0.18299573474540587
2008-06-04,226.31,122.30000305175781,1377.199951171875,930.4099731445312,1.81,5.421905740792655,0.5933268452777344,6.835625320347919,4.806477067646175,7.227807696009732,-0.16401410979261755
2008-06-11,217.2,136.3800048828125,1335.489990234375,888.760009765625,1.92,5.38081858805978,0.6523251860396901,6.789827243800159,4.915445142895502,7.197053537377318,-0.16803514150976273
2008-06-18,227.32,136.67999267578125,1337.81005859375,896.4099731445312,1.89,5.426358716428921,0.636576829071551,6.7983978676396815,4.917642373660473,7.198789271413517,-0.16182237240823039
2008-06-25,220.01,134.5500030517578,1321.969970703125,893.5,1.78,5.39367299986479,0.5766133643039938,6.795146334599483,4.9019358998541325,7.186878305103055,-0.14889381808282387
2008-07-02,189.15,143.57000732421875,1261.52001953125,853.3699951171875,1.79,5.242540351079039,0.5822156198526637,6.749193210910568,4.9668227721545675,7.140072637579646,-0.1312652163269279
2008-07-09,182.94,136.0500030517578,1244.68994140625,851.1199951171875,1.79,5.209158230228218,0.5822156198526637,6.746553123471185,4.913022487660404,7.12664173483525,-0.11566050530588878
2008-07-16,197.26,134.60000610351562,1245.3599853515625,864.1599731445312,1.35,5.284522655525848,0.30010459245033816,6.761757905767617,4.902307462556211,7.1271799119651815,-0.10118679324788182
2008-07-23,200.34,124.44000244140625,1282.18994140625,884.5700073242188,1.56,5.300015923183619,0.44468582126144574,6.785101659505842,4.82382369164858,7.156324786729257,-0.11743400195979259
2008-07-30,199.99,126.7699966430664,1284.260009765625,885.1099853515625,1.67,5.2982673652979955,0.5128236264286637,6.785711914519558,4.84237439447013,7.157937963567051,-0.11901511761167427
2008-08-06,191.22,118.58000183105469,1289.18994140625,898.1599731445312,1.61,5.2534245976573,0.4762341789963717,6.800348196249984,4.775587853720735,7.161769347712777,-0.10958346232323546
2008-08-13,199.31,116.0,1285.8299560546875,920.4299926757812,1.82,5.2948614015746465,0.598836501088704,6.824840944196753,4.7535901911063645,7.159159669036674,-0.0815456763102933
2008-08-20,199.28,114.9800033569336,1274.5400390625,909.6799926757812,1.68,5.294710870953925,0.5187937934151675,6.813092881265044,4.744758229390949,7.150340638828794,-0.08131379777259617
2008-08-27,200.08,118.1500015258789,1281.6600341796875,905.989990234375,1.64,5.298717286569364,0.494696241836107,6.809028257675517,4.771955016547677,7.155911418365934,-0.09294587619794559
2008-09-03,189.53,109.3499984741211,1274.97998046875,884.3499755859375,1.67,5.2445473233382085,0.5128236264286637,6.784852884274015,4.694553733168695,7.150685755876118,-0.11002260844603384
2008-09-10,167.1,102.58000183105469,1232.0400390625,847.02001953125,1.62,5.118592435601348,0.4824261492442928,6.7417243301829455,4.630642999811139,7.116426642804418,-0.10661291970106035
2008-09-17,155.27,97.16000366210938,1156.3900146484375,790.3499755859375,0.03,5.045165536993078,-3.506557897319982,6.672475854433213,4.576359141825504,7.053058375245379,-0.08978071328047577
2008-09-24,166.44,105.7300033569336,1185.8699951171875,804.260009765625,0.5,5.11463488411474,-0.6931471805599453,6.689922612128877,4.660888706494492,7.078231957290674,-0.10653023707712883
2008-10-01,151.89,98.52999877929688,1161.06005859375,772.0,0.84,5.023156574649928,-0.1743533871447778,6.648984550024776,4.590361057945231,7.057088710414848,-0.11874690305546665
2008-10-08,107.76,88.94999694824219,984.9400024414062,656.3800048828125,0.67,4.679906532102109,-0.40047756659712525,6.486739896964661,4.488074379803155,6.892580728089926,-0.05752072621166704
2008-10-15,101.0,74.54000091552734,907.8400268554688,612.25,0.22,4.61512051684126,-1.5141277326297755,6.417140695832277,4.3113359063334755,6.811068181202206,-0.016391704657552353
2008-10-22,100.08,66.75,896.780029296875,603.9299926757812,1.03,4.605969866158656,0.02955880224154443,6.403458285051251,4.200954297280359,6.79881060266173,-0.013423183305436126
2008-10-29,92.21,67.5,930.0900268554688,621.02001953125,0.61,4.52406858455105,-0.4942963218147801,6.43136331898431,4.212127597878484,6.835281384532583,-0.035060765947823924
2008-11-05,102.97,65.30000305175781,952.77001953125,640.4199829101562,0.39,4.63443768366866,-0.941608539858445,6.462124184430479,4.178992083016807,6.8593735518987335,-0.037027167345545564
2008-11-12,81.36,56.15999984741211,852.2999877929688,575.3800048828125,0.18,4.398883751740304,-1.7147984280919266,6.35503070057068,4.028204757000535,6.7479385632057935,0.007254796062371227
2008-11-19,72.3,53.619998931884766,806.5800170898438,541.2000122070312,0.07,4.280824129164719,-2.659260036932778,6.2937889188521225,3.9819221128877227,6.692803107882249,0.020910084894147474
2008-11-26,86.47,54.439998626708984,887.6799926757812,586.969970703125,0.05,4.459797532972339,-2.995732273553991,6.37497366128464,3.9970991525574933,6.788611309435445,-0.02805288958111518
2008-12-03,82.86,46.790000915527344,870.739990234375,581.27001953125,0.02,4.417152436649256,-3.912023005428146,6.365215398512748,3.8456695244448555,6.769343413612279,-0.011637269424940477
2008-12-10,86.6,43.52000045776367,899.239990234375,603.3099975585938,0.0,4.461299815568389,-9.210340371976182,6.402431156764067,3.7732206130661536,6.801549951275944,-0.018171495814582883
2008-12-17,89.63,40.060001373291016,904.4199829101562,609.27001953125,0.05,4.4956900853692705,-2.995732273553991,6.412261551269933,3.6903783645185255,6.807293835372187,-0.016143704730866126
2008-12-24,86.42,35.349998474121094,868.1500244140625,589.5,0.0,4.459219130503787,-9.210340371976182,6.379274719977426,3.5652983491776897,6.766364538912087,0.006468613136796364
2008-12-31,86.36,44.599998474121094,903.25,610.4600219726562,0.11,4.458524605646606,-2.2072749131897207,6.41421280733231,3.7977338248134864,6.80599937002775,-0.012434021869283995
2009-01-07,89.38,42.630001068115234,906.6500244140625,625.6799926757812,0.11,4.492896943505305,-2.2072749131897207,6.438839046587342,3.7525582558326014,6.809756515027804,0.007088438837341116
2009-01-14,79.47,37.279998779296875,842.6199951171875,593.8499755859375,0.12,4.375379591952088,-2.120263536200091,6.386626721108751,3.6184569570732075,6.73651607952349,0.05436733970147145
2009-01-21,79.59,43.54999923706055,840.239990234375,604.9500122070312,0.11,4.376888456817758,-2.2072749131897207,6.405145830166066,3.77390968577981,6.733687553692096,0.07672877304003389
2009-01-28,82.75,42.15999984741211,874.0900268554688,626.9099731445312,0.19,4.415824014257172,-1.6607312068216509,6.440802946822278,3.7414719006138495,6.773183375906283,0.05873399971981197
2009-02-04,80.78,40.31999969482422,832.22998046875,616.219970703125,0.3,4.391729410135267,-1.2039728043259361,6.42360399508745,3.6968476161942694,6.724108821457194,0.10819887338065559
2009-02-11,80.22,35.939998626708984,833.739990234375,620.3599853515625,0.3,4.384772860341907,-1.2039728043259361,6.4302999310784505,3.581850843144755,6.725921591441872,0.11243230750897748
2009-02-18,74.71,34.619998931884766,788.4199829101562,603.6699829101562,0.31,4.31361395198771,-1.171182981502945,6.403027662701302,3.544431518895514,6.6700309211143285,0.16108300837299971
2009-02-25,69.0,42.5,764.9000244140625,581.4299926757812,0.3,4.23410650459726,-1.2039728043259361,6.365490573783861,3.7495040759303713,6.639745138245799,0.16468671357552012
2009-03-04,63.73,45.380001068115234,712.8699951171875,551.6599731445312,0.26,4.154655409326203,-1.3470736479666092,6.312931865796692,3.8150715028888316,6.569299068750234,0.20782331101462148
2009-03-11,65.02,42.33000183105469,721.3599853515625,555.3800048828125,0.23,4.174694914875759,-1.4696759700589417,6.319652572933338,3.7454960977894975,6.581138298884956,0.19846137859640223
2009-03-18,70.34,48.13999938964844,794.3499755859375,598.7899780273438,0.21,4.253340627045836,-1.5606477482646683,6.394910915644129,3.874113419676248,6.677524139431391,0.14278732840144848
2009-03-25,74.26,52.77000045776367,813.8800048828125,609.030029296875,0.19,4.307572448748934,-1.6607312068216509,6.41186757568451,3.965942856092272,6.701812940987128,0.1267496099057679
2009-04-01,79.88,48.38999938964844,811.0800170898438,618.6099853515625,0.22,4.380525508547614,-1.5141277326297755,6.427475001975787,3.8792931681920515,6.698366713970741,0.14703845773358903
2009-04-08,81.47,49.380001068115234,825.1599731445312,638.5999755859375,0.18,4.400234854322551,-1.7147984280919266,6.459278242050079,3.8995455055475565,6.715577274379036,0.1554625391603892
2009-04-15,85.9,49.25,852.0599975585938,645.25,0.15,4.45318382899021,-1.8971199848858813,6.469637838598723,3.8969093676180977,6.7476569440196785,0.1222444910481304
2009-04-22,85.77,48.849998474121094,843.5499877929688,652.1900024414062,0.14,4.45166929500233,-1.9661128563728327,6.480335934261044,3.888754347252785,6.737619162580961,0.14657810346047562
2009-04-29,88.45,50.970001220703125,873.6400146484375,673.9500122070312,0.11,4.482437420605795,-2.2072749131897207,6.513155942296945,3.9312372483013935,6.772668408255343,0.1317865372270477
2009-05-06,99.49,56.34000015258789,919.530029296875,690.25,0.19,4.600057136601269,-1.6607312068216509,6.537053850810264,4.031404765156567,6.823862701800257,0.0861411256950797
2009-05-13,87.55,58.02000045776367,883.9199829101562,661.9099731445312,0.17,4.472210058731861,-1.7719568419318752,6.495129554460422,4.060787786583014,6.784366541470767,0.09786917862404909
2009-05-20,96.17,62.040000915527344,903.469970703125,691.3699951171875,0.18,4.56611745872439,-1.7147984280919266,6.538675129260888,4.127779353065387,6.8062428728480855,0.11169752111121234
2009-05-27,97.46,63.45000076293945,893.0599975585938,696.72998046875,0.17,4.57944203741536,-1.7719568419318752,6.546397933216936,4.150252206184659,6.794653765135369,0.13516319347890704
2009-06-03,103.33,66.12000274658203,931.760009765625,724.1199951171875,0.14,4.637927750226264,-1.9661128563728327,6.584957117764644,4.191471314492175,6.837075281275234,0.11609616874739626
2009-06-10,112.53,71.33000183105469,939.1500244140625,729.1099853515625,0.18,4.723219852761906,-1.7147984280919266,6.591824592167186,4.267317021960137,6.844975236855342,0.11223219045845756
2009-06-17,102.53,71.02999877929688,910.7100219726562,715.5900268554688,0.17,4.630155438682,-1.7719568419318752,6.573107414778739,4.2631023058239785,6.814224539204839,0.13528735643575285
2009-06-24,100.75,68.66999816894531,900.9400024414062,704.0999755859375,0.19,4.612642200826793,-1.6607312068216509,6.556920356850946,4.229312395968034,6.803438665425985,0.13375203838425787
2009-07-01,101.84,69.30999755859375,923.3300170898438,722.0999755859375,0.17,4.623402954249151,-1.7719568419318752,6.582163599647327,4.238589160705448,6.827986718907377,0.1256487298067519
2009-07-08,90.65,60.13999938964844,879.5599975585938,688.5,0.18,4.50700593720086,-1.7147984280919266,6.53451531816871,4.096675167411537,6.779421779654856,0.14397200256894038
2009-07-15,97.21,61.540000915527344,932.6799926757812,733.8800048828125,0.18,4.576873586832978,-1.7147984280919266,6.59834553416394,4.1196873847708435,6.838062154527918,0.12814399740334537
2009-07-22,100.32,65.4000015258789,954.0700073242188,761.1799926757812,0.19,4.608365076884611,-1.6607312068216509,6.6348698511508974,4.180522281794635,6.860737051695323,0.13386629483858492
2009-07-29,105.0,63.349998474121094,975.1500244140625,776.1300048828125,0.19,4.653960350157523,-1.6607312068216509,6.6543200382167695,4.148674882680662,6.882591330354799,0.12362920643025976
2009-08-05,107.99,71.97000122070312,1002.719970703125,777.8900146484375,0.18,4.682038630244668,-1.7147984280919266,6.656585144838322,4.27624938248099,6.910471557258961,0.08802127275230376
2009-08-12,104.87,70.16000366210938,1005.8099975585938,783.9199829101562,0.17,4.652721487846314,-1.7719568419318752,6.664306952527068,4.250778400260468,6.913548463595596,0.09156335127005821
2009-08-19,100.68,72.41999816894531,996.4600219726562,774.219970703125,0.17,4.611947170267115,-1.7719568419318752,6.651856033087431,4.282482479053669,6.904209020406193,0.09179931237494099
2009-08-26,100.95,71.43000030517578,1028.1199951171875,788.4400024414062,0.15,4.614625344758847,-1.8971199848858813,6.670056312755231,4.268717953439257,6.9354871659707635,0.06751075321324063
2009-09-02,96.35,68.05000305175781,994.75,769.219970703125,0.14,4.567987394860375,-1.9661128563728327,6.645376976330174,4.220242773943291,6.902491449307038,0.08765343747015475
2009-09-09,105.27,71.30999755859375,1033.3699951171875,803.8599853515625,0.14,4.656528478263233,-1.9661128563728327,6.689425106440834,4.267036535803691,6.9405805803214236,0.07996055417946035
2009-09-16,111.85,72.51000213623047,1068.760009765625,826.6599731445312,0.1,4.717158687936139,-2.3025850929940455,6.717393453455554,4.283724512844685,6.974254386069684,0.06218575116439151
2009-09-23,112.12,68.97000122070312,1060.8699951171875,827.469970703125,0.11,4.719569726296587,-2.2072749131897207,6.718372817412236,4.233671645142245,6.966844600585476,0.07323071125911085
2009-09-30,109.09,70.61000061035156,1057.0799560546875,825.9299926757812,0.14,4.692173229609665,-1.9661128563728327,6.7165100152992965,4.257171786172237,6.963265627337342,0.07622965573537055
2009-10-07,107.59,69.56999969482422,1057.5799560546875,818.3400268554688,0.09,4.678327706605818,-2.4079456086518722,6.707277930983844,4.242333435548949,6.963738516624602,0.06635518945168073
2009-10-14,111.86,75.18000030517578,1092.02001953125,841.969970703125,0.07,4.717248089393442,-2.659260036932778,6.7357443493582725,4.3198852421953005,6.99578448904088,0.05128973812753479
2009-10-21,109.61,81.37000274658203,1081.4000244140625,824.9400024414062,0.07,4.696928611227632,-2.659260036932778,6.715310659376693,4.3990066884628,6.986011799524252,0.044131458893873265
2009-10-28,97.84,77.45999908447266,1042.6300048828125,790.219970703125,0.07,4.583333491378917,-2.659260036932778,6.672311350630758,4.34976166226725,6.949501650821505,0.05072824339041215
2009-11-04,97.12,80.4000015258789,1046.5,792.2100219726562,0.05,4.575947327311188,-2.995732273553991,6.674826535919025,4.3870141951635135,6.953206541886054,0.04821063288848304
2009-11-11,101.86,79.27999877929688,1098.510009765625,832.3499755859375,0.07,4.623599321456458,-2.659260036932778,6.724252996108533,4.3729858746243675,7.001710003995825,0.03174905057878252
2009-11-18,104.3,79.58000183105469,1109.800048828125,838.6199951171875,0.04,4.647271362006727,-3.2188758248682006,6.731757677902433,4.376762828007763,7.011935141889029,0.025363706985567447
2009-11-25,102.55,77.95999908447266,1110.6300048828125,838.260009765625,0.05,4.63035048451839,-2.995732273553991,6.731328326540327,4.356195862895808,7.012682705264829,0.023918851052590284
2009-12-02,105.43,76.5999984741211,1109.239990234375,838.5700073242188,0.05,4.6580472255888585,-2.995732273553991,6.731698068922042,4.338597056826456,7.011430366314201,0.025989794924121234
2009-12-09,107.2,70.66999816894531,1095.949951171875,840.969970703125,0.03,4.674696248636701,-3.506557897319982,6.734555952680426,4.258021128792834,6.999376801476118,0.045221474650332105
2009-12-16,109.2,72.66000366210938,1109.1800537109375,851.780029296875,0.04,4.693181063310805,-3.2188758248682006,6.747328311918277,4.285791077193679,7.011376330989723,0.04169344055185498
2009-12-23,112.61,76.66999816894531,1120.5899658203125,871.4600219726562,0.07,4.723930521708934,-2.659260036932778,6.770169991243127,4.339510473688519,7.02161058079903,0.05063271668624569
2009-12-30,111.95,79.27999877929688,1126.4200439453125,881.6799926757812,0.05,4.718052343044764,-2.995732273553991,6.781829170076169,4.3729858746243675,7.026799779941221,0.055242786883625605
2010-01-06,117.7,83.18000030517578,1137.1400146484375,880.6900024414062,0.06,4.768139014266231,-2.8134107167600364,6.780705693914809,4.421006937983626,7.036271630098969,0.04125256598706706
2010-01-13,115.4,79.6500015258789,1145.6800537109375,885.3200073242188,0.06,4.748404354073999,-2.8134107167600364,6.785949169846806,4.377642055513357,7.04375367305172,0.03633228983604564
2010-01-20,108.71,77.62000274658203,1138.0400390625,880.7999877929688,0.05,4.6886837862159085,-2.995732273553991,6.780830571549443,4.351825161325738,7.037062797777801,0.040302706120923126
2010-01-27,100.72,73.66999816894531,1097.5,857.5399780273438,0.08,4.612344389736092,-2.5257286443082556,6.754067799559573,4.299595635839901,7.000790144949327,0.06281340837734106
2010-02-03,99.75,76.9800033569336,1097.280029296875,846.4000244140625,0.1,4.602667055769973,-2.3025850929940455,6.740992089948627,4.343545691463466,7.0005896959740985,0.050009992537278336
2010-02-10,93.91,74.5199966430664,1068.1300048828125,830.3200073242188,0.11,4.542336876816522,-2.2072749131897207,6.721811177477993,4.311067500685969,6.973664739530323,0.06740446246804677
2010-02-17,99.4,77.33000183105469,1099.510009765625,859.1699829101562,0.1,4.599152113662528,-2.3025850929940455,6.755966787052789,4.348082002299396,7.002619913878455,0.062226802312445706
2010-02-24,95.27,80.0,1105.239990234375,869.1199951171875,0.12,4.556714965718688,-2.120263536200091,6.767481199872111,4.382026634673881,7.007817776102913,0.06668033839733933
2010-03-03,98.01,80.87000274658203,1118.7900390625,889.0499877929688,0.14,4.585069514281089,-1.9661128563728327,6.790153463171535,4.3928429610706585,7.020003058054796,0.07279987865003612
2010-03-10,100.36,82.08999633789062,1145.6099853515625,916.3200073242188,0.15,4.608763721498222,-1.8971199848858813,6.820365656638627,4.407816161749267,7.04369251243198,0.07083185839847594
2010-03-17,101.42,82.93000030517578,1166.2099609375,927.8699951171875,0.15,4.619270310366873,-1.8971199848858813,6.8328916315039265,4.417996882143033,7.061514420114552,0.05914820863638681
2010-03-24,99.55,80.61000061035156,1167.719970703125,928.8300170898438,0.14,4.6006600305102054,-1.9661128563728327,6.833925748002982,4.38962271886717,7.062808383532942,0.05842458016230356
2010-03-31,100.36,83.76000213623047,1169.4300537109375,925.8599853515625,0.16,4.608763721498222,-1.8325814637483102,6.83072301948973,4.427955592066465,7.064271775523298,0.05323395162172062
2010-04-07,102.6,85.87999725341797,1182.449951171875,937.27001953125,0.17,4.630837932736669,-1.7719568419318752,6.842971415250533,4.452950941028954,7.075343794879997,0.050441901810303946
2010-04-14,104.35,85.83999633789062,1210.6500244140625,961.2000122070312,0.16,4.647750633523209,-1.8325814637483102,6.868182516562096,4.452485055660404,7.098912704604569,0.0436365395944156
2010-04-21,103.61,83.68000030517578,1205.93994140625,962.8400268554688,0.15,4.640633850263661,-1.8971199848858813,6.869887278430173,4.427000003963551,7.095014576218098,0.05063659457402103
2010-04-28,101.9,83.22000122070312,1191.3599853515625,950.77001953125,0.16,4.623991940228679,-1.8325814637483102,6.857272203153866,4.421487718223181,7.082850778388793,0.05454505789616082
2010-05-05,97.11,79.97000122070312,1165.8699951171875,921.1900024414062,0.15,4.575844356606263,-1.8971199848858813,6.825666315131892,4.381651579608311,7.06122286422528,0.05231894743212173
2010-05-12,98.37,75.6500015258789,1171.6700439453125,934.3300170898438,0.16,4.588735879524666,-1.8325814637483102,6.839829713175193,4.326117460404608,7.066185398029383,0.059741143425791954
2010-05-19,89.23,69.87000274658203,1115.050048828125,897.6400146484375,0.17,4.49121730591206,-1.7719568419318752,6.799769113374209,4.246636411874249,7.016654569728202,0.08696418025972363
2010-05-26,85.08,71.51000213623047,1067.949951171875,864.0800170898438,0.17,4.4435919903320364,-1.7719568419318752,6.761665376888299,4.269837329933475,6.9734961562234545,0.10748766870806037
2010-06-02,88.87,72.86000061035156,1098.3800048828125,891.5999755859375,0.16,4.487174627750384,-1.8325814637483102,6.793017574129409,4.288539799957464,7.001591650430469,0.10067440237548642
2010-06-09,82.02,74.37999725341797,1055.68994140625,852.7899780273438,0.1,4.406963119963913,-2.3025850929940455,6.748513301498417,4.3091870515705715,6.961949805059996,0.11002038040506701
2010-06-16,91.51,77.66999816894531,1114.6099853515625,909.489990234375,0.1,4.516448255927287,-2.3025850929940455,6.812883992108031,4.352469058856756,7.016259833781439,0.10061527595012976
2010-06-23,89.33,76.3499984741211,1092.0400390625,898.5499877929688,0.13,4.492337377713747,-2.0402208285265546,6.800782339392776,4.335328011679325,6.995802821440826,0.11630282507483347
2010-06-30,83.79,75.62999725341797,1030.7099609375,846.510009765625,0.18,4.428313668625195,-1.7147984280919266,6.741122026388835,4.325852993551899,6.938003126241222,0.13515873767833497
2010-07-07,87.98,74.06999969482422,1060.27001953125,870.260009765625,0.16,4.477109515920573,-1.8325814637483102,6.768792028797907,4.305010587905098,6.966278890073397,0.1244183947628672
2010-07-14,91.86,77.04000091552734,1095.1700439453125,901.6300048828125,0.15,4.520265678897648,-1.8971199848858813,6.80420424176677,4.344324779373662,6.998664921468418,0.11583679532909041
2010-07-21,89.83,76.55999755859375,1069.5899658203125,874.47998046875,0.16,4.497918995241116,-1.8325814637483102,6.7736294016508785,4.338074715255902,6.9750306444986965,0.11736721487270341
2010-07-28,93.97,76.98999786376953,1106.1300048828125,905.1300048828125,0.15,4.542975582394973,-1.8971199848858813,6.808078585187206,4.343675515543102,7.008622720276397,0.10618427195445523
2010-08-04,94.39,82.47000122070312,1127.239990234375,921.52001953125,0.16,4.547435135336853,-1.8325814637483102,6.826024501812853,4.412434605647048,7.027527437451943,0.0984496545621596
2010-08-11,89.35,78.0199966430664,1089.469970703125,882.0,0.15,4.492561241605437,-1.8971199848858813,6.782192056006791,4.3569651610519315,6.993446591547848,0.10091329001842286
2010-08-18,91.01,75.41999816894531,1094.1600341796875,886.7100219726562,0.16,4.510969390589264,-1.8325814637483102,6.78751800887386,4.323072467552105,6.997742255811585,0.1004039293375456
2010-08-25,85.58,72.5199966430664,1055.3299560546875,870.0399780273438,0.16,4.449451610988671,-1.8325814637483102,6.768539162348447,4.283862339596887,6.961608751566862,0.1305095349267793
2010-09-01,89.8,73.91000366210938,1080.2900390625,887.9299926757812,0.13,4.497584975308154,-2.0402208285265546,6.788892902807541,4.30284818634502,6.98498483875141,0.1191087457319906
2010-09-08,92.17,74.66999816894531,1098.8699951171875,908.3200073242188,0.14,4.523634698005573,-1.9661128563728327,6.811596747485894,4.313078380525651,7.002037653609441,0.11864771637404825
2010-09-15,93.08,76.0199966430664,1125.0699462890625,934.9199829101562,0.15,4.533459338434091,-1.8971199848858813,6.840460945851295,4.330996419402544,7.025600487184934,0.1155037051706076
2010-09-22,93.92,74.70999908447266,1134.280029296875,944.5800170898438,0.16,4.5424433560797866,-1.8325814637483102,6.850740402347125,4.313613939733295,7.033753393218412,0.11470809617915023
2010-09-29,99.09,77.86000061035156,1144.72998046875,969.4600219726562,0.16,4.596028528070808,-1.8325814637483102,6.876739238115788,4.3549123500214,7.042924063259149,0.12824931611777668
2010-10-06,99.49,83.2300033569336,1159.969970703125,961.8699951171875,0.13,4.600057136601269,-2.0402208285265546,6.868879301322622,4.421607900091219,7.056149396440436,0.10242383054084137
2010-10-13,104.88,83.01000213623047,1178.0999755859375,986.0599975585938,0.13,4.652816839455444,-2.0402208285265546,6.893717202202289,4.41896110820156,7.071658229528822,0.10619423212884627
2010-10-20,101.59,81.7699966430664,1178.1700439453125,985.1400146484375,0.14,4.620945105103454,-1.9661128563728327,6.892783777921388,4.403910387120521,7.071717703493023,0.10518001726289317
2010-10-27,103.37,81.94000244140625,1182.449951171875,1018.239990234375,0.14,4.638314784580394,-1.9661128563728327,6.925830916118676,4.405987301913773,7.075343794879997,0.13330140267844737
2010-11-03,102.9,84.69000244140625,1197.9599609375,1033.81005859375,0.13,4.633757642840004,-2.0402208285265546,6.941006342443518,4.438997559761069,7.088375356528817,0.13077450322280537
2010-11-10,105.53,87.80999755859375,1218.7099609375,1048.7900390625,0.13,4.658995272682999,-2.0402208285265546,6.955392434943004,4.475175361568621,7.105548169208297,0.1218327143208402
2010-11-17,96.78,80.44000244140625,1178.5899658203125,1005.0399780273438,0.14,4.572440361365173,-1.9661128563728327,6.912782598833693,4.3875115952551,7.072074058724532,0.12469475832569632
2010-11-24,101.05,83.86000061035156,1198.3499755859375,1053.6800537109375,0.16,4.61561544384963,-1.8325814637483102,6.96004412866541,4.429148749020837,7.0887008692230955,0.14937010669522355
2010-12-01,99.43,86.75,1206.0699462890625,1057.06005859375,0.16,4.599453878991982,-1.8325814637483102,6.963246804117687,4.4630304188269685,7.09512237418659,0.14384968541296228
2010-12-08,103.97,88.27999877929688,1228.280029296875,1080.6400146484375,0.15,4.644102395989878,-1.8971199848858813,6.985308750752538,4.480513567560906,7.113370119597335,0.1411235412014955
2010-12-15,103.33,88.62000274658203,1235.22998046875,1077.1099853515625,0.14,4.637927750226264,-1.9661128563728327,6.982036793902893,4.484357596764144,7.1190124507285075,0.13018693244465318
2010-12-22,106.01,90.4800033569336,1258.8399658203125,1094.3199462890625,0.14,4.663533429285006,-1.9661128563728327,6.997888395699623,4.505128868909252,7.137945913828546,0.12031895120276825
2010-12-29,105.58,91.12000274658203,1259.780029296875,1090.77001953125,0.13,4.65946895939547,-2.0402208285265546,6.99463916574888,4.512177349281398,7.13869240478156,0.11605567348104184
2011-01-05,108.44,90.30000305175781,1276.56005859375,1107.2099609375,0.14,4.686197024630465,-1.9661128563728327,7.009598581334407,4.503137494218707,7.151924285001893,0.11304064665813307
2011-01-12,111.6,91.86000061035156,1285.9599609375,1125.550048828125,0.15,4.71492104994721,-1.8971199848858813,7.026027127441741,4.5202656855420145,7.159260769738612,0.11950316978274333
2011-01-19,108.87,90.86000061035156,1281.9200439453125,1127.8499755859375,0.16,4.690154509893088,-1.8325814637483102,7.028068422845594,4.5093198670487515,7.1561142673182525,0.12581873502587726
2011-01-26,108.13,87.33000183105469,1296.6300048828125,1120.9000244140625,0.16,4.683334206957445,-1.8325814637483102,7.021887234807817,4.469694067392717,7.167523873675373,0.10413851669504837
2011-02-02,110.9,90.86000061035156,1304.030029296875,1133.43994140625,0.16,4.7086288943563215,-1.8325814637483102,7.0330124834589105,4.5093198670487515,7.173214770823342,0.10753314042094875
2011-02-09,110.05,86.70999908447266,1320.8800048828125,1160.97998046875,0.14,4.70093480797247,-1.9661128563728327,7.057019738197587,4.462569206830572,7.186053463820213,0.11410006589204258
2011-02-16,113.91,84.98999786376953,1336.3199462890625,1179.199951171875,0.12,4.735408662911821,-2.120263536200091,7.072591480027231,4.442533577375454,7.197674806180939,0.11388515113976183
2011-02-23,107.26,98.0999984741211,1307.4000244140625,1124.8399658203125,0.12,4.675255793554779,-2.120263536200091,7.025396051915492,4.585987351016996,7.17579572985238,0.09641068413626197
2011-03-02,106.76,102.2300033569336,1308.43994140625,1139.449951171875,0.13,4.670583324536324,-2.0402208285265546,7.038300925976416,4.627225209605991,7.1765908221061565,0.10823548947778061
2011-03-09,104.53,104.37999725341797,1320.02001953125,1139.989990234375,0.1,4.649474111544616,-2.3025850929940455,7.03877476085383,4.648038059901969,7.185402181776962,0.09673980269193905
2011-03-16,101.47,97.9800033569336,1256.8800048828125,1083.989990234375,0.1,4.6197631882909915,-2.3025850929940455,6.988403947855827,4.584763410471845,7.136387742524209,0.1129511534424017
2011-03-23,103.97,105.75,1297.5400390625,1112.1099853515625,0.09,4.644102395989878,-2.4079456086518722,7.014014377609739,4.661077817926388,7.1682254731862765,0.09531259313054896
2011-03-30,108.69,104.2699966430664,1328.260009765625,1152.199951171875,0.1,4.688499793575096,-2.3025850929940455,7.049428394920114,4.646983656606876,7.1916251013580865,0.0989401022539278
2011-04-06,107.24,108.83000183105469,1335.5400390625,1154.489990234375,0.06,4.675069313367758,-2.8134107167600364,7.051413958539878,4.689787048532878,7.197091012679042,0.09350066605415375
2011-04-13,101.93,107.11000061035156,1314.4100341796875,1147.3499755859375,0.06,4.624286303180321,-2.8134107167600364,7.045210193157332,4.6738563494749,7.181143200732026,0.10896071734836976
2011-04-20,101.87,111.44999694824219,1330.3599853515625,1174.22998046875,0.06,4.623697490601975,-2.8134107167600364,7.068367875980636,4.7135760324495735,7.19320485027032,0.11573362179047209
2011-04-27,103.31,112.76000213623047,1355.6600341796875,1200.719970703125,0.06,4.637734176861354,-2.8134107167600364,7.090676631448636,4.725261685190843,7.212043724809901,0.11245128515267311
2011-05-04,99.17,109.23999786376953,1347.3199462890625,1175.3800048828125,0.03,4.596835549198034,-3.506557897319982,7.069346782703936,4.693547277050117,7.205872673290426,0.09950431233257806
2011-05-11,98.28,98.20999908447266,1342.0799560546875,1189.3199462890625,0.03,4.587820547652979,-3.506557897319982,7.081136949045568,4.587108033847543,7.201975895529317,0.11658793707008464
2011-05-18,96.77,100.0999984741211,1340.6800537109375,1184.469970703125,0.05,4.572337028892851,-2.995732273553991,7.077050671401684,4.606169671077629,7.200932266978337,0.1139193446661686
2011-05-25,93.19,101.31999969482422,1320.469970703125,1163.9300537109375,0.06,4.534640419797564,-2.8134107167600364,7.059557535172201,4.618283822121475,7.18574299062524,0.1170596156689383
2011-06-01,93.67,100.29000091552734,1314.550048828125,1166.4300537109375,0.05,4.539777967221039,-2.995732273553991,7.061703127135531,4.608065998228917,7.181249717867432,0.12530895638647
2011-06-08,88.79,100.73999786376953,1279.56005859375,1129.6300048828125,0.04,4.4862740310442355,-3.2188758248682006,7.029645428782461,4.612542919112119,7.154271593610195,0.12989886462253253
2011-06-15,87.38,94.80999755859375,1265.4200439453125,1113.3599853515625,0.05,4.47026642352329,-2.995732273553991,7.015137735954633,4.5518748631793535,7.143159396594692,0.13048619547693363
2011-06-22,88.35,95.41000366210938,1287.1400146484375,1127.72998046875,0.02,4.481306198765705,-3.912023005428146,7.027962024385208,4.558183433146621,7.160177993169389,0.12019209265014208
2011-06-29,89.76,94.7699966430664,1307.4100341796875,1153.699951171875,0.02,4.497139441774387,-3.912023005428146,7.0507294056101735,4.551452868060202,7.175803386060977,0.12173363748887667
2011-07-06,90.82,96.6500015258789,1339.219970703125,1193.6800537109375,0.01,4.508879525669805,-4.605170185988091,7.08479629632826,4.571096221442016,7.19984261203675,0.12314517797329838
2011-07-13,87.84,98.05000305175781,1317.719970703125,1163.5799560546875,0.01,4.47551697776122,-4.605170185988091,7.059256700668872,4.585477583766861,7.183658227164617,0.11959076423484838
2011-07-20,86.73,98.13999938964844,1325.8399658203125,1178.4200439453125,0.02,4.462799844696365,-3.912023005428146,7.071929874461766,4.586395024442565,7.189801474035641,0.12391883247620328
2011-07-27,83.82,97.4000015258789,1304.8900146484375,1147.5999755859375,0.08,4.4286716424969255,-2.5257286443082556,7.045428062833192,4.578826226314598,7.173874036242155,0.11905316087956486
2011-08-03,80.08,91.93000030517578,1260.3399658203125,1110.6500244140625,0.02,4.383026135006965,-3.912023005428146,7.01270073048541,4.521027421195317,7.139136777695339,0.1335135934434657
2011-08-10,68.17,82.88999938964844,1120.760009765625,984.9000244140625,0.02,4.222004585374694,-3.912023005428146,6.892540137964024,4.4175144202400425,7.021762314305613,0.17279674567254322
2011-08-17,72.06,87.58000183105469,1193.8900146484375,1033.9000244140625,0.01,4.277499105319947,-4.605170185988091,6.941093362206209,4.472552682280476,7.0849721746748875,0.1354844711395229
2011-08-24,69.5,85.16000366210938,1177.5999755859375,1014.1900024414062,0.02,4.241326752570746,-3.912023005428146,6.921845545731388,4.444531883027971,7.071233727242562,0.13489922778671115
2011-08-31,73.02,88.80999755859375,1218.8900146484375,1058.0400390625,0.02,4.29073337622749,-3.912023005428146,6.964173455806617,4.486499228780194,7.10569589952752,0.1304130554571108
2011-09-07,70.22,89.33999633789062,1198.6199951171875,1039.81005859375,0.02,4.251633170740286,-3.912023005428146,6.946793339487891,4.492449274933269,7.088926169945,0.1358132646527297
2011-09-14,68.99,88.91000366210938,1188.6800537109375,1048.0699462890625,0.01,4.233961566558017,-4.605170185988091,6.954705605296032,4.487624663321995,7.0805987719273435,0.15503762923958053
2011-09-21,62.1,85.91999816894531,1166.760009765625,1038.6500244140625,0.01,4.128745988939433,-4.605170185988091,6.945677095486266,4.4534166094493965,7.061985963979432,0.17129311829831195
2011-09-28,58.31,81.20999908447266,1151.06005859375,1026.8499755859375,0.02,4.065773605234065,-3.912023005428146,6.934251119010416,4.3970383810207405,7.0484385868512405,0.17827016134207785
2011-10-05,56.14,79.68000030517578,1144.030029296875,1023.25,0.0,4.027848570933736,-9.210340371976182,6.930739115372512,4.37801861710636,7.042312420980615,0.18308006009389466
2011-10-12,59.18,85.56999969482422,1207.25,1074.8699951171875,0.02,4.080583646972063,-3.912023005428146,6.979954998473854,4.449334750863576,7.096100324753651,0.15922941277477598
2011-10-19,57.68,86.11000061035156,1209.8800048828125,1073.56005859375,0.03,4.054910492976694,-3.506557897319982,6.978735562278107,4.455625555796119,7.098276464154829,0.1550538666620831
2011-10-26,59.03,90.19999694824219,1242.0,1104.31005859375,0.02,4.078045789252598,-3.912023005428146,7.006976037581511,4.502029393235342,7.124478262493424,0.14770131154258515
2011-11-02,59.61,92.51000213623047,1237.9000244140625,1105.6099853515625,0.01,4.087823345231835,-4.605170185988091,7.008152484585828,4.527316769875114,7.121171694259925,0.1533694648874171
2011-11-09,58.49,95.73999786376953,1229.0999755859375,1099.5899658203125,0.01,4.068855799454934,-4.605170185988091,7.00269263094963,4.561636161651531,7.114037453357569,0.1576009022916427
2011-11-16,57.43,102.58999633789062,1236.9100341796875,1118.8699951171875,0.01,4.0505668148762055,-4.605170185988091,7.020074522042623,4.630740426403068,7.120371640709355,0.1663783105852863
2011-11-23,52.18,96.16999816894531,1161.7900390625,1030.739990234375,0.02,3.9546992797085823,-3.912023005428146,6.938032260392027,4.5661174396846205,7.057717231810626,0.16944701167255882
2011-11-30,56.33,100.36000061035156,1246.9599609375,1099.780029296875,0.01,4.031227252906622,-4.605170185988091,7.002865465422645,4.608763727579843,7.12846383685461,0.13817665796620648
2011-12-07,56.64,100.48999786376953,1261.010009765625,1107.06005859375,0.02,4.036715449385464,-3.912023005428146,7.009463184709193,4.610058198802728,7.139668273891879,0.12955405293816025
2011-12-14,50.46,94.94999694824219,1211.8199462890625,1054.6300048828125,0.01,3.921180943212912,-4.605170185988091,6.9609452781261245,4.5533504051176115,7.099878596425813,0.13508721499800114
2011-12-21,51.61,98.66999816894531,1243.719970703125,1059.9100341796875,0.01,3.9437154521606357,-4.605170185988091,6.965939310088771,4.591780930311716,7.125862144023036,0.10478469257260237
2011-12-28,51.31,99.36000061035156,1249.6400146484375,1071.27001953125,0.01,3.9378856649538734,-4.605170185988091,6.976600157747873,4.598749624327998,7.130610800538508,0.10899487323400692
2012-01-04,53.3,103.22000122070312,1277.300048828125,1082.56005859375,0.02,3.975936331171799,-3.912023005428146,6.987083939717517,4.636862644546808,7.152503792276339,0.0897387911338976
2012-01-11,58.31,100.87000274658203,1292.47998046875,1112.7099609375,0.02,4.065773605234065,-3.912023005428146,7.014553725165915,4.613832586295672,7.164318117263596,0.1011597686621899
2012-01-18,60.25,100.58999633789062,1308.0400390625,1141.1400146484375,0.03,4.098502572370764,-3.506557897319982,7.039783054558295,4.61105281273995,7.1762851424526914,0.1101328592223032
2012-01-25,59.1,99.4000015258789,1326.06005859375,1177.260009765625,0.04,4.079230924412053,-3.2188758248682006,7.0709449917552805,4.599152129013422,7.1899674627772345,0.12270846744773944
2012-02-01,60.01,97.61000061035156,1324.0899658203125,1192.760009765625,0.06,4.094511215001422,-2.8134107167600364,7.084025236535075,4.580979953439835,7.188480684203798,0.13780838104234405
2012-02-08,64.0,98.70999908447266,1349.9599609375,1223.1500244140625,0.09,4.1588830833596715,-2.4079456086518722,7.109184797349584,4.592186249154877,7.207830212427837,0.13668316789412582
2012-02-15,60.95,101.80000305175781,1343.22998046875,1229.2099609375,0.11,4.110053855927281,-2.2072749131897207,7.114126933817296,4.623010134094397,7.202832425696454,0.148414394670775
2012-02-22,62.67,106.27999877929688,1357.6600341796875,1230.81005859375,0.09,4.137882864236584,-2.4079456086518722,7.115427815817605,4.666077109405885,7.213517933758221,0.13519987552907775
2012-02-29,58.58,107.06999969482422,1365.6800537109375,1246.9200439453125,0.08,4.070393341399587,-2.5257286443082556,7.128431824895644,4.673482823319933,7.219407791401577,0.14020298789089125
2012-03-07,54.88,106.16000366210938,1352.6300048828125,1227.9300537109375,0.08,4.00514898341763,-2.5257286443082556,7.113085147566053,4.664947424520084,7.20980612801088,0.13789939610677227
2012-03-14,57.95,105.43000030517578,1394.280029296875,1278.5699462890625,0.09,4.059580569785761,-2.4079456086518722,7.153497502885926,4.65804722848344,7.24013345299496,0.13711452569219862
2012-03-21,58.41,107.2699966430664,1402.8900146484375,1288.6700439453125,0.09,4.067487108052218,-2.4079456086518722,7.161365991850984,4.675348989315093,7.246289684049127,0.1366202711398179
2012-03-28,56.98,105.41000366210938,1405.5400390625,1302.0,0.09,4.0427003290697625,-2.4079456086518722,7.171656822768514,4.657857543008672,7.248176877356339,0.14434750211166847
2012-04-04,54.04,101.47000122070312,1398.9599609375,1295.300048828125,0.08,3.989724513091998,-2.5257286443082556,7.166497645232592,4.619763200321179,7.2434843544828755,0.14556273854676505
2012-04-11,53.07,102.69999694824219,1368.7099609375,1264.8800048828125,0.09,3.9716117968398037,-2.4079456086518722,7.1427325388621865,4.631812087219246,7.221623940853849,0.15149324151203647
2012-04-18,52.59,102.66999816894531,1385.1400146484375,1272.8800048828125,0.07,3.962525987601253,-2.659260036932778,7.149037332435636,4.631519943476504,7.233556507120804,0.141588605920564
2012-04-25,51.49,104.12000274658203,1390.68994140625,1268.4200439453125,0.09,3.94138761405805,-2.4079456086518722,7.1455273450821535,4.64554410650537,7.237555263702422,0.13264663016597833
2012-05-02,52.34,105.22000122070312,1402.31005859375,1278.0999755859375,0.08,3.9577608971019997,-2.5257286443082556,7.153129860035828,4.656053407904097,7.245876197632609,0.1289458272825792
2012-05-09,48.49,96.80999755859375,1354.5799560546875,1226.9100341796875,0.09,3.881357591117261,-2.4079456086518722,7.112254120245793,4.572750269513446,7.211246689723659,0.13511148185049304
2012-05-16,45.46,92.80999755859375,1324.800048828125,1189.469970703125,0.1,3.8168328184243974,-2.3025850929940455,7.081263084113814,4.530554366301879,7.189016820487973,0.1343179307070681
2012-05-23,43.5,89.9000015258789,1318.8599853515625,1186.5,0.09,3.7727609380946383,-2.4079456086518722,7.078763075875818,4.498697958450643,7.184522994961144,0.1379224221154196
2012-05-30,43.12,87.81999969482422,1313.3199462890625,1172.3599853515625,0.07,3.7639869266007415,-2.659260036932778,7.066774077711427,4.475289261658557,7.180313520391002,0.13165165574960014
2012-06-06,43.56,85.0199966430664,1315.1300048828125,1181.699951171875,0.09,3.77413929806476,-2.4079456086518722,7.074709317324731,4.442886483446597,7.181690802753993,0.13771596832143285
2012-06-13,42.91,82.62000274658203,1314.8800048828125,1164.81005859375,0.1,3.7591048990034333,-2.3025850929940455,7.060313312873672,4.414251815212167,7.18150068940855,0.12357821752154319
2012-06-20,46.44,81.80000305175781,1355.68994140625,1211.93994140625,0.09,3.8381611568296905,-2.4079456086518722,7.099977612106281,4.404277280916253,7.212065785574342,0.12172229804055945
2012-06-27,45.38,80.20999908447266,1331.8499755859375,1186.1700439453125,0.09,3.8150714793516958,-2.4079456086518722,7.0784849452881655,4.384648183964703,7.194324213815506,0.12433012597482751
2012-07-04,47.47,87.66000366210938,1374.02001953125,1224.449951171875,0.09,3.8600979325632268,-2.4079456086518722,7.110247002687876,4.47346573676695,7.22549604293179,0.11374776686786348
2012-07-11,44.21,85.80999755859375,1341.449951171875,1161.8900146484375,0.1,3.788951007838152,-2.3025850929940455,7.057803281166551,4.452135521367727,7.201506361060788,0.09389209390855591
2012-07-18,43.77,89.87000274658203,1372.780029296875,1201.8900146484375,0.09,3.778948651202804,-2.4079456086518722,7.091650608952219,4.498364212232004,7.224593181204278,0.09637783799235589
2012-07-25,41.12,88.97000122070312,1337.8900146484375,1179.4200439453125,0.1,3.7164946211469094,-2.3025850929940455,7.072778108457866,4.488299247977066,7.198849036000371,0.11247668303746217
2012-08-01,40.62,88.91000366210938,1375.3199462890625,1206.6199951171875,0.1,3.7042605561522386,-2.3025850929940455,7.095578337324012,4.487624663321995,7.2264416712431965,0.09779454168784874
2012-08-08,43.37,93.3499984741211,1402.219970703125,1254.0699462890625,0.11,3.7697679578472747,-2.2072749131897207,7.134149498177224,4.536355853641948,7.245811953078467,0.1100527364708137
2012-08-15,43.88,94.33000183105469,1405.530029296875,1264.02001953125,0.09,3.7814586354070294,-2.4079456086518722,7.142052412818128,4.546799292072921,7.248169755679979,0.11475276638440413
2012-08-22,44.83,97.26000213623047,1413.489990234375,1272.47998046875,0.11,3.802877558167348,-2.2072749131897207,7.1487230158598605,4.577387826939761,7.2538170955623205,0.11375191353432701
2012-08-29,43.95,95.48999786376953,1410.489990234375,1267.8399658203125,0.12,3.783052624131186,-2.120263536200091,7.145069917111139,4.559021507590863,7.251692433808841,0.11298499646873861
2012-09-05,42.5,95.36000061035156,1403.43994140625,1260.8299560546875,0.11,3.7495040759303713,-2.2072749131897207,7.139525478382502,4.557659209717539,7.246681602870836,0.11424736755199483
2012-09-12,44.83,97.01000213623047,1436.56005859375,1291.4200439453125,0.1,3.802877558167348,-2.3025850929940455,7.163497701169416,4.574814087993916,7.2700066865211825,0.10653434487388314
2012-09-19,46.08,91.9800033569336,1461.050048828125,1312.030029296875,0.11,3.830379016387636,-2.2072749131897207,7.179330857425698,4.52157119860812,7.286910667719827,0.09940480561986487
2012-09-26,43.0,89.9800033569336,1433.3199462890625,1275.260009765625,0.11,3.7612001156935624,-2.2072749131897207,7.150905366029729,4.499587460720578,7.2677486731715994,0.09700933880865392
2012-10-03,42.43,88.13999938964844,1450.989990234375,1291.8800048828125,0.09,3.7478556592142334,-2.4079456086518722,7.163853804551653,4.478926452489045,7.280001354331361,0.09331349789426469
2012-10-10,41.48,91.25,1432.56005859375,1251.0799560546875,0.1,3.7252113833613265,-2.3025850929940455,7.131762422137297,4.513602992462601,7.267218373429931,0.0785867643578344
2012-10-17,42.71,92.12000274658203,1460.9100341796875,1268.8699951171875,0.11,3.754433084853375,-2.2072749131897207,7.1458820157502005,4.5230921047677475,7.286814831606692,0.0660861495769085
2012-10-24,40.57,85.7300033569336,1408.75,1227.1400146484375,0.11,3.703028877218356,-2.2072749131897207,7.112441549568624,4.45120286184771,7.250458065353986,0.08203341894647131
2012-10-31,40.61,86.23999786376953,1412.1600341796875,1220.9000244140625,0.11,3.7040143416982065,-2.2072749131897207,7.107343590671585,4.457134082389925,7.252875750285017,0.07365123000571039
2012-11-07,40.27,84.44000244140625,1394.530029296875,1228.219970703125,0.1,3.695606774863363,-2.3025850929940455,7.113321221902434,4.436041251893031,7.2403127409316905,0.0966946965024329
2012-11-14,36.99,86.31999969482422,1355.489990234375,1198.8599853515625,0.1,3.610647605844363,-2.3025850929940455,7.0891263720214575,4.4580613174144785,7.2119182843554785,0.1110714264687136
2012-11-21,37.54,87.37999725341797,1391.030029296875,1229.6600341796875,0.1,3.6254070311583626,-2.3025850929940455,7.1144930151864685,4.4702663920906724,7.2377997799699845,0.10128014463586865
2012-11-28,39.19,86.48999786376953,1409.9300537109375,1250.8800048828125,0.1,3.66842161221154,-2.3025850929940455,7.131602586508092,4.460028775619259,7.251295374844524,0.10005703845431935
2012-12-05,39.38,87.87999725341797,1409.280029296875,1257.4599609375,0.1,3.6732580732109796,-2.3025850929940455,7.1368490612582365,4.4759722162626305,7.250834235442746,0.10592993390065342
2012-12-12,41.7,86.7699966430664,1428.47998046875,1287.93994140625,0.07,3.730501128804756,-2.659260036932778,7.160799276234144,4.4632609011176765,7.264366207200032,0.11149805631120202
2012-12-19,42.92,89.51000213623047,1435.81005859375,1305.0999755859375,0.05,3.759337917762498,-2.995732273553991,7.174034926466821,4.494350374748677,7.269484469685297,0.11778095963711177
2012-12-26,42.31,90.9800033569336,1419.8299560546875,1288.6600341796875,0.09,3.7450234647319762,-2.4079456086518722,7.161358224304475,4.5106397390393465,7.25829239416753,0.1203077896618101
2013-01-02,44.04,93.12000274658203,1462.4200439453125,1328.06005859375,0.08,3.785098311854479,-2.5257286443082556,7.191474553858458,4.533889013478209,7.287847906804885,0.11027533832405556
2013-01-09,45.46,93.0999984741211,1461.02001953125,1323.239990234375,0.06,3.8168328184243974,-2.8134107167600364,7.187838546178502,4.533674167893344,7.286890114279167,0.10794041456460501
2013-01-16,44.78,94.23999786376953,1472.6300048828125,1331.43994140625,0.08,3.8017616111706087,-2.5257286443082556,7.194016298270666,4.545844697235296,7.294805200173741,0.10336616065302628
2013-01-23,45.56,95.2300033569336,1494.81005859375,1354.0899658203125,0.08,3.8190301385789813,-2.5257286443082556,7.210884895740742,4.556295053456753,7.309754426645251,0.09992743930004444
2013-01-30,45.31,97.94000244140625,1501.9599609375,1357.7900390625,0.07,3.813527758679047,-2.659260036932778,7.21361368575469,4.584355071201742,7.3145261748033255,0.09617419418167206
2013-02-06,46.94,96.62000274658203,1512.1199951171875,1376.780029296875,0.07,3.8488701904228773,-2.659260036932778,7.227502739632974,4.570785787552901,7.321267915440485,0.10090513698296721
2013-02-13,47.95,97.01000213623047,1520.3299560546875,1376.1500244140625,0.1,3.8701588013294472,-2.3025850929940455,7.227045041920704,4.574814087993916,7.3266826666344285,0.09309193635872504
2013-02-20,48.1,94.45999908447266,1511.949951171875,1366.1400146484375,0.12,3.8732821771117156,-2.120263536200091,7.219744534620629,4.548176454775748,7.321155455114823,0.09329970025549095
2013-02-27,45.55,92.76000213623047,1515.989990234375,1363.6700439453125,0.11,3.8188106237059674,-2.2072749131897207,7.217934905874193,4.530015535416982,7.323823963432745,0.08786511811783448
2013-03-06,46.93,90.43000030517578,1541.4599609375,1399.489990234375,0.1,3.8486571298063263,-2.3025850929940455,7.243863156542917,4.504576074127107,7.340485272897078,0.09116032326098278
2013-03-13,46.97,92.5199966430664,1554.52001953125,1407.8399658203125,0.09,3.8495091000389037,-2.4079456086518722,7.249811869619145,4.527424801079909,7.3489221078534825,0.08564827630098382
2013-03-20,46.43,92.95999908447266,1558.7099609375,1404.8900146484375,0.07,3.8379458020318302,-2.659260036932778,7.247714297314686,4.532169283254985,7.351613810016383,0.0798942436369936
2013-03-27,44.91,96.58000183105469,1562.8499755859375,1406.8900146484375,0.09,3.8046604870996465,-2.4079456086518722,7.249136883944119,4.570371699404339,7.354266340904801,0.07771358092494562
2013-04-03,43.15,94.44999694824219,1553.68994140625,1398.22998046875,0.06,3.764682417529437,-2.8134107167600364,7.242962416037069,4.548070561636689,7.348387988115649,0.07952438131731032
2013-04-10,46.11,94.63999938964844,1587.72998046875,1417.6500244140625,0.07,3.8310298462186143,-2.659260036932778,7.256755867330677,4.550080213220939,7.370060589860875,0.06387735057633215
2013-04-17,43.62,86.68000030517578,1552.010009765625,1386.699951171875,0.06,3.775515760773483,-2.8134107167600364,7.234682067548074,4.462223180188876,7.347306150313619,0.07271362225506817
2013-04-24,47.28,91.43000030517578,1578.7900390625,1388.0999755859375,0.06,3.856087373097843,-2.8134107167600364,7.2356911669929485,4.515573655514143,7.364414034586182,0.05048304030418649
2013-05-01,48.15,91.02999877929688,1582.699951171875,1401.9000244140625,0.06,3.8743211382441345,-2.8134107167600364,7.245583755789472,4.511189109107298,7.366887497488081,0.05701562918087433
2013-05-08,49.6,96.62000274658203,1632.68994140625,1447.4300537109375,0.04,3.903990833730882,-3.2188758248682006,7.277544886145531,4.570785787552901,7.39798420440159,0.04673439048571559
2013-05-15,54.2,94.30000305175781,1658.780029296875,1474.9200439453125,0.04,3.9926809084456005,-3.2188758248682006,7.296359059809937,4.546481222001637,7.413837689052633,0.0440128834994411
2013-05-22,55.71,94.27999877929688,1655.3499755859375,1470.3299560546875,0.04,4.020159664032724,-3.2188758248682006,7.293242114486575,4.546269065120295,7.411767731066301,0.04370780920223982
2013-05-29,56.76,93.12999725341797,1648.3599853515625,1480.780029296875,0.05,4.038831852291842,-2.995732273553991,7.300324274739979,4.533996337041651,7.407536124328701,0.05653826601921619
2013-06-05,54.2,93.73999786376953,1608.9000244140625,1440.5999755859375,0.05,3.9926809084456005,-2.995732273553991,7.272814955508114,4.540524969705671,7.3833060098313705,0.06194360368643359
2013-06-12,53.82,95.87999725341797,1612.52001953125,1439.1600341796875,0.05,3.9856451452987596,-2.995732273553991,7.271814912781378,4.563097380920146,7.385553463806038,0.057890575944674616
2013-06-19,55.16,98.23999786376953,1628.9300537109375,1456.8299560546875,0.05,4.010238052925101,-2.995732273553991,7.284018091117064,4.587413442653815,7.395678669503956,0.05633947872312639
2013-06-26,54.3,95.5,1603.260009765625,1430.72998046875,0.06,3.9945242269398897,-2.8134107167600364,7.265940068857752,4.5591262474866845,7.379794341431047,0.05983903541623192
2013-07-03,56.33,101.23999786376953,1615.4100341796875,1448.1800537109375,0.05,4.031227252906622,-2.995732273553991,7.278062911700732,4.617493914576267,7.387344094564791,0.06170614735470803
2013-07-10,58.32,106.5199966430664,1652.6199951171875,1483.1600341796875,0.04,4.065945087700403,-3.2188758248682006,7.301930248776817,4.668332729431146,7.410117183381344,0.05463807944078436
2013-07-17,60.85,106.4800033569336,1680.9100341796875,1522.0999755859375,0.03,4.108411819433536,-3.506557897319982,7.327846223245898,4.66795720561328,7.427090612749574,0.05749701866070556
2013-07-24,60.44,105.38999938964844,1685.93994140625,1524.3299560546875,0.03,4.101651137404539,-3.506557897319982,7.329310219409985,4.657667749154484,7.430078515985598,0.054902189189766304
2013-07-31,61.15,105.02999877929688,1685.72998046875,1525.6800537109375,0.04,4.113329862133181,-3.2188758248682006,7.330195526500852,4.65424601201226,7.429953971802664,0.055956679511297125
2013-08-07,58.59,104.37000274658203,1690.9100341796875,1536.3699951171875,0.05,4.070564033556697,-2.995732273553991,7.337177766937901,4.647942304147779,7.433022144750969,0.058771054381240084
2013-08-14,58.27,106.8499984741211,1685.3900146484375,1546.050048828125,0.05,4.065087381154983,-2.995732273553991,7.343458601733412,4.671425967484587,7.429752278702474,0.06949373855818841
2013-08-21,57.09,103.8499984741211,1642.800048828125,1507.6400146484375,0.04,4.044628969976168,-3.2188758248682006,7.318300802993812,4.642947535629017,7.4041574118049045,0.07910450281502168
2013-08-28,57.24,110.0999984741211,1634.9599609375,1499.6199951171875,0.03,4.0472529546882505,-3.506557897319982,7.312967018406625,4.701389029869607,7.399373594308258,0.08026914858346945
2013-09-04,59.22,107.2300033569336,1653.0799560546875,1528.3800048828125,0.02,4.0812593226734455,-3.912023005428146,7.3319636331022,4.674976091537972,7.410395466920239,0.08429343801625144
2013-09-11,61.35,107.55999755859375,1689.1300048828125,1569.72998046875,0.02,4.116595171156921,-3.912023005428146,7.35865889658832,4.6780488087025764,7.43196888535708,0.08168295199519449
2013-09-18,62.29,108.06999969482422,1725.52001953125,1603.739990234375,0.01,4.131800899266054,-4.605170185988091,7.38009367443531,4.682779162491203,7.45328374463317,0.07416321210756749
2013-09-25,64.04,102.66000366210938,1692.77001953125,1579.9100341796875,0.02,4.159507888128514,-3.912023005428146,7.365123184007244,4.63142259280437,7.43412153092778,0.08522304397159353
2013-10-02,67.18,104.0999984741211,1693.8699951171875,1583.300048828125,0.02,4.207375584184147,-3.912023005428146,7.367266586346853,4.645351960963104,7.4347711279442095,0.0864840211406257
2013-10-09,64.7,101.61000061035156,1656.4000244140625,1534.6500244140625,0.05,4.169761201506855,-2.995732273553991,7.336057636901613,4.621141961504596,7.412401866410643,0.08566190988157452
2013-10-16,68.82,102.29000091552734,1721.5400390625,1584.3499755859375,0.1,4.231494400369335,-2.3025850929940455,7.367929492152841,4.627811925419227,7.450974540749469,0.06513589711272338
2013-10-23,69.86,96.86000061035156,1746.3800048828125,1599.56005859375,0.04,4.246493239378686,-3.2188758248682006,7.377483907039606,4.573266643276462,7.465300355836024,0.055229847277967536
2013-10-30,66.75,96.7699966430664,1763.31005859375,1613.1600341796875,0.04,4.200954297280359,-3.2188758248682006,7.385950288442195,4.572336994203034,7.474948036811916,0.0505906319559406
2013-11-06,69.28,94.80000305175781,1770.489990234375,1610.8699951171875,0.05,4.2381562642541795,-2.995732273553991,7.384529681669415,4.551769441452514,7.479011617898233,0.04364997791914682
2013-11-13,69.55,93.87999725341797,1782.0,1634.31005859375,0.08,4.242045918369452,-2.5257286443082556,7.398976011760211,4.542017341726516,7.485491608030754,0.04929376388886997
2013-11-20,65.59,93.33000183105469,1781.3699951171875,1625.280029296875,0.08,4.183423245305645,-2.5257286443082556,7.39343540563862,4.5361416191967985,7.485138007427819,0.04423349567596624
2013-11-27,66.04,92.30000305175781,1807.22998046875,1663.8599853515625,0.07,4.190260619051927,-2.659260036932778,7.416895474422366,4.525044174572271,7.49955055447433,0.04811528136368981
2013-12-04,65.62,97.19999694824219,1792.81005859375,1650.4000244140625,0.06,4.183880527532955,-2.8134107167600364,7.408772976549857,4.576770680069708,7.491539533020816,0.05087511021657143
2013-12-11,62.02,97.44000244140625,1782.219970703125,1640.3800048828125,0.07,4.127456913672303,-2.659260036932778,7.402683204271958,4.579236829017069,7.4856150407622986,0.05283328298704948
2013-12-18,63.95,97.80000305175781,1810.6500244140625,1681.8800048828125,0.07,4.158101528024852,-2.659260036932778,7.427667497252477,4.582924608244839,7.501441189298836,0.056319029224363604
2013-12-25,64.95,99.22000122070312,1833.3199462890625,1715.5899658203125,0.07,4.173617743116608,-2.659260036932778,7.447512303838207,4.597339619175897,7.5138837805016445,0.05926157889252526
2014-01-01,66.84,98.41999816894531,1848.3599853515625,1732.9100341796875,0.07,4.202301703727193,-2.659260036932778,7.4575573750268545,4.589244016833334,7.522054030499267,0.058208024217019094
2014-01-08,70.64,92.33000183105469,1837.489990234375,1744.3399658203125,0.05,4.257596556295705,-2.995732273553991,7.464131520001654,4.525369135616169,7.516155783580658,0.07279446206205975
2014-01-15,71.71,94.16999816894531,1848.3800048828125,1774.469970703125,0.04,4.272630207894483,-3.2188758248682006,7.481257049262676,4.5451016400778315,7.52206486141045,0.08189298553328062
2014-01-22,72.59,96.7300033569336,1844.8599853515625,1789.27001953125,0.04,4.284827171296749,-3.2188758248682006,7.4895630053398214,4.571923626898617,7.520158664896594,0.09278835588012413
2014-01-29,67.78,97.36000061035156,1774.199951171875,1724.030029296875,0.04,4.2162671661789055,-3.2188758248682006,7.452419869457598,4.578415454948289,7.4811048685652795,0.10869665345247803
2014-02-05,65.42,97.37999725341797,1751.6400146484375,1701.81005859375,0.07,4.180828022110238,-2.659260036932778,7.439447703959601,4.578620822549769,7.468307779293186,0.11310830191641408
2014-02-12,68.54,100.37000274658203,1819.260009765625,1783.6700439453125,0.05,4.2274175164464625,-2.995732273553991,7.486428343088597,4.60886338519028,7.506185109350646,0.10863564216677535
2014-02-19,70.9,103.30999755859375,1828.75,1803.3599853515625,0.06,4.2612704335380815,-2.8134107167600364,7.4974068623709105,4.6377341532295056,7.511387952334334,0.11254651875484001
2014-02-26,74.47,102.58999633789062,1845.1600341796875,1830.8699951171875,0.05,4.310396359722554,-2.995732273553991,7.512546540033144,4.630740426403068,7.520321292105769,0.11555097462222363
2014-03-05,80.95,101.44999694824219,1873.81005859375,1850.68994140625,0.06,4.393831680123644,-2.8134107167600364,7.523313789847725,4.619566036190426,7.535729101521546,0.10538795765896225
2014-03-12,79.66,97.98999786376953,1868.199951171875,1833.8900146484375,0.05,4.377767577753498,-2.995732273553991,7.514194680815529,4.584865410847232,7.532730653302293,0.10034199877128014
2014-03-19,79.07,100.37000274658203,1860.77001953125,1836.5899658203125,0.06,4.3703335360828355,-2.8134107167600364,7.515665851710458,4.60886338519028,7.528745670032742,0.1072264481333951
2014-03-26,72.78,100.26000213623047,1852.56005859375,1796.0799560546875,0.05,4.287441192184014,-2.995732273553991,7.493361766832613,4.607766833142263,7.524323776938238,0.0909291484924113
2014-04-02,76.55,99.62000274658203,1890.9000244140625,1839.3800048828125,0.02,4.337944122103693,-3.912023005428146,7.517183839953285,4.601362975215726,7.5448081980985195,0.08692478710154816
2014-04-09,72.91,103.5999984741211,1872.1800537109375,1804.949951171875,0.04,4.289225803818339,-3.2188758248682006,7.498288142499939,4.640537315096822,7.534858834950188,0.08154449727979962
2014-04-16,69.89,103.76000213623047,1862.31005859375,1777.0899658203125,0.04,4.246922577489038,-3.2188758248682006,7.482732454796744,4.642080560596377,7.529572963090113,0.07316924030490579
2014-04-23,72.16,101.44000244140625,1875.3900146484375,1797.9000244140625,0.02,4.278885875754368,-3.912023005428146,7.49437460971146,4.619467514756406,7.536571924586386,0.07530387034494179
2014-04-30,68.69,99.73999786376953,1883.949951171875,1776.9200439453125,0.03,4.2296036282257905,-3.506557897319982,7.482636832176288,4.602566778699985,7.541125889588052,0.05737989853582981
2014-05-07,65.23,100.7699966430664,1878.2099609375,1766.6099853515625,0.03,4.177919485808005,-3.506557897319982,7.476817726594142,4.612840658979484,7.538074453805231,0.05570592243098105
2014-05-14,63.6,102.37000274658203,1888.530029296875,1781.550048828125,0.03,4.152613470346076,-3.506557897319982,7.485239078296023,4.628593727761629,7.543554043162905,0.05668369380328553
2014-05-21,64.31,104.06999969482422,1888.030029296875,1783.52001953125,0.04,4.163715140146772,-3.2188758248682006,7.4863442295922695,4.645063746717359,7.543289251926878,0.058148542643868595
2014-05-28,67.4,102.72000122070312,1909.780029296875,1809.1400146484375,0.04,4.210645017918261,-3.2188758248682006,7.500606881321346,4.632006851825443,7.554743346500947,0.056851730424202884
2014-06-04,65.67,102.63999938964844,1927.8800048828125,1821.97998046875,0.04,4.184642200202881,-3.2188758248682006,7.507679090091454,4.631227714360854,7.5641762351022965,0.051110120592055
2014-06-11,67.16,104.4000015258789,1943.8900146484375,1842.02001953125,0.04,4.20707783220934,-3.2188758248682006,7.518618085122777,4.648229690064237,7.57244640659292,0.05081475446753547
2014-06-18,72.08,105.97000122070312,1956.97998046875,1856.5400390625,0.03,4.277776613300082,-3.506557897319982,7.52646984034525,4.663156046706072,7.579157737639486,0.04954970758995003
2014-06-25,71.1,106.5,1959.530029296875,1853.47998046875,0.03,4.264087336809195,-3.506557897319982,7.524820221598413,4.66814498514948,7.580459942501528,0.04613114853327005
2014-07-02,71.83,104.4800033569336,1974.6199951171875,1884.8900146484375,0.02,4.27430221608671,-3.912023005428146,7.541624750513209,4.648995697658036,7.588131251286916,0.0525148229916903
2014-07-09,68.83,102.29000091552734,1972.8299560546875,1868.1700439453125,0.03,4.231639696410273,-3.506557897319982,7.532714644595124,4.627811925419227,7.587224316831843,0.04483671440576842
2014-07-16,68.12,101.19999694824219,1981.5699462890625,1869.8699951171875,0.02,4.221270855794487,-3.912023005428146,7.5336241861042055,4.617098726697655,7.591644711673917,0.039741505933111654
2014-07-23,68.78,103.12000274658203,1987.010009765625,1881.3900146484375,0.03,4.23091300500412,-3.506557897319982,7.539766152118875,4.635893385265746,7.5943862801665185,0.042159272200014364
2014-07-30,67.75,100.2699966430664,1970.0699462890625,1889.0400390625,0.04,4.21582445975981,-3.2188758248682006,7.543824063180797,4.607866514056891,7.585824326832209,0.05784790652640215
2014-08-06,65.82,96.91999816894531,1920.239990234375,1841.9300537109375,0.03,4.186923743515194,-3.506557897319982,7.518569243081739,4.573885877055891,7.560205452124351,0.06739426209833255
2014-08-13,67.84,97.58999633789062,1946.719970703125,1861.469970703125,0.04,4.2171519914836475,-3.2188758248682006,7.529121761408882,4.580774991627912,7.573901168989787,0.05934225333327081
2014-08-20,70.99,96.06999969482422,1986.510009765625,1900.1800537109375,0.04,4.262539022051294,-3.2188758248682006,7.549703925775622,4.565077089245049,7.594134614137315,0.052438913865900716
2014-08-27,70.95,93.87999725341797,2000.1199951171875,1915.4300537109375,0.04,4.261975403606051,-3.2188758248682006,7.557697447530852,4.542017341726516,7.600962455300895,0.051157363921181975
2014-09-03,71.38,95.54000091552734,2000.719970703125,1923.2900390625,0.03,4.268017718062014,-3.506557897319982,7.561792560561184,4.559545017544476,7.6012623801144645,0.054845053274863886
2014-09-10,72.42,91.66999816894531,1995.68994140625,1921.0899658203125,0.02,4.282482504337495,-3.912023005428146,7.560647994477928,4.518195151999269,7.598745104828077,0.05712000270322992
2014-09-17,70.96,94.41999816894531,2001.5699462890625,1912.760009765625,0.02,4.262116338001324,-3.912023005428146,7.556302509278572,4.547752895725483,7.601687124756329,0.04877802064293846
2014-09-24,68.42,92.80000305175781,1998.300048828125,1907.1600341796875,0.02,4.225665179549459,-3.912023005428146,7.5533705214185005,4.530446672677476,7.600052122522075,0.048067051489800505
2014-10-01,64.11,90.7300033569336,1946.1600341796875,1854.6199951171875,0.02,4.160600357999166,-3.912023005428146,7.5254350996717445,4.507888100180694,7.573613496867041,0.05604637098021925
2014-10-08,62.05,87.30999755859375,1968.8900146484375,1865.4300537109375,0.01,4.127940511650616,-4.605170185988091,7.531246897297824,4.469464975860212,7.585225218596726,0.04608458087594247
2014-10-15,57.43,81.77999877929688,1862.489990234375,1748.9200439453125,0.02,4.0505668148762055,-3.912023005428146,7.466753758676492,4.404032700009825,7.529669575868467,0.057059303515035076
2014-10-22,59.14,80.5199966430664,1927.1099853515625,1798.489990234375,0.02,4.079907514424331,-3.912023005428146,7.494702697501272,4.388505559080909,7.5637767427334754,0.038676406174317
2014-10-29,61.13,82.19999694824219,1982.300048828125,1871.1099853515625,0.03,4.113002744040634,-3.506557897319982,7.534287108806952,4.4091552649361265,7.592013090328221,0.03990401593592274
2014-11-05,61.31,78.68000030517578,2023.5699462890625,1932.510009765625,0.03,4.115942961774596,-3.506557897319982,7.566574960145769,4.365388997399554,7.612618530700983,0.044201037920685415
2014-11-12,59.91,77.18000030517578,2038.25,1938.1199951171875,0.02,4.0928434360958335,-3.912023005428146,7.569473707519067,4.3461403600635515,7.61984687554302,0.037280661638990686
2014-11-19,58.88,74.58000183105469,2048.719970703125,1945.800048828125,0.01,4.075501474420621,-4.605170185988091,7.57342850763544,4.311872399302225,7.624970472575695,0.03427546829605799
2014-11-26,60.16,73.69000244140625,2072.830078125,1985.1099853515625,0.02,4.097007679641584,-3.912023005428146,7.593429599823874,4.299867137909675,7.636670140009562,0.03838350560596293
2014-12-03,56.86,67.37999725341797,2074.330078125,2004.5999755859375,0.01,4.040592106222854,-4.605170185988091,7.603199806411746,4.210348197215835,7.63739352662059,0.04717104980856135
2014-12-10,53.99,60.939998626708984,2026.1400146484375,1961.8199462890625,0.03,3.9887988442301956,-3.506557897319982,7.581627865419268,4.10988975102243,7.613887791329128,0.05752975496983659
2014-12-17,53.57,56.470001220703125,2012.8900146484375,1943.8499755859375,0.03,3.980989209892869,-3.506557897319982,7.57242580898989,4.033709545301588,7.607326786615283,0.0572402944381496
2014-12-24,55.59,55.84000015258789,2081.8798828125,2010.9000244140625,0.01,4.018003328965378,-4.605170185988091,7.606337674172885,4.022490461186708,7.6410265543369675,0.04537374234374081
2014-12-31,55.32,53.27000045776367,2058.89990234375,1979.2900390625,0.04,4.013134506796558,-3.2188758248682006,7.590493493258324,3.975373329522181,7.629927091151424,0.04460728723012064
2015-01-07,52.33,48.650001525878906,2025.9000244140625,1948.93994140625,0.03,3.9575698203841165,-3.506557897319982,7.575040883951314,3.884651839996431,7.613769337299877,0.05110368374981089
2015-01-14,52.14,48.47999954223633,2011.27001953125,1943.010009765625,0.04,3.9539324085053558,-3.2188758248682006,7.571993601070616,3.881151332318739,7.606521652032692,0.05790179693227415
2015-01-21,50.57,47.779998779296875,2032.1199951171875,1958.52001953125,0.03,3.9233585150918917,-3.506557897319982,7.579944374923058,3.8666071163492512,7.616834859669981,0.05184290975121986
2015-01-28,51.3,44.45000076293945,2002.1600341796875,1923.050048828125,0.02,3.937690752176724,-3.912023005428146,7.561667771681781,3.794364979123906,7.601981893833053,0.05374286302229958
2015-02-04,54.02,48.45000076293945,2041.510009765625,1969.219970703125,0.01,3.98935434836447,-4.605170185988091,7.5853927893637625,3.8805323540837193,7.621445013890214,0.05102880139503263
2015-02-11,55.66,48.84000015258789,2068.530029296875,2000.47998046875,0.01,4.019261756097745,-4.605170185988091,7.6011424209834075,3.888549652366744,7.634593503222667,0.04891727040372018
2015-02-18,56.83,52.13999938964844,2099.679931640625,2049.030029296875,0.02,4.04006435530903,-3.912023005428146,7.625121803718074,3.953932396799342,7.649540198590931,0.05259277261500994
2015-02-25,58.39,50.9900016784668,2113.860107421875,2080.550048828125,0.02,4.067144642295446,-3.912023005428146,7.64038758428752,3.931629567984632,7.656270989889512,0.058715315901093135
2015-03-04,57.49,51.529998779296875,2098.530029296875,2070.219970703125,0.01,4.0516110196351995,-4.605170185988091,7.6354101466537365,3.9421641386509587,7.648992392557786,0.06362526587774475
2015-03-11,56.97,48.16999816894531,2040.239990234375,2011.760009765625,0.03,4.042524813492304,-3.506557897319982,7.606765244664728,3.874736382629783,7.620822722190705,0.07324658979513554
2015-03-18,58.47,44.65999984741211,2099.5,2069.8701171875,0.03,4.068513802187579,-3.506557897319982,7.635241138970796,3.799078242995355,7.649454500124248,0.0628285223249545
2015-03-25,58.21,49.209999084472656,2061.050048828125,2028.27001953125,0.04,4.064057161283644,-3.2188758248682006,7.6149385015734365,3.8960968362733888,7.630970864355014,0.06763441380635893
2015-04-01,58.74,50.09000015258789,2059.68994140625,2027.43994140625,0.03,4.073120925770474,-3.506557897319982,7.6145291635563765,3.9138213904158,7.630310736574815,0.06812180615337482
2015-04-08,59.68,50.41999816894531,2081.89990234375,2059.3701171875,0.03,4.088996955895506,-3.506557897319982,7.6301554466713695,3.920387885443734,7.641036170374455,0.06917845223062802
2015-04-15,62.03,56.38999938964844,2106.6298828125,2086.47998046875,0.02,4.127618138985026,-3.912023005428146,7.6432337051946595,4.032291826995335,7.652844737630085,0.06621572424798661
2015-04-22,61.33,56.15999984741211,2107.9599609375,2101.06005859375,0.03,4.116269119637892,-3.506557897319982,7.650197286154547,4.028204757000535,7.653475915618201,0.07232190080215606
2015-04-29,61.65,58.58000183105469,2106.85009765625,2077.570068359375,0.01,4.121473229610353,-4.605170185988091,7.638954253409649,4.070393372656922,7.652949266354546,0.061794278618824805
2015-05-06,58.68,60.93000030517578,2080.14990234375,2051.14990234375,0.02,4.072098953274781,-3.912023005428146,7.626155842843725,4.109725669269032,7.640195238533054,0.06632118650618413
2015-05-13,59.91,60.5,2098.47998046875,2081.0,0.02,4.0928434360958335,-3.912023005428146,7.640603826393634,4.102643365036796,7.6489685428037895,0.06885134358546896
2015-05-20,59.2,58.97999954223633,2125.85009765625,2111.780029296875,0.02,4.0809215418899605,-3.912023005428146,7.655286486606832,4.077198395625793,7.66192704731735,0.06593092024592284
2015-05-27,59.18,57.5099983215332,2123.47998046875,2117.110107421875,0.01,4.080583646972063,-4.605170185988091,7.657807280846047,4.0519588165400116,7.66081152209822,0.06996706555184495
2015-06-03,59.39,59.63999938964844,2114.070068359375,2109.9599609375,0.02,4.0841258620277685,-3.912023005428146,7.654424250431063,4.088326479662608,7.65637031080019,0.07261706259560796
2015-06-10,58.99,61.43000030517578,2105.199951171875,2093.8701171875,0.02,4.077367938014984,-3.912023005428146,7.6467693633308,4.1178983201436985,7.652165730285568,0.07067375911409268
2015-06-17,59.44,59.91999816894531,2100.43994140625,2087.4599609375,0.01,4.084967400409504,-4.605170185988091,7.643703276151843,4.093010308650641,7.649902097678049,0.07068263431842503
2015-06-24,59.56,60.27000045776367,2108.580078125,2098.75,0.01,4.086984207815808,-4.605170185988091,7.64909720839175,4.098834475090169,7.653770051182539,0.07082226359100918
2015-07-01,55.9,56.959999084472656,2077.419921875,2046.02001953125,0.01,4.023564380161053,-4.605170185988091,7.623651731180833,4.042349251030558,7.638881980559513,0.06560102991390604
2015-07-08,51.37,51.650001525878906,2046.6800537109375,2011.4300537109375,0.02,3.9390543444791764,-3.912023005428146,7.6066012175866025,3.944490225108317,7.623974273352796,0.06880143456915988
2015-07-15,52.91,51.40999984741211,2107.39990234375,2066.610107421875,0.02,3.9685923569160404,-3.912023005428146,7.633664914614068,3.9398327030993547,7.6532101928257426,0.056150492250315764
2015-07-22,51.85,49.189998626708984,2114.14990234375,2058.89990234375,0.04,3.948354934675536,-3.2188758248682006,7.629927091151424,3.8956903228891546,7.656408073255757,0.048068606064822994
2015-07-29,52.18,48.790000915527344,2108.570068359375,2044.3900146484375,0.06,3.9546992797085823,-2.8134107167600364,7.622854742636666,3.887525392592397,7.653765304011925,0.04458624648444509
2015-08-05,51.16,45.150001525878906,2099.840087890625,2067.530029296875,0.08,3.934957976710642,-2.5257286443082556,7.634109951240675,3.8099903136587616,7.649616472188549,0.061477308605097924
2015-08-12,49.48,43.29999923706055,2086.050048828125,2029.260009765625,0.1,3.901568547524287,-2.3025850929940455,7.615426478370588,3.768152617388595,7.6430276279997065,0.05174424931481969
2015-08-19,47.65,40.79999923706055,2079.610107421875,2016.7900390625,0.05,3.863882630100211,-2.995732273553991,7.609262436880206,3.7086820627106194,7.639935706769857,0.049780333517228215
2015-08-26,43.06,38.599998474121094,1940.510009765625,1885.8299560546875,0.06,3.762594491936217,-2.8134107167600364,7.542123297969939,3.6532522369402427,7.57070610913919,0.07668402108745731
2015-09-02,45.19,46.25,1948.8599853515625,1900.3299560546875,0.03,3.810875823423188,-3.506557897319982,7.5497828111586065,3.834061463958434,7.574999857702558,0.0785108230526701
2015-09-09,46.1,44.150001525878906,1942.0400390625,1903.4100341796875,0.03,3.8308129500026027,-3.506557897319982,7.5514023113379585,3.787592961611212,7.571494266075654,0.0848923868054543
2015-09-16,46.81,47.150001525878906,1995.31005859375,1952.81005859375,0.06,3.846096855311979,-2.8134107167600364,7.577024669922587,3.853334041441691,7.598554735089341,0.07375528008867338
2015-09-23,44.36,44.47999954223633,1938.760009765625,1885.31005859375,0.01,3.7923381624821664,-4.605170185988091,7.541847573673195,3.795039639650877,7.569803877477098,0.07763390575779106
2015-09-30,42.64,45.09000015258789,1920.030029296875,1857.949951171875,-0.01,3.752792779857589,-9.210340371976182,7.52722898207442,3.8086604958170667,7.560096105158308,0.07620254012786543
2015-10-07,47.89,47.810001373291016,1995.8299560546875,1918.239990234375,0.0,3.868906714354518,-9.210340371976182,7.559163372868413,3.86723485136194,7.5988152608849635,0.055540079747034454
2015-10-14,47.68,46.63999938964844,1994.239990234375,1917.780029296875,0.0,3.8645120227570944,-9.210340371976182,7.558923561325532,3.8424585289557966,7.598018299465304,0.05638287603470182
2015-10-21,46.24,45.20000076293945,2018.93994140625,1909.5,0.01,3.833845224364122,-4.605170185988091,7.554596706665571,3.8110971037173766,7.610327871167201,0.03533446072395385
2015-10-28,47.01,45.939998626708984,2090.35009765625,1983.52001953125,0.04,3.850360345036039,-3.2188758248682006,7.592628332936599,3.8273361673678084,7.645086841770794,0.026148828004785685
2015-11-04,48.12,46.31999969482422,2102.31005859375,1983.25,0.05,3.873697891106478,-2.995732273553991,7.592492192182112,3.835573826676316,7.650792047025942,0.018262625915147268
2015-11-11,44.11,42.93000030517578,2075.0,1948.9599609375,0.13,3.786686514116848,-2.0402208285265546,7.575051155908908,3.7595708893451527,7.637716432664798,0.018583757480199914
2015-11-18,43.15,40.75,2083.580078125,1957.1800537109375,0.12,3.764682417529437,-2.120263536200091,7.579259968126034,3.7074558396868715,7.64184288454917,0.017187117523353557
2015-11-25,44.01,43.040000915527344,2088.8701171875,1975.5799560546875,0.19,3.784416880823,-1.6607312068216509,7.588617282864185,3.7621299371250747,7.64437858498865,0.023099887665004815
2015-12-02,45.62,39.939998626708984,2079.510009765625,1976.699951171875,0.21,3.820346216856242,-1.5606477482646683,7.589184041886044,3.6873782936038175,7.639887572715803,0.029767324754507385
2015-12-09,45.17,37.15999984741211,2047.6199951171875,1940.8299560546875,0.26,3.8104331496665127,-1.3470736479666092,7.570870972971064,3.6152329098393974,7.624433419683819,0.03244747668335446
2015-12-16,49.31,35.52000045776367,2073.070068359375,1965.8399658203125,0.27,3.8981269002360346,-1.3093333199837622,7.583674896488645,3.57009593101146,7.636785912327352,0.028471534911600926
2015-12-23,50.28,37.5,2064.2900390625,1960.25,0.2,3.917607383722047,-1.6094379124341003,7.580827295111031,3.624340932976365,7.632541639530648,0.03138943591760235
2015-12-30,49.79,36.599998474121094,2063.360107421875,1963.239990234375,0.21,3.9078141606540915,-1.5606477482646683,7.582351443672968,3.6000481987166393,7.632091053059724,0.033525669870034136
2016-01-06,47.06,33.970001220703125,1990.260009765625,1886.199951171875,0.21,3.8514233832992164,-1.5606477482646683,7.542319476222749,3.525477818107232,7.596020567357184,0.042492548926018614
2016-01-13,40.64,30.479999542236328,1890.280029296875,1776.2099609375,0.22,3.7047528032702264,-1.5141277326297755,7.482237137813127,3.417070715799952,7.544480260727679,0.05242356143847271
2016-01-20,39.04,26.549999237060547,1859.3299560546875,1750.699951171875,0.26,3.664586761544892,-1.3470736479666092,7.467770959048257,3.2790297189519984,7.52797146312543,0.060383253131386816
2016-01-27,40.54,32.29999923706055,1882.949951171875,1758.4100341796875,0.32,3.702289141023854,-1.1394342831883648,7.472165290059194,3.4750672066081942,7.540594949000611,0.04762959639766162
2016-02-03,40.91,32.279998779296875,1912.530029296875,1777.8699951171875,0.33,3.711374531941307,-1.1086626245216111,7.483171294793798,3.4744478055856653,7.556182267170559,0.03746148618546297
2016-02-10,37.89,27.450000762939453,1851.8599853515625,1699.1800537109375,0.31,3.6346872250305093,-1.171182981502945,7.437901092343444,3.3123661957493264,7.523945810486152,0.035981910953412743
2016-02-17,39.77,30.65999984741211,1926.8199462890625,1788.800048828125,0.3,3.6831128592195994,-1.2039728043259361,7.489300310257361,3.422958868466894,7.563626226731269,0.03347848278347776
2016-02-24,39.88,32.150001525878906,1929.800048828125,1801.1500244140625,0.33,3.6858749450936377,-1.1086626245216111,7.496180642325232,3.4704124981448685,7.565171674888452,0.038259448137475616
2016-03-02,43.29,34.65999984741211,1986.449951171875,1857.1300048828125,0.35,3.7679216614538893,-1.0498221244986778,7.526787566916698,3.5455862798850397,7.594104380460487,0.029563625019242146
2016-03-09,42.97,38.290000915527344,1989.260009765625,1843.3900146484375,0.3,3.7605021977869035,-1.2039728043259361,7.519361554732718,3.645188789399554,7.5955179941744175,0.020217332582893377
2016-03-16,42.9,38.459999084472656,2027.219970703125,1855.1500244140625,0.31,3.758871825933971,-1.171182981502945,7.525720847466185,3.6496187163559703,7.614420660891241,0.0008988766812665361
2016-03-23,41.73,39.790000915527344,2036.7099609375,1867.969970703125,0.3,3.731220294603461,-1.2039728043259361,7.532607543018848,3.6836156474478177,7.6190910206877165,0.0014412650160160467
2016-03-30,41.95,38.31999969482422,2063.949951171875,1895.030029296875,0.2,3.7364784329132155,-1.6094379124341003,7.546989963985628,3.645971945138782,7.632376877844216,-0.0022240797413219937
2016-04-06,41.86,37.75,2066.659912109375,1916.780029296875,0.23,3.7343307170178535,-1.4696759700589417,7.558401989094356,3.6309854756950335,7.633689014025559,0.0074055141610420705
2016-04-13,42.54,41.7599983215332,2082.419921875,1920.010009765625,0.23,3.750444809772091,-1.4696759700589417,7.560085678427834,3.731938903381212,7.641285920420514,-0.001230581313427237
2016-04-20,43.31,42.630001068115234,2102.39990234375,1927.5699462890625,0.23,3.7683835552265355,-1.4696759700589417,7.564015393385587,3.7525582558326014,7.6508347818404,-0.01027222468116129
2016-04-27,44.19,45.33000183105469,2095.14990234375,1943.2099609375,0.24,3.7884985191426486,-1.4271163556401458,7.572096503723353,3.8139691053466396,7.647380382227869,0.0025014090060633265
2016-05-04,40.92,43.779998779296875,2051.1201171875,1874.5999755859375,0.19,3.711618941083426,-1.6607312068216509,7.536150569288774,3.77917706421205,7.626141321539126,-0.004592973963259084
2016-05-11,39.23,46.22999954223633,2064.4599609375,1890.8800048828125,0.26,3.6694417602214613,-1.3470736479666092,7.544797610739606,3.833628928098259,7.632623951065663,-0.004752062037458593
2016-05-18,38.61,48.189998626708984,2047.6300048828125,1892.27001953125,0.3,3.653511310276145,-1.2039728043259361,7.545532455882948,3.875151502154814,7.624438308159798,0.0071023189947725385
2016-05-25,40.49,49.560001373291016,2090.5400390625,1953.47998046875,0.33,3.7010550300440697,-1.1086626245216111,7.577367666410236,3.9031840844706065,7.645177703477353,0.010764733176133134
2016-06-01,40.45,49.0099983215332,2099.330078125,1974.8299560546875,0.3,3.700066643504501,-1.2039728043259361,7.588237575428401,3.8920243246740203,7.649373562400201,0.01593490615476334
2016-06-08,41.18,51.22999954223633,2119.1201171875,1990.550048828125,0.24,3.717952701599643,-1.4271163556401458,7.596166285971608,3.9363252890156497,7.658756242451008,0.011118002363370572
2016-06-15,38.78,48.0099983215332,2071.5,1939.1300048828125,0.26,3.6579046498145056,-1.3470736479666092,7.569994700381777,3.8714092875820736,7.636028261517456,0.015820546341485553
2016-06-22,38.97,49.130001068115234,2085.449951171875,1950.9599609375,0.27,3.662792119350618,-1.3093333199837622,7.576076818084232,3.894469867921148,7.64273991486995,0.012785424117268462
2016-06-29,38.74,49.880001068115234,2070.77001953125,1919.4000244140625,0.26,3.65687265797885,-1.3470736479666092,7.55976792890316,3.909620142225533,7.635675807199962,0.006072555635208587
2016-07-06,39.6,47.43000030517578,2099.72998046875,1943.719970703125,0.27,3.6788291182604347,-1.3093333199837622,7.572358926652257,3.8592549463237256,7.649564034715137,-0.00020248390366361946
2016-07-13,40.81,44.75,2152.429931640625,2010.780029296875,0.31,3.7089271494177143,-1.171182981502945,7.606278000048827,3.8010914447208646,7.674352683688722,4.3208541806727396e-05
2016-07-20,41.42,44.939998626708984,2173.02001953125,2056.760009765625,0.32,3.723763855967438,-1.1394342831883648,7.628887212824908,3.8053282361988603,7.6838731930677655,0.009719576953894027
2016-07-27,41.53,41.91999816894531,2166.580078125,2080.159912109375,0.31,3.726416057642662,-1.171182981502945,7.640200050562,3.735762996333046,7.680905202474731,0.025064190606044257
2016-08-03,41.09,40.83000183105469,2163.7900390625,2079.97998046875,0.28,3.7157647828953184,-1.2729656758128873,7.640113547874406,3.7094171501772997,7.679616610796394,0.0267281358158451
2016-08-10,40.09,41.709999084472656,2175.489990234375,2090.81005859375,0.28,3.6911269266544156,-1.2729656758128873,7.645306857709991,3.7307408862590252,7.685009201016789,0.024596046635209312
2016-08-17,39.95,46.790000915527344,2182.219970703125,2092.14990234375,0.3,3.6876286722122837,-1.2039728043259361,7.645947477657748,3.8456695244448555,7.688097972816518,0.021040819137059685
2016-08-24,39.86,46.77000045776367,2175.43994140625,2094.159912109375,0.31,3.685373314784649,-1.171182981502945,7.646907755329096,3.845241981525344,7.6849861949794995,0.026228196101023116
2016-08-31,39.88,44.70000076293945,2170.949951171875,2096.72998046875,0.33,3.6858749450936377,-1.1086626245216111,7.6481342579323295,3.7999735186875196,7.68292011626013,0.030261300059030383
2016-09-07,40.61,45.5,2186.159912109375,2118.8798828125,0.34,3.7040143416982065,-1.0788096613719298,7.6586428708723115,3.817712325956905,7.689901818901465,0.03128583288720499
2016-09-14,37.89,43.58000183105469,2125.77001953125,2065.31005859375,0.33,3.6346872250305093,-1.1086626245216111,7.633035643563907,3.7745983715324134,7.661889377853568,0.04373124813230067
2016-09-21,39.01,45.34000015258789,2163.1201171875,2120.800048828125,0.22,3.663818023518565,-1.5141277326297755,7.659548677998262,3.8141896484447972,7.679306957091482,0.04658390553081215
2016-09-28,40.46,47.04999923706055,2171.3701171875,2135.590087890625,0.27,3.7003138317395994,-1.3093333199837622,7.666498275245446,3.851210849815885,7.68311363770043,0.048362434098904394
2016-10-05,40.71,49.83000183105469,2159.72998046875,2128.590087890625,0.32,3.7064737625148876,-1.1394342831883648,7.663215108962928,3.908617249039343,7.677738483821684,0.052380980968348645
2016-10-12,39.59,50.18000030517578,2139.179931640625,2079.97998046875,0.36,3.678576561118039,-1.0216512475319814,7.640113547874406,3.915616547019898,7.668177825058641,0.04226680394478688
2016-10-19,40.13,51.599998474121094,2144.2900390625,2086.18994140625,0.34,3.6921241842788253,-1.0788096613719298,7.643094686739619,3.94352164291622,7.670563792454737,0.04200679848013866
2016-10-26,39.27,49.18000030517578,2139.429931640625,2092.22998046875,0.33,3.6704608685899185,-1.1086626245216111,7.6459857524450525,3.8954870429933286,7.668294685444735,0.04798026310323866
2016-11-02,37.54,45.34000015258789,2097.93994140625,2051.699951171875,0.36,3.6254070311583626,-1.0216512475319814,7.626423972973297,3.8141896484447972,7.648711161952714,0.055021121299004605
2016-11-09,37.27,45.27000045776367,2163.260009765625,2116.7900390625,0.44,3.618188713491167,-0.8209805520698302,7.657656087691315,3.812644571559722,7.6793716266646905,0.044603466822891846
2016-11-16,38.27,45.56999969482422,2176.93994140625,2141.18994140625,0.46,3.644666299437611,-0.7765287894989963,7.669117000864931,3.819249598578934,7.685675473075518,0.047501112919096755
2016-11-23,38.91,47.959999084472656,2204.719970703125,2159.469970703125,0.5,3.661251286996462,-0.6931471805599453,7.677618086632909,3.870367311069919,7.698355782402543,0.03877702086468826
2016-11-30,38.21,49.439998626708984,2198.81005859375,2141.0400390625,0.48,3.6430972614588084,-0.7339691750802004,7.669046989518276,3.900759785372513,7.695671610559337,0.033852154777442856
2016-12-07,39.72,49.77000045776367,2241.35009765625,2160.14990234375,0.51,3.681854839176972,-0.6733445532637656,7.677932897503413,3.907412402068045,7.714833685453,0.016707929035026048
2016-12-14,38.54,51.040000915527344,2253.280029296875,2165.06005859375,0.54,3.6516966629862204,-0.616186139423817,7.680203380741778,3.932609656973982,7.720142224451619,0.011767190065002708
2016-12-21,39.29,52.4900016784668,2265.179931640625,2178.300048828125,0.51,3.6709700335703683,-0.6733445532637656,7.686300057470013,3.960622707241095,7.725409474779879,0.010708731914474079
2016-12-28,38.92,54.060001373291016,2249.919921875,2164.72998046875,0.52,3.6615082573178044,-0.6539264674066639,7.680050912320603,3.9900945662513907,7.718649904287339,0.013641918262987218
2017-01-04,39.69,53.2599983215332,2270.75,2192.530029296875,0.52,3.681099266794974,-0.6539264674066639,7.69281142052512,3.9751855488712007,7.727865452382323,0.01388384741923776
2017-01-11,39.57,52.25,2275.320068359375,2222.14990234375,0.51,3.678071255397333,-0.6733445532637656,7.7062304307250304,3.9560398908449206,7.729876010877963,0.024571676011779786
2017-01-18,39.45,51.08000183105469,2271.889892578125,2219.97998046875,0.52,3.6750340472918834,-0.6539264674066639,7.705253457018795,3.9333930670111408,7.728367315892971,0.02564414279835958
2017-01-25,40.17,52.75,2298.3701171875,2258.419921875,0.49,3.693120448371191,-0.7133498878774648,7.7224206981344325,3.965563772356176,7.739955506008813,0.027069761983720575
2017-02-01,39.2,53.880001068115234,2279.550048828125,2250.739990234375,0.5,3.6686767467964168,-0.6931471805599453,7.719014325676409,3.9867593713661282,7.731733355467796,0.03483251809337329
2017-02-08,39.04,52.34000015258789,2294.669921875,2282.429931640625,0.53,3.664586761544892,-0.6348782724359695,7.732995913921531,3.9577609000173206,7.738344287259786,0.03983368853070601
2017-02-15,40.95,53.11000061035156,2349.25,2331.2099609375,0.53,3.7123518102990785,-0.6348782724359695,7.754142708311659,3.972365245926523,7.761851407263174,0.029047955747578236
2017-02-22,41.58,53.59000015258789,2362.820068359375,2348.780029296875,0.52,3.727619282429867,-0.6539264674066639,7.761651335870798,3.981362486354079,7.767611128862127,0.028732465914096394
2017-03-01,41.13,53.83000183105469,2395.9599609375,2366.260009765625,0.62,3.716737782242333,-0.4780358009429998,7.769065932737776,3.985830966588371,7.781539248301681,0.017226835530275153
2017-03-08,40.4,50.279998779296875,2362.97998046875,2339.860107421875,0.72,3.6988297849671046,-0.3285040669720361,7.7578464234116185,3.917607359443941,7.767678805068392,0.024835620785357726
2017-03-15,40.93,48.86000061035156,2385.260009765625,2376.2099609375,0.72,3.7118632905043114,-0.3285040669720361,7.773262043976305,3.88895907832144,7.777063416149981,0.027503003865823494
2017-03-22,40.13,48.040000915527344,2348.449951171875,2351.89990234375,0.76,3.6921241842788253,-0.2744368457017603,7.76297874958556,3.872034016269388,7.761510794263547,0.03834669231824783
2017-03-29,41.21,49.5099983215332,2361.1298828125,2364.590087890625,0.77,3.718680945350726,-0.2613647641344075,7.768359961544487,3.9021746354717597,7.766895547352386,0.0364131513722743
2017-04-05,41.45,51.150001525878906,2352.949951171875,2340.820068359375,0.79,3.724487881581304,-0.23572233352106983,7.758256603520025,3.93476252222909,7.76342511828095,0.03102409142475704
2017-04-12,42.22,53.11000061035156,2344.929931640625,2337.64990234375,0.8,3.7428940424201746,-0.2231435513142097,7.756901388451563,3.972365245926523,7.760010800536579,0.034306951719614176
2017-04-19,42.13,50.439998626708984,2338.169921875,2350.6298828125,0.8,3.7407600759909254,-0.2231435513142097,7.762438606462539,3.920784483870489,7.75712381769518,0.04376590314660955
2017-04-26,43.67,49.619998931884766,2387.449951171875,2407.919921875,0.82,3.7766613674974696,-0.19845093872383832,7.7865185508404515,3.9043939567377532,7.777981109275214,0.039512898611853586
2017-05-03,42.78,47.81999969482422,2388.1298828125,2413.409912109375,0.84,3.7560707036542595,-0.1743533871447778,7.788795927745252,3.8674439556484184,7.778265862820901,0.041403460784181334
2017-05-10,43.3,47.33000183105469,2399.6298828125,2434.969970703125,0.89,3.768152635008444,-0.11653381625595151,7.797689703080533,3.857144382605134,7.783069788948813,0.04377148980958889
2017-05-17,41.16,49.06999969482422,2357.030029296875,2397.8798828125,0.89,3.717466910965849,-0.11653381625595151,7.782340243762619,3.8932478438826195,7.765157643328826,0.052754236081261396
2017-05-24,42.88,51.36000061035156,2404.389892578125,2458.739990234375,0.92,3.7584055167625467,-0.08338160893905101,7.8074042986159276,3.9388596712654977,7.785051467437208,0.05079413489889628
2017-05-31,43.03,48.31999969482422,2411.800048828125,2474.429931640625,0.96,3.7618975468505083,-0.040821994520255166,7.81376531782236,3.8778455473108355,7.788128655915004,0.052975041668319456
2017-06-07,43.2,45.720001220703125,2433.139892578125,2501.929931640625,0.98,3.765840495250065,-0.020202707317519466,7.824817685694913,3.8225358656261528,7.796937839107612,0.05206084444775971
2017-06-14,43.93,44.72999954223633,2437.919921875,2469.800048828125,0.99,3.782597457987688,-0.01005033585350145,7.811892474453794,3.800644407210827,7.798900463675284,0.036469565975561835
2017-06-21,43.64,42.529998779296875,2435.610107421875,2505.840087890625,0.97,3.77597416096487,-0.030459207484708574,7.82637932172428,3.750209680563376,7.797952561595194,0.0522440617936244
2017-06-28,45.57,44.7400016784668,2440.68994140625,2508.840087890625,1.0,3.8192496052757914,0.0,7.827575808938913,3.800867993578004,7.8000360411887755,0.050610309968877054
2017-07-05,44.4,45.130001068115234,2432.5400390625,2475.35009765625,1.03,3.7932394694381792,0.02955880224154443,7.8141371185976585,3.8095472375064308,7.796691273970944,0.0417152162084129
2017-07-12,45.5,45.4900016784668,2443.25,2529.219970703125,1.03,3.817712325956905,0.02955880224154443,7.835666222208609,3.8174925584794015,7.801084399218945,0.0572766133824576
2017-07-19,47.33,47.119998931884766,2473.830078125,2570.659912109375,1.09,3.8571443439181565,0.08617769624105241,7.851917920068006,3.8526975166753505,7.813522867539885,0.056631654926881936
2017-07-26,47.29,48.75,2477.830078125,2590.909912109375,1.11,3.8562988566557843,0.10436001532424286,7.859764410412817,3.886705197443856,7.815138487652678,0.062283455614005945
2017-08-02,46.31,49.59000015258789,2477.570068359375,2564.52001953125,1.06,3.8353579204926604,0.058268908123975824,7.849526613206048,3.9037892035780315,7.815033547684894,0.05218821089228509
2017-08-09,46.1,49.560001373291016,2474.02001953125,2571.070068359375,1.04,3.8308129500026027,0.03922071315328133,7.852077460243172,3.9031840844706065,7.81359964488867,0.05668689926419024
2017-08-16,45.19,46.779998779296875,2468.110107421875,2583.8798828125,1.0,3.810875823423188,0.0,7.85704737884235,3.845455735061481,7.811207998058415,0.06490567724660767
2017-08-23,44.48,48.40999984741211,2444.0400390625,2567.0,0.98,3.7950396499423267,-0.020202707317519466,7.8504931808711405,3.879706400799612,7.801407702752424,0.07166439026234173
2017-08-30,45.28,45.959999084472656,2457.590087890625,2609.27001953125,1.01,3.8128654338949275,0.009950330853168092,7.866825775193962,3.8277714330604646,7.806936509697589,0.08048654613133532
2017-09-06,45.9,49.15999984741211,2465.5400390625,2618.219970703125,1.05,3.8264651170664994,0.04879016416943204,7.870249965363048,3.8950802815939305,7.8101661452656375,0.07952353678293367
2017-09-13,47.62,49.29999923706055,2498.3701171875,2659.800048828125,1.02,3.8632528410587166,0.01980262729617973,7.886006229336881,3.897924065573199,7.823393845117439,0.0773110370419241
2017-09-20,48.89,50.40999984741211,2508.239990234375,2673.06005859375,1.02,3.889572876590554,0.01980262729617973,7.890979184496212,3.9201895650676026,7.827336587060941,0.07692809516963806
2017-09-27,48.89,52.13999938964844,2507.0400390625,2673.5400390625,1.05,3.889572876590554,0.04879016416943204,7.891158730548384,3.953932396799342,7.826858068937222,0.07775766951053154
2017-10-04,49.58,49.97999954223633,2537.739990234375,2712.219970703125,1.06,3.9035875266070446,0.058268908123975824,7.9055227559123065,3.911622916247869,7.839029196310145,0.07558819968197561
2017-10-11,49.75,51.29999923706055,2555.239990234375,2746.340087890625,1.08,3.907010463604602,0.0769610411361284,7.918024427126417,3.9376907373046097,7.845901427868326,0.07875449842421745
2017-10-18,50.54,52.040000915527344,2561.260009765625,2764.989990234375,1.07,3.922765101960048,0.06765864847381486,7.924792293781483,3.9520126712370667,7.84825460770189,0.08232576000949976
2017-10-25,49.99,52.18000030517578,2557.14990234375,2760.739990234375,1.1,3.911822985425479,0.09531017980432493,7.923254035179247,3.9546992855571026,7.846648597876232,0.0829691362647429
2017-11-01,51.51,54.29999923706055,2579.360107421875,2785.719970703125,1.16,3.9417759635774936,0.14842000511827322,7.932261636259667,3.994524212889439,7.855296626774404,0.08022908736736145
2017-11-08,52.5,56.810001373291016,2594.3798828125,2815.89990234375,1.21,3.960813169597578,0.1906203596086497,7.943037170603455,4.039712390742438,7.86110280088214,0.0831174023307586
2017-11-15,50.58,55.33000183105469,2564.6201171875,2773.110107421875,1.23,3.923556241241819,0.20701416938432612,7.927724751795337,4.013315290003361,7.849565644175604,0.08347728068113724
2017-11-22,52.16,58.02000045776367,2597.080078125,2832.68994140625,1.27,3.9543159176183975,0.23901690047049992,7.948982048520167,4.060787786583014,7.862143046044892,0.08764919106761138
2017-11-29,51.78,57.29999923706055,2626.070068359375,2798.820068359375,1.27,3.947003974323392,0.23901690047049992,7.936953203190245,4.048300610405869,7.873243737050323,0.0605409520424276
2017-12-06,50.89,55.959999084472656,2629.27001953125,2766.239990234375,1.28,3.9296664406007413,0.2468600779315258,7.925244272826178,4.024637133436892,7.874461527531557,0.04717775149861314
2017-12-13,52.07,56.599998474121094,2662.85009765625,2818.389892578125,1.28,3.952588967174808,0.2468600779315258,7.943921040793705,4.036008958250146,7.88715229345082,0.04861513720630395
2017-12-20,52.92,58.09000015258789,2679.25,2842.219970703125,1.36,3.968781339246755,0.3074846997479607,7.952340705627736,4.061993534631191,7.893292183593107,0.0486942563341346
2017-12-27,53.22,59.63999938964844,2682.6201171875,2828.929931640625,1.42,3.9744342655495433,0.35065687161316933,7.947653803105345,4.088326479662608,7.894549251577835,0.04229972831039852
2018-01-03,53.88,61.630001068115234,2713.06005859375,2893.919921875,1.39,3.986759351542163,0.3293037471426003,7.970367236412951,4.121148782305244,7.90583244975034,0.04968584665160947
2018-01-10,53.46,63.56999969482422,2748.22998046875,2950.89990234375,1.4,3.978933710710773,0.3364722366212129,7.989865454457023,4.152141656147692,7.918712339967327,0.05168777232625388
2018-01-17,54.04,63.970001220703125,2802.56005859375,3031.22998046875,1.42,3.989724513091998,0.35065687161316933,8.01672375028254,4.1584142425444774,7.938288585080203,0.0519533175754745
2018-01-24,52.99,65.61000061035156,2837.5400390625,3057.510009765625,1.41,3.9701032165046706,0.34358970439007686,8.02535614139591,4.183728132659508,7.950692772372923,0.04373562038666812
2018-01-31,52.08,64.7300033569336,2823.81005859375,3069.389892578125,1.44,3.9527809979003137,0.36464311358790924,8.029234088772167,4.1702248244179705,7.945842336646335,0.054202493612585556
2018-02-07,49.1,61.790000915527344,2681.659912109375,2919.14990234375,1.53,3.893859034800475,0.4252677354043441,7.9790477235416235,4.123741553889644,7.894191251964416,0.07417996235642033
2018-02-14,50.83,60.599998474121094,2698.6298828125,2945.010009765625,1.56,3.928486731458811,0.44468582126144574,7.987867494981651,4.1042948678957485,7.900499472385499,0.07443052497877556
2018-02-21,52.4,61.68000030517578,2701.330078125,2971.510009765625,1.62,3.9589065913269965,0.4824261492442928,7.996825523391189,4.121959734202801,7.901499552222048,0.08203002556561856
2018-02-28,50.91,61.63999938964844,2713.830078125,3002.639892578125,1.63,3.9300593679142444,0.4885800148186709,8.007247144901445,4.12131100055004,7.9061162290482505,0.08618026384468358
2018-03-07,51.81,61.150001525878906,2726.800048828125,3064.340087890625,1.65,3.947583180826697,0.5007752879124892,8.027587519443392,4.11332988708623,7.910884057395379,0.10004392800142803
2018-03-14,52.99,60.959999084472656,2749.47998046875,3090.47998046875,1.73,3.9701032165046706,0.5481214085096876,8.036081691313827,4.110217896359898,7.91916707476797,0.09728628862111499
2018-03-21,53.94,65.16999816894531,2711.929931640625,3072.64990234375,1.71,3.987872317711584,0.5364933705145685,8.030295628645112,4.1769992122477,7.905415812310822,0.11018020725237143
2018-03-28,50.99,64.37999725341797,2605.0,2913.679931640625,1.7,3.9316295350670645,0.5306282510621704,7.977172142575837,4.164802983208623,7.865187954187467,0.11170302291894174
2018-04-04,52.29,63.369998931884766,2644.68994140625,2959.39990234375,1.68,3.956805148200039,0.5187937934151675,7.9927417910697685,4.148990546480206,7.880309113000003,0.10673179636723695
2018-04-11,52.59,66.81999969482422,2642.18994140625,2975.030029296875,1.7,3.962525987601253,0.5306282510621704,7.99800941181009,4.202002432361478,7.879363375536035,0.11328412519866227
2018-04-18,53.94,68.47000122070312,2708.639892578125,3064.5400390625,1.78,3.987872317711584,0.5766133643039938,8.027652768287489,4.226395710961263,7.904201903229968,0.10918634450503184
2018-04-25,51.67,68.05000305175781,2639.39990234375,2941.550048828125,1.82,3.9448773422990935,0.598836501088704,7.986691948889704,4.220242773943291,7.878306860583316,0.103401852655991
2018-05-02,51.72,67.93000030517578,2635.669921875,2956.0400390625,1.81,3.945844553903657,0.5933268452777344,7.991605826990737,4.218477767695714,7.8768926684627605,0.11023679672815767
2018-05-09,53.8,71.13999938964844,2697.7900390625,3081.070068359375,1.85,3.9852734671677386,0.6151856390902335,8.033032240421607,4.264649757940726,7.9001882127841565,0.12001809149066034
2018-05-16,55.98,71.48999786376953,2722.4599609375,3093.739990234375,1.88,4.0249944840873075,0.6312717768418578,8.037135990831969,4.269557549897232,7.909291147972616,0.11175623840642146
2018-05-23,55.08,71.83999633789062,2733.2900390625,3117.090087890625,1.88,4.008786673860454,0.6312717768418578,8.044655181464092,4.274441373018033,7.913261305091413,0.11388229070174383
2018-05-30,55.21,68.20999908447266,2724.010009765625,3115.919921875,1.9,4.011144096295953,0.6418538861723947,8.044279707647256,4.222591168244441,7.909860341919636,0.11812675113811899
2018-06-06,53.08,64.7300033569336,2772.35009765625,3214.56005859375,1.91,3.9718002094640066,0.6471032420585384,8.075445787057461,4.1702248244179705,7.927450650190681,0.1253978150479078
2018-06-13,53.29,66.63999938964844,2775.6298828125,3205.169921875,1.9,3.975748696308691,0.6418538861723947,8.07252038569509,4.19930498869965,7.9286329852206805,0.12086630687756106
2018-06-20,52.96,66.22000122070312,2767.320068359375,3171.199951171875,1.9,3.9695369116287527,0.6418538861723947,8.061865328738303,4.192982550553155,7.925634646519525,0.11428425129378361
2018-06-27,51.74,72.76000213623047,2699.6298828125,3018.9599609375,1.89,3.946231176757883,0.636576829071551,8.012667667259668,4.287166383009878,7.900869962156223,0.09872741677541619
2018-07-04,52.08,74.13999938964844,2713.219970703125,3066.97998046875,1.94,3.9527809979003137,0.6626879730752367,8.028448636694431,4.305955189490167,7.9058913896165315,0.10768718187712167
2018-07-11,53.14,70.37999725341797,2774.02001953125,3157.449951171875,1.93,3.9729299403316674,0.6575200029167941,8.057520003322102,4.253909092868402,7.928052817694897,0.10665403531012707
2018-07-18,52.86,68.76000213623047,2815.6201171875,3250.25,1.96,3.967646909176143,0.6729444732424258,8.086487195442277,4.230622211582572,7.942937806610959,0.11540117014692441
2018-07-25,52.86,69.30000305175781,2846.070068359375,3275.159912109375,1.97,3.967646909176143,0.6780335427498971,8.094121975002299,4.238444950232766,7.953694398290293,0.1084239872018653
2018-08-01,52.94,67.66000366210938,2813.360107421875,3200.93994140625,1.99,3.9691591967989552,0.688134638736401,8.071199777346564,4.214495217477737,7.942134815732725,0.10120455041508514
2018-08-08,54.26,66.94000244140625,2857.699951171875,3251.6201171875,2.02,3.9937873072307855,0.7030975114131134,8.086908648711287,4.20379673225474,7.957772367384274,0.09567106869851472
2018-08-15,51.98,65.01000213623047,2818.3701171875,3183.360107421875,2.03,3.950859029213344,0.7080357930536959,8.065692555479739,4.174541137076406,7.943914024213048,0.09328041728322134
2018-08-22,53.07,67.86000061035156,2861.820068359375,3250.050048828125,2.05,3.9716117968398037,0.7178397931503168,8.086425674844634,4.21744676835036,7.959213088943461,0.09323099075738561
2018-08-29,54.18,69.51000213623047,2914.0400390625,3336.64990234375,2.09,3.992311836656949,0.7371640659767196,8.112722559355932,4.241470657845101,7.977295726901832,0.09496406958399817
2018-09-05,53.36,68.72000122070312,2888.60009765625,3281.080078125,2.1,3.977061401607368,0.7419373447293773,8.095927939284723,4.230040295439433,7.968527268474533,0.09008069329581758
2018-09-12,52.64,70.37000274658203,2888.919921875,3278.239990234375,2.12,3.9634762870170617,0.7514160886839212,8.095061969019966,4.253767075009039,7.968637981797203,0.08906432790889873
2018-09-19,53.37,71.12000274658203,2907.949951171875,3299.840087890625,2.12,3.9772487903458535,0.7514160886839212,8.101629288065473,4.264368629824631,7.975203627766609,0.08671274628525438
2018-09-26,52.05,71.56999969482422,2905.969970703125,3320.199951171875,2.16,3.952204795060978,0.7701082216960737,8.107780286353595,4.270675987486488,7.974522510526639,0.0937889874261959
2018-10-03,52.27,76.41000366210938,2925.510009765625,3342.739990234375,2.19,3.9564225927248304,0.7839015438284094,8.114546106019983,4.33611362558657,7.98122410677965,0.09145122892466695
2018-10-10,47.76,73.16999816894531,2785.679931640625,3068.699951171875,2.23,3.8661884690843467,0.8020015854720274,8.029009282219407,4.292785475871274,7.932247263188912,0.07244549819700374
2018-10-17,49.77,69.75,2809.2099609375,3148.72998046875,2.27,3.9074123928704627,0.8197798314933114,8.054754469716874,4.244917420701475,7.940658570105683,0.08676460344178949
2018-10-24,45.81,66.81999969482422,2656.10009765625,2913.449951171875,2.29,3.8245024078986507,0.8285518175661483,7.977093208186696,4.202002432361478,7.88461419725675,0.08523510363523812
2018-10-31,48.44,65.30999755859375,2711.739990234375,3006.929931640625,2.29,3.8803259186848913,0.8285518175661483,8.008674880967995,4.1791451265327515,7.905345770656715,0.08865460551498217
2018-11-07,50.58,61.66999816894531,2813.889892578125,3140.02001953125,2.32,3.923556241241819,0.8415671856782185,8.051984454528869,4.121797559312228,7.942323108471741,0.08173344709325825
2018-11-14,47.71,56.25,2701.580078125,3000.659912109375,2.33,3.8651410195280156,0.8458682675776092,8.006587514163364,4.029806041084529,7.901592094941785,0.09166630451464108
2018-11-21,48.05,54.630001068115234,2649.929931640625,2934.3798828125,2.36,3.8722421354163012,0.8586616190375187,7.984251426399503,4.000583201959434,7.882288477740371,0.09555262429102385
2018-11-28,51.13,50.290000915527344,2743.7900390625,3057.820068359375,2.35,3.934371409091908,0.8544153281560676,8.025457545110855,3.9178062683888313,7.917095469541609,0.08947625108707058
2018-12-05,49.98,53.25,2700.06005859375,3013.280029296875,2.38,3.9116229254068062,0.8671004876833833,8.010784475169023,3.9749978045895347,7.901029295668639,0.09662778295502683
2018-12-12,49.39,51.150001525878906,2651.070068359375,2995.800048828125,2.39,3.8997479745525334,0.8712933659434193,8.004966603033479,3.93476252222909,7.882718636856135,0.11568346444945732
2018-12-19,45.5,47.20000076293945,2506.9599609375,2816.169921875,2.35,3.817712325956905,0.8544153281560676,7.943133057032383,3.854393908755481,7.826826127124296,0.12977538637195973
2018-12-26,44.58,46.220001220703125,2467.699951171875,2761.739990234375,2.39,3.797285327957723,0.8712933659434193,7.9236161913172385,3.8334126312569468,7.811041801934142,0.13170025375612404
2019-01-02,45.34,46.540000915527344,2510.030029296875,2817.0400390625,2.37,3.814189645079383,0.8628899551470398,7.943441981145083,3.8403121775459836,7.82804999591756,0.12842178340810584
2019-01-09,48.37,52.36000061035156,2584.9599609375,2927.97998046875,2.4,3.878879786834892,0.8754687373538999,7.9820680377862265,3.958142952698528,7.85746529782354,0.12708952413105745
2019-01-16,49.46,52.310001373291016,2616.10009765625,2946.830078125,2.38,3.9011642620932703,0.8671004876833833,7.988485321803194,3.957187583635454,7.86943997547512,0.11724017406248155
2019-01-23,49.06,52.619998931884766,2638.699951171875,2978.4599609375,2.36,3.893044038830343,0.8586616190375187,7.999161654284919,3.9630962553134914,7.87804163211269,0.11623184954349242
2019-01-30,52.31,54.22999954223633,2681.050048828125,3061.780029296875,2.37,3.95718755738252,0.8628899551470398,8.026751734739925,3.9932342524118174,7.8939638060319215,0.12219294051531726
2019-02-06,53.91,54.0099983215332,2731.610107421875,3169.530029296875,2.37,3.9873159894635775,0.8628899551470398,8.061338600138047,3.989169183527836,7.912646497263818,0.13140087623825636
2019-02-13,54.53,53.900001525878906,2753.030029296875,3221.929931640625,2.39,3.9987510089379703,0.8712933659434193,8.077735816647762,3.9871305062243927,7.920457412927968,0.13718759360313548
2019-02-20,56.36,56.91999816894531,2784.699951171875,3276.580078125,2.4,4.03175968703048,0.8754687373538999,8.094555498322816,4.041646741052736,7.93189540909656,0.13846967971529267
2019-02-27,58.76,56.939998626708984,2792.3798828125,3306.7900390625,2.4,4.073461351305676,0.8754687373538999,8.103733221115153,4.0419980577316785,7.934649515806043,0.1439061706031719
2019-03-06,56.12,56.220001220703125,2771.449951171875,3252.27001953125,2.41,4.02749225523426,0.8796267475025636,8.087108499056926,4.029272587191355,7.927125910306718,0.13750165999634412
2019-03-13,57.38,58.2599983215332,2810.919921875,3282.949951171875,2.4,4.049695810553219,0.8754687373538999,8.096497672539783,4.064915722721353,7.941267083085247,0.12768119044564408
2019-03-20,58.22,59.83000183105469,2824.22998046875,3312.429931640625,2.42,4.064228938317477,0.883767540168595,8.105437317358492,4.09150723800623,7.945991033140293,0.13020373000109053
2019-03-27,54.63,59.40999984741211,2805.3701171875,3250.590087890625,2.39,4.000583182407627,0.8712933659434193,8.08659182434757,4.084462559799262,7.939290758338735,0.1204600200728354
2019-04-03,57.43,62.459999084472656,2873.39990234375,3376.050048828125,2.39,4.0505668148762055,0.8712933659434193,8.124461680495807,4.134526337197114,7.963251242590313,0.12578149027087449
2019-04-10,58.46,64.61000061035156,2888.2099609375,3392.2900390625,2.38,4.0683427596831,0.8671004876833833,8.129260500055382,4.168369207016778,7.96839219852576,0.12359673570135499
2019-04-17,59.09,63.7599983215332,2900.449951171875,3396.85009765625,2.39,4.079061705357583,0.8712933659434193,8.130603839325941,4.155126008157198,7.972621159515692,0.11919537244322598
2019-04-24,59.54,65.88999938964844,2927.25,3433.97998046875,2.39,4.086648355587631,0.8712933659434193,8.141475211640996,4.187986675662539,7.981818694728834,0.11757263475763757
2019-05-01,58.9,63.599998474121094,2923.72998046875,3425.0400390625,2.38,4.075841090657541,0.8671004876833833,8.138868440865222,4.15261344635427,7.9806154706646,0.11660034685858989
2019-05-08,58.7,62.119998931884766,2879.419921875,3361.75,2.38,4.072439726834051,0.8671004876833833,8.120216950703979,4.1290679810861,7.9653441368274365,0.11869373240550729
2019-05-15,57.9,62.02000045776367,2850.9599609375,3301.81005859375,2.37,4.05871738457895,0.8628899551470398,8.102226099686169,4.127456921053207,7.955411044947868,0.11419618581261304
2019-05-22,57.85,61.41999816894531,2856.27001953125,3275.4599609375,2.33,4.0578534536396855,0.8458682675776092,8.09421358429551,4.117735485200649,7.95727186364421,0.10365589825858912
2019-05-29,56.56,58.810001373291016,2783.02001953125,3185.6298828125,2.32,4.0353020215883175,0.8415671856782185,8.066405313857503,4.074311931823182,7.931291955007474,0.11113923897421252
2019-06-05,57.89,51.68000030517578,2826.14990234375,3249.139892578125,2.3,4.058544658090914,0.8329091229351039,8.086145591860706,3.9450708653794506,7.946670605837601,0.10998885978715833
2019-06-12,58.59,51.13999938964844,2879.840087890625,3313.260009765625,2.19,4.070564033556697,0.7839015438284094,8.105687880888233,3.9345669579281255,7.965490046550443,0.10396645599558596
2019-06-19,61.0,53.7599983215332,2926.4599609375,3382.360107421875,2.13,4.110873864173311,0.7561219797213337,8.126329001443015,3.984529664993413,7.981548767085487,0.10279309949919657
2019-06-26,60.02,59.380001068115234,2913.780029296875,3382.199951171875,2.1,4.0946778400122215,0.7419373447293773,8.12628164987879,4.083957487323408,7.977206496361854,0.10864437260086213
2019-07-03,62.75,57.34000015258789,2995.820068359375,3474.919921875,2.16,4.139158578011894,0.7701082216960737,8.153326713668626,4.048998463116331,8.00497328554367,0.09797049209064745
2019-07-10,62.71,60.43000030517578,2993.070068359375,3455.800048828125,2.15,4.138520924554929,0.7654678421395714,8.147809272008347,4.101485675423538,8.004054918323535,0.09370057825205791
2019-07-17,62.42,56.779998779296875,2984.419921875,3448.280029296875,2.09,4.133885736842633,0.7371640659767196,8.145630843479118,4.039184129546003,8.00116067591183,0.09545374467978007
2019-07-24,63.46,55.880001068115234,3019.56005859375,3530.489990234375,2.05,4.150409786155049,0.7178397931503168,8.169191947726317,4.023206553503207,8.012866423794808,0.10311353424859071
2019-07-31,63.09,58.58000183105469,2980.3798828125,3443.02001953125,2.04,4.144562278382718,0.712949807856125,8.14410427788196,4.070393372656922,7.9998060488287495,0.09576733075300226
2019-08-07,62.16,51.09000015258789,2883.97998046875,3312.659912109375,1.98,4.129711706059392,0.6830968447064438,8.105506744483034,3.9335887863293553,7.966926556795709,0.10183393624631698
2019-08-14,59.45,55.22999954223633,2840.60009765625,3254.739990234375,1.92,4.085135623136791,0.6523251860396901,8.087867671339756,4.011506275624781,7.9517706108257675,0.10478299369716737
2019-08-21,62.05,55.68000030517578,2924.429931640625,3373.6298828125,1.93,4.127940511650616,0.6575200029167941,8.12374456023415,4.019621021507051,7.980854845505828,0.1011512948062201
2019-08-28,60.08,55.779998779296875,2887.93994140625,3315.43994140625,1.95,4.09567700745588,0.6678293725756554,8.106345606154203,4.021415360315099,7.968298703884516,0.1008088467319439
2019-09-04,60.39,56.2599983215332,2937.780029296875,3382.739990234375,1.93,4.10082352831981,0.6575200029167941,8.126441308077776,4.029983773227604,7.985409483031223,0.0976609348066475
2019-09-11,63.01,55.75,3000.929931640625,3463.3701171875,1.92,4.143293443953964,0.6523251860396901,8.149997416308366,4.020877410340228,8.006677496830777,0.09232616110539915
2019-09-18,64.3,58.11000061035156,3006.72998046875,3474.25,1.91,4.163559631243574,0.6471032420585384,8.15313390736669,4.062337776590397,8.008608381972419,0.0928397003837933
2019-09-25,63.29,56.4900016784668,2984.8701171875,3446.840087890625,1.85,4.147727338787214,0.6151856390902335,8.1452131737641,4.034063661049806,8.001311513050052,0.09483117487430803
2019-10-02,58.43,52.63999938964844,2887.610107421875,3324.31005859375,1.75,4.067829456566345,0.5596157879354227,8.109017430383796,3.963476275422237,7.968184486543502,0.10363582601009469
2019-10-09,59.08,52.59000015258789,2919.39990234375,3371.110107421875,1.66,4.078892457663179,0.5068176023684519,8.12299737783379,3.962525990502715,7.979133361245682,0.10274260997202411
2019-10-16,59.61,53.36000061035156,2989.68994140625,3451.550048828125,1.63,4.087823345231835,0.4885800148186709,8.146578698640491,3.9770614130457407,8.00292496248133,0.09400495878882964
2019-10-23,60.45,55.970001220703125,3004.52001953125,3430.10009765625,1.62,4.101816577060802,0.4824261492442928,8.14034472272433,4.024815854713222,8.007873106934094,0.08104932759663974
2019-10-30,60.53,55.060001373291016,3046.77001953125,3530.639892578125,1.59,4.103139109903596,0.4637340162321402,8.169234406184456,4.0084235246561795,8.021837298464416,0.09096978277910672
2019-11-06,62.09,56.349998474121094,3076.780029296875,3549.580078125,1.53,4.128584945376802,0.4252677354043441,8.174584587620789,4.031582213407188,8.031638884075305,0.08300530045332977
2019-11-13,62.11,57.119998931884766,3094.0400390625,3604.1298828125,1.54,4.128907006571212,0.43178241642553783,8.189835656595088,4.045154299331832,8.037232971922744,0.09065725213158338
2019-11-20,62.76,57.11000061035156,3108.4599609375,3636.4599609375,1.54,4.139317927864832,0.43178241642553783,8.198765949204681,4.044979243364069,8.04188269311735,0.09327127339983932
2019-11-27,64.95,58.11000061035156,3153.6298828125,3685.85009765625,1.59,4.173617743116608,0.4637340162321402,8.212256469376825,4.062337776590397,8.056309412131244,0.0871642590009376
2019-12-04,63.96,58.43000030517578,3112.760009765625,3605.070068359375,1.52,4.158257887965753,0.41871033485818504,8.19009648596827,4.067829461789275,8.043265074558017,0.082723956436066
2019-12-11,64.65,58.7599983215332,3141.6298828125,3654.389892578125,1.54,4.168988105217867,0.43178241642553783,8.203684434195276,4.073461322740891,8.052497015190964,0.08377105767369208
2019-12-18,68.69,60.93000030517578,3191.139892578125,3708.929931640625,1.53,4.2296036282257905,0.4252677354043441,8.218498685868877,4.109725669269032,8.068133465047215,0.07734445296607717
2019-12-25,70.1,61.11000061035156,3223.3798828125,3758.989990234375,1.55,4.249922794040544,0.4382549309311553,8.231905580680712,4.112675528894576,8.078185741085244,0.0770961412834037
2020-01-01,70.74,61.060001373291016,3230.780029296875,3747.780029296875,1.52,4.259011183777335,0.41871033485818504,8.228918951480395,4.111857009797577,8.080478882199797,0.07099446477222848
2020-01-08,73.2,59.61000061035156,3253.050048828125,3811.2099609375,1.51,4.293195420967266,0.412109650826833,8.245701992753677,4.087823355470915,8.087348311792478,0.07844593981785586
2020-01-15,77.3,57.810001373291016,3289.2900390625,3845.25,1.54,4.3476939555933765,0.43178241642553783,8.254593899331919,4.057161794849635,8.098427026874605,0.07228830522075214
2020-01-22,77.76,56.7400016784668,3321.75,3897.1298828125,1.52,4.353627160152183,0.41871033485818504,8.267995633706203,4.038479458962425,8.108247031471418,0.07235035512564814
2020-01-29,75.97,53.33000183105469,3273.39990234375,3830.760009765625,1.53,4.33033852551513,0.4252677354043441,8.250818498459015,3.9764990589469313,8.093584449238506,0.07509115561516921
2020-02-05,80.4,50.75,3334.68994140625,3901.679931640625,1.54,4.387014176184921,0.43178241642553783,8.26916249107358,3.926911617921897,8.112134982935066,0.0682357439105985
2020-02-12,85.73,51.16999816894531,3379.449951171875,3953.580078125,1.55,4.451202822690664,0.4382549309311553,8.282376796301426,3.935153387033246,8.125468238894388,0.06333789596240003
2020-02-19,91.58,53.290000915527344,3386.14990234375,3979.1298828125,1.55,4.5172129072289495,0.4382549309311553,8.2888184519682,3.9757487134887874,8.127448832931021,0.06708907432336808
2020-02-26,82.99,48.72999954223633,3116.389892578125,3621.18994140625,1.5,4.418720118610357,0.4054651081081644,8.194557963901152,3.886294847461537,8.044430525150881,0.08560226370744672
2020-03-04,82.07,46.779998779296875,3130.1201171875,3647.909912109375,0.71,4.4075725416416205,-0.342490308946776,8.201909655743835,3.845455735061481,8.048826658896099,0.08698216231232792
2020-03-11,66.17,32.97999954223633,2741.3798828125,3201.610107421875,0.41,4.192227188023968,-0.8915981192837836,8.071409120815327,3.495901303251414,7.916216679480613,0.1366215922336007
2020-03-18,47.37,20.3700008392334,2398.10009765625,2790.719970703125,0.02,3.85798911693566,-3.912023005428146,7.934054895540658,3.014063271438193,7.78243207685817,0.181002962726879
2020-03-25,58.11,24.489999771118164,2475.56005859375,2990.610107421875,-0.04,4.062337766087015,-9.210340371976182,8.003232694874479,3.1982648616181457,7.8142219357044125,0.20699680199688508
2020-04-01,51.68,20.309999465942383,2470.5,2958.179931640625,0.09,3.945070859474346,-2.4079456086518722,7.992329470237727,3.0111133492969895,7.812175838285805,0.1988730357288917
2020-04-08,59.22,25.09000015258789,2749.97998046875,3285.6201171875,0.22,4.0812593226734455,-1.5141277326297755,8.097310685458854,3.222469366459953,7.919348910804573,0.15826827317164316
2020-04-15,59.46,19.8700008392334,2783.360107421875,3333.110107421875,0.14,4.085303817569952,-1.9661128563728327,8.111661113292195,2.9892110987999296,7.931414148563534,0.1562290483153177
2020-04-22,60.51,13.779999732971191,2799.31005859375,3383.239990234375,0.12,4.10280864063423,-2.120263536200091,8.12658910632795,2.6232182462075144,7.937128258154854,0.16339488419317938
2020-04-29,68.75,15.0600004196167,2939.510009765625,3538.5400390625,0.1,4.230476736546681,-2.3025850929940455,8.171469502716059,2.7120422502347417,7.9859981830978235,0.14188942787064462
2020-05-06,64.91,23.989999771118164,2848.419921875,3441.4599609375,0.12,4.173001695045377,-2.120263536200091,8.143651067581434,3.1776370673108847,7.954519706141579,0.15683196560862633
2020-05-13,63.21,25.290000915527344,2820.0,3422.43994140625,0.13,4.146462516484207,-2.0402208285265546,8.138109008843914,3.2304090968830335,7.944492163932159,0.1649115144537081
2020-05-20,69.82,33.4900016784668,2971.610107421875,3613.75,0.12,4.24592050167689,-2.120263536200091,8.192501293330556,3.511246936924559,7.996859208611843,0.14816739103601684
2020-05-27,73.3,32.810001373291016,3036.1298828125,3646.830078125,0.15,4.294560608892605,-1.8971199848858813,8.201613597489885,3.490733388828877,8.018338918500477,0.12810124119529753
2020-06-03,77.47,37.290000915527344,3122.8701171875,3783.219970703125,0.16,4.349890764643811,-1.8325814637483102,8.238330770101715,3.6187252187422803,8.046507767301192,0.12655330393239694
2020-06-10,82.31,39.599998474121094,3190.139892578125,3866.3701171875,0.17,4.410492606984553,-1.7719568419318752,8.260071391654405,3.6788290797281387,8.067820048290121,0.11934291014569176
2020-06-17,78.86,37.959999084472656,3113.489990234375,3805.68994140625,0.17,4.367674128449481,-1.7719568419318752,8.244252578800916,3.6365329496235144,8.0434995593513,0.13656152058326754
2020-06-24,79.72,38.0099983215332,3050.330078125,3738.35009765625,0.15,4.378520495344594,-1.8971199848858813,8.226399642713838,3.6378492388425983,8.023005086081909,0.1465486739874624
2020-07-01,84.98,39.81999969482422,3115.860107421875,3818.659912109375,0.14,4.442415934686665,-1.9661128563728327,8.247654831704647,3.6843692909721684,8.044260511060456,0.13893008194474987
2020-07-08,94.14,40.900001525878906,3169.93994140625,3916.639892578125,0.15,4.544783035972996,-1.8971199848858813,8.27298939494333,3.711130100356308,8.061467920763222,0.14088976651536278
2020-07-15,99.95,41.20000076293945,3226.56005859375,3928.02001953125,0.16,4.604670060946409,-1.8325814637483102,8.275890766083377,3.7184382748734284,8.07917185136467,0.11974177538037623
2020-07-22,101.57,41.900001525878906,3276.02001953125,4019.3701171875,0.13,4.6207482159514095,-2.0402208285265546,8.298880482069544,3.7352858633452493,8.094384555922312,0.12206625880740418
2020-07-29,98.09,41.27000045776367,3258.43994140625,3960.070068359375,0.11,4.585885424576224,-2.2072749131897207,8.284016998122134,3.7201358548564136,8.08900381424037,0.11451207859206036
2020-08-05,107.02,42.189998626708984,3327.77001953125,4070.1201171875,0.1,4.673015732883159,-2.3025850929940455,8.311427790823627,3.7421831935860923,8.1100576948451,0.11332287204157687
2020-08-12,109.51,42.66999816894531,3380.35009765625,4076.080078125,0.11,4.696015869287668,-2.2072749131897207,8.312891040402084,3.753496054287916,8.12573456230135,0.09349036118804221
2020-08-19,113.1,42.93000030517578,3374.85009765625,4090.5400390625,0.11,4.728272383122075,-2.2072749131897207,8.316432279211067,3.7595708893451527,8.124106186810973,0.09924361680670835
2020-08-26,116.24,43.38999938964844,3478.72998046875,4244.14013671875,0.11,4.755657019262028,-2.2072749131897207,8.353294519150731,3.770228985743618,8.154422558017577,0.0949235108354376
2020-09-02,120.1,41.5099983215332,3580.840087890625,4384.009765625,0.12,4.788324729085938,-2.120263536200091,8.385719056185817,3.725934321629707,8.183352713288023,0.08804876453990218
2020-09-09,113.53,38.04999923706055,3398.9599609375,4066.7900390625,0.12,4.732067119176442,-2.120263536200091,8.310609279067451,3.6389010642567237,8.131224769967277,0.08375059540821361
2020-09-16,119.44,40.15999984741211,3385.489990234375,4079.1201171875,0.12,4.782814153230935,-2.120263536200091,8.313636586588691,3.6928714715839743,8.12725392826334,0.09217197121997067
2020-09-23,113.11,39.93000030517578,3236.919921875,3936.2900390625,0.11,4.7283607965432894,-2.2072749131897207,8.277993944243462,3.6871279287178993,8.082377515243662,0.11749031762974838
2020-09-30,126.11,40.220001220703125,3363.0,4108.56005859375,0.1,4.8371545419677835,-2.3025850929940455,8.320827895396016,3.694364414695155,8.12058871174027,0.10841743926534342
2020-10-07,143.68,39.95000076293945,3419.43994140625,4196.0400390625,0.1,4.96758860455389,-2.3025850929940455,8.341896511668589,3.6876286913096417,8.137232056823812,0.10687741317519794
2020-10-14,146.83,41.040000915527344,3488.669921875,4305.14013671875,0.12,4.989275454974846,-2.120263536200091,8.367564968415357,3.714547223170685,8.157275831344537,0.10531801834144972
2020-10-21,139.41,40.029998779296875,3435.56005859375,4219.25,0.1,4.937419231764997,-2.3025850929940455,8.347412666116593,3.6896291425097747,8.141935236080442,0.10600467781486422
2020-10-28,131.71,37.38999938964844,3271.030029296875,3991.739990234375,0.1,4.880602536010955,-2.3025850929940455,8.291982502603307,3.621403272665097,8.092860207959978,0.11723898314162184
2020-11-04,137.17,39.150001525878906,3443.43994140625,4244.68017578125,0.1,4.921221032490315,-2.3025850929940455,8.353421754512855,3.667400461412007,8.144226233684476,0.10890163068648029
2020-11-11,155.15,41.45000076293945,3572.659912109375,4345.240234375,0.1,5.044392390894389,-2.3025850929940455,8.376836326015715,3.724487899987563,8.181065670764273,0.08227279723677583
2020-11-18,166.18,41.81999969482422,3567.7900390625,4331.4599609375,0.09,5.113071538236835,-2.4079456086518722,8.373659937593024,3.7333746867031232,8.1797016464142,0.08094932591398418
2020-11-25,192.95,45.709999084472656,3629.64990234375,4404.77978515625,0.09,5.262431087983628,-2.4079456086518722,8.390445545101624,3.8223170723146143,8.196891476972386,0.07438393460504322
2020-12-02,182.04,45.279998779296875,3669.010009765625,4497.18017578125,0.09,5.204226443148441,-2.4079456086518722,8.41120585174111,3.812865406935936,8.207677152551513,0.08049277060658078
2020-12-09,184.82,45.52000045776367,3672.820068359375,4522.56005859375,0.08,5.219382378459894,-2.5257286443082556,8.416833497135666,3.818151799874395,8.20871505696914,0.0847105065347975
2020-12-16,195.55,47.81999969482422,3701.169921875,4575.6298828125,0.09,5.2758161012015234,-2.4079456086518722,8.428499647535975,3.8674439556484184,8.216404243754532,0.08593151665720988
2020-12-23,225.0,48.119998931884766,3690.010009765625,4571.93017578125,0.09,5.41610040220442,-2.4079456086518722,8.427690752659247,3.8736978689095696,8.213384449704504,0.08922476851501315
2020-12-30,216.45,48.400001525878906,3732.0400390625,4606.14013671875,0.08,5.37735957388799,-2.5257286443082556,8.435145504737333,3.879499845249009,8.224710290490204,0.08129427907490339
2021-01-06,234.47,50.630001068115234,3748.139892578125,4599.5,0.09,5.457327647932645,-2.4079456086518722,8.433702880917211,3.9245443070783064,8.229014967255718,0.07400409894983895
2021-01-13,261.22,52.90999984741211,3809.840087890625,4701.06005859375,0.09,5.565362964149375,-2.4079456086518722,8.455543306648488,3.9685923540321264,8.24534249555766,0.07366489395226772
2021-01-20,260.07,53.2400016784668,3851.85009765625,4821.02978515625,0.08,5.560950825548659,-2.5257286443082556,8.480742832597748,3.9748100250533343,8.256308856702912,0.08396750249046114
2021-01-27,258.49,52.849998474121094,3750.77001953125,4723.35986328125,0.08,5.554857008480675,-2.5257286443082556,8.460275660785863,3.967457683444365,8.22971643642705,0.099623989507867
2021-02-03,267.29,55.689998626708984,3830.169921875,4775.18017578125,0.04,5.588334211296536,-3.2188758248682006,8.47118698535086,4.019800572942015,8.250664447215353,0.08207913043034587
2021-02-10,276.04,58.68000030517578,3909.8798828125,4946.330078125,0.05,5.6205457827524015,-2.995732273553991,8.50640118223247,4.0720989584754586,8.271261931999215,0.08931330498397116
2021-02-17,257.65,61.13999938964844,3931.330078125,5035.0400390625,0.04,5.551602074774233,-3.2188758248682006,8.524176757268512,4.113166306479837,8.276733089875632,0.09965675317790357
2021-02-24,236.48,63.220001220703125,3925.429931640625,4971.3798828125,0.03,5.465863637759837,-3.506557897319982,8.511452722972153,4.146620726096284,8.275231160941527,0.08897296823977108
2021-03-03,212.02,61.279998779296875,3819.719970703125,4743.52978515625,0.05,5.356680609844951,-2.995732273553991,8.464536817964952,4.115453505512246,8.247932392814938,0.07914023866507769
2021-03-10,209.64,64.44000244140625,3898.81005859375,4717.18017578125,0.04,5.345391773933965,-3.2188758248682006,8.458966479667607,4.165734596195276,8.268426672380151,0.045730074007970245
2021-03-17,216.48,64.5999984741211,3974.1201171875,4899.5,0.02,5.3774981644224775,-3.912023005428146,8.496888438075873,4.168214387168139,8.287558648419315,0.05766278555568327
2021-03-24,187.57,61.18000030517578,3889.139892578125,4773.77001953125,0.02,5.23415210907225,-3.912023005428146,8.470891632200741,4.11382034371092,8.265943304858274,0.061028681088581394
2021-03-31,203.74,59.15999984741211,3972.889892578125,4930.3701171875,0.03,5.31684467116192,-3.506557897319982,8.503169338699012,4.080245635263358,8.287249041506103,0.06436426220718161
2021-04-07,195.55,59.77000045776367,4079.949951171875,5069.85986328125,0.02,5.2758161012015234,-3.912023005428146,8.531068455824775,4.090503870494916,8.31384000045333,0.056141705600778025
2021-04-14,188.17,63.150001525878906,4124.66015625,5100.68994140625,0.02,5.237345809556553,-3.912023005428146,8.537131092191224,4.145512872959269,8.324738909011202,0.047399053457494844
2021-04-21,181.03,61.349998474121094,4173.419921875,5133.33984375,0.03,5.198662763387852,-3.506557897319982,8.543511767995794,4.116595146285218,8.336491103823857,0.037815320174672706
2021-04-28,190.78,63.86000061035156,4183.18017578125,5139.81982421875,0.01,5.251120931717062,-4.605170185988091,8.544773304180877,4.156693196844286,8.338827043854575,0.03590367017211271
2021-05-05,170.0,65.62999725341797,4167.58984375,4985.7998046875,0.02,5.135798437050262,-3.912023005428146,8.514349111790748,4.184032866636141,8.335093172580937,0.01055164084958804
2021-05-12,151.16,66.08000183105469,4063.0400390625,4828.83984375,0.02,5.018338878481289,-3.912023005428146,8.482361519813097,4.190866156922388,8.309686750495533,0.013076624785123059
2021-05-19,161.4,63.36000061035156,4115.68017578125,4967.89990234375,0.01,5.083885755835849,-4.605170185988091,8.5107524749288,4.148832757139244,8.322559391257878,0.023981135331016645
2021-05-26,169.88,66.20999908447266,4195.990234375,5119.830078125,0.02,5.13509230544507,-3.912023005428146,8.540876529616613,4.192831495109125,8.341884642148132,0.027853394856593994
2021-06-02,178.14,68.83000183105469,4208.1201171875,5184.60009765625,0.02,5.182569758003724,-3.912023005428146,8.55344799091124,4.231639723012839,8.344771298969153,0.03650356560759782
2021-06-09,184.89,69.95999908447266,4219.5498046875,5263.93017578125,0.03,5.219761053642261,-3.506557897319982,8.568633208437934,4.247923637063961,8.347483719985524,0.04800417788285749
2021-06-16,182.36,72.1500015258789,4223.7001953125,5285.68017578125,0.04,5.205982755345241,-3.2188758248682006,8.572756589319651,4.278747306368582,8.34846684637863,0.05079206082786136
2021-06-23,186.26,73.08000183105469,4241.83984375,5321.10986328125,0.05,5.227143547093512,-2.995732273553991,8.579437181494901,4.291554756565288,8.352752379520334,0.05165110176758603
2021-06-30,193.43,73.47000122070312,4297.5,5418.18994140625,0.05,5.264915689914006,-2.995732273553991,8.597517079506778,4.296877176247174,8.365788737257004,0.052022158900337345
2021-07-07,181.7,72.19999694824219,4358.1298828125,5427.47021484375,0.05,5.202356975402125,-2.995732273553991,8.599228413914958,4.279440003630666,8.379798318367591,0.034702606945778314
2021-07-14,171.27,73.12999725341797,4374.2998046875,5423.6201171875,0.06,5.143241258644277,-2.8134107167600364,8.598518789775813,4.292238641725331,8.383501741340346,0.028962181300769885
2021-07-21,177.85,70.30000305175781,4358.68994140625,5424.169921875,0.05,5.180940498394464,-2.995732273553991,8.598620156908842,4.252771842227114,8.379926819037747,0.03391979214011265
2021-07-28,171.42,72.38999938964844,4400.64013671875,5481.64990234375,0.05,5.1441166854707365,-2.995732273553991,8.609161411697484,4.282068159873615,8.389505294942245,0.03144945971370383
2021-08-04,169.8,68.1500015258789,4402.66015625,5552.85986328125,0.05,5.134621273877247,-2.995732273553991,8.622068364705132,4.221711180532547,8.389964218186817,0.04373300249604206
2021-08-11,176.14,69.25,4442.41015625,5526.33984375,0.05,5.171279133377313,-2.995732273553991,8.617281002642319,4.237723145067448,8.39895233613269,0.026736006905103693
2021-08-18,157.78,65.45999908447266,4400.27001953125,5420.33984375,0.07,5.061201657666944,-2.659260036932778,8.597913794266908,4.181439255086977,8.389421186098692,0.02031609736549811
2021-08-25,165.42,68.36000061035156,4496.18994140625,5562.5498046875,0.06,5.1084876942637605,-2.8134107167600364,8.623811880086098,4.22478786717588,8.410985637435218,0.016920614760282504
2021-09-01,169.8,68.58999633789062,4524.08984375,5612.7099609375,0.05,5.134621273877247,-2.995732273553991,8.632788940871949,4.228146698119927,8.4171716964,0.017494413217111315
2021-09-08,165.81,69.30000305175781,4514.06982421875,5574.740234375,0.05,5.110842554513281,-2.995732273553991,8.62600100051181,4.238444950232766,8.414954425627087,0.013718456426047965
2021-09-15,166.67,72.61000061035156,4480.7001953125,5572.93994140625,0.04,5.116015809554085,-3.2188758248682006,8.625678010803455,4.285102661798044,8.407534606793,0.02347469235256483
2021-09-22,163.42,72.2300033569336,4395.64013671875,5472.0498046875,0.03,5.096323573956561,-3.506557897319982,8.607408560994793,4.279855518538368,8.388368450643727,0.031240920328135857
2021-09-29,159.05,74.83000183105469,4359.4599609375,5318.259765625,0.04,5.069218618195153,-3.2188758248682006,8.578901417098356,4.315218898561794,8.38010346650123,0.01396109099336229
2021-10-06,151.79,77.43000030517578,4363.5498046875,5274.89990234375,0.04,5.022497986638768,-3.2188758248682006,8.570714982305219,4.349374306339944,8.381041180469131,0.004500847381603279
2021-10-13,166.44,80.44000244140625,4363.7998046875,5300.2900390625,0.05,5.11463488411474,-2.995732273553991,8.575516822394306,4.3875115952551,8.381098471631113,0.009224862046457005
2021-10-20,169.81,83.87000274658203,4536.18994140625,5513.0498046875,0.05,5.13468016495821,-2.995732273553991,8.614873252593409,4.429268013744406,8.419842718738614,-0.004049643547057613
2021-10-27,172.81,82.66000366210938,4551.68017578125,5456.8701171875,0.06,5.1521927250659,-2.8134107167600364,8.604630665764534,4.414735853386868,8.423251713184303,-0.018923074467201317
2021-11-03,192.19,80.86000061035156,4660.56982421875,5654.93994140625,0.05,5.258484466046314,-2.995732273553991,8.640284768052842,4.392719271760876,8.446892999519385,-0.015383753496079677
2021-11-10,186.48,81.33999633789062,4646.7099609375,5643.83984375,0.05,5.228323994727502,-2.995732273553991,8.638319936196948,4.398637855456833,8.443914712877929,-0.013302823085293625
2021-11-17,192.29,78.36000061035156,4688.669921875,5747.75,0.05,5.259004649162495,-2.995732273553991,8.656563752864045,4.361313600865411,8.452904222471261,-0.007270530387188501
2021-11-24,184.85,78.38999938964844,4701.4599609375,5700.31982421875,0.06,5.219544685382641,-2.8134107167600364,8.648277561760624,4.361696360414541,8.455628369449347,-0.01925725551558166
2021-12-01,168.37,65.56999969482422,4513.0400390625,5512.7001953125,0.06,5.126163938669708,-2.8134107167600364,8.614809835705646,4.18311826962133,8.414726271727043,0.0028372202973159233
2021-12-08,168.7,72.36000061035156,4701.2099609375,5698.81005859375,0.07,5.128121989551922,-2.659260036932778,8.648012670378677,4.281653668962025,8.455575193063886,-0.019449911065430925
2021-12-15,155.04,70.87000274658203,4709.85009765625,5697.64013671875,0.06,5.043683148142456,-2.8134107167600364,8.64780735699441,4.2608472515773785,8.457411360104047,-0.02214950932577331
2021-12-22,150.16,72.76000213623047,4696.56005859375,5677.14013671875,0.08,5.011701392278253,-2.5257286443082556,8.644202887861432,4.287166383009878,8.454585617299946,-0.02191543469568913
2021-12-29,144.88,76.55999755859375,4793.06005859375,5813.39013671875,0.05,4.9759058135751575,-2.995732273553991,8.667919179971678,4.338074715255902,8.474924329561775,-0.025827643306767456
2022-01-05,142.66,77.8499984741211,4700.580078125,5596.6201171875,0.09,4.960464176849892,-2.4079456086518722,8.629918144011086,4.354783878679764,8.45544120096008,-0.03736241996362466
2022-01-12,139.72,82.63999938964844,4726.35009765625,5644.8798828125,0.12,4.939640419938631,-2.120263536200091,8.63850419784763,4.414493817425716,8.460908534067089,-0.03620329732833838
2022-01-19,124.19,86.95999908447266,4532.759765625,5398.1201171875,0.17,4.8218126509599415,-1.7719568419318752,8.593806045495528,4.46544823228481,8.419086252762812,-0.024089252609767797
2022-01-26,112.39,87.3499984741211,4349.93017578125,5129.5498046875,0.19,4.721974965530176,-1.6607312068216509,8.542773176943054,4.469923019111503,8.377915072409362,-0.019194392235769797
2022-02-02,115.57,88.26000213623047,4589.3798828125,5415.77001953125,0.2,4.74987640698735,-1.6094379124341003,8.597070350531599,4.480287028045236,8.431500192143753,-0.03768828330142249
2022-02-09,122.23,89.66000366210938,4587.18017578125,5419.75,0.27,4.805904515789171,-1.3093333199837622,8.597804967908626,4.496024779571698,8.431020773481567,-0.0363024143267765
2022-02-16,123.79,93.66000366210938,4475.009765625,5228.490234375,0.39,4.818586581543719,-0.941608539858445,8.561877841268897,4.539671242855431,8.406263812969144,-0.03859920623489188
2022-02-23,107.72,92.0999984741211,4225.5,4906.14013671875,0.36,4.679535267943399,-1.0216512475319814,8.49824278876408,4.522874926693629,8.348892875984538,-0.0243004665970723
2022-03-02,122.51,110.5999984741211,4386.5400390625,5140.33984375,0.33,4.808192659306079,-1.1086626245216111,8.544874473724636,4.705920075291861,8.386296049319439,-0.028477976838248154
2022-03-09,130.11,108.69999694824219,4277.8798828125,4974.93994140625,0.38,4.868380246515384,-0.9675840262617056,8.51216857744068,4.688591766052115,8.361212811364219,-0.02711031679191578
2022-03-16,127.61,95.04000091552734,4357.85986328125,5026.39990234375,0.43,4.848978737745885,-0.843970070294529,8.52245928166007,4.554297865247409,8.379736358787738,-0.041982358215605586
2022-03-23,135.81,114.93000030517578,4456.240234375,5101.93994140625,0.5,4.911256850115977,-0.6931471805599453,8.537376127053923,4.744323250035986,8.402060692715605,-0.05739132047805917
2022-03-30,137.07,107.81999969482422,4602.4501953125,5283.83984375,0.55,4.920491744243289,-0.5978370007556204,8.572408355521627,4.680463167193103,8.434344091823805,-0.0662134867264701
2022-04-06,131.5,96.2300033569336,4481.14990234375,5095.81005859375,0.67,4.879006851617819,-0.40047756659712525,8.53617392391092,4.566741194252789,8.407634967104036,-0.06616572593057946
2022-04-13,125.54,104.25,4446.58984375,5015.740234375,0.75,4.832624432889386,-0.2876820724517809,8.520336293566439,4.646791860678911,8.399892754134273,-0.07148618420113273
2022-04-20,119.32,102.75,4459.4501953125,5045.64990234375,0.82,4.781808959646548,-0.19845093872383832,8.526281745570026,4.632298853376344,8.402780762821562,-0.06946385914249653
2022-04-27,107.08,102.0199966430664,4183.9599609375,4693.64013671875,0.82,4.673576218652152,-0.19845093872383832,8.453963708946903,4.625168839590118,8.339013436133364,-0.05515912394400502
2022-05-04,116.89,107.80999755859375,4300.169921875,4934.509765625,0.88,4.761233321619679,-0.12783337150988489,8.504008608660666,4.680370395905574,8.366409817616006,-0.04232999953650207
2022-05-11,87.8,105.70999908447266,3935.179931640625,4425.2998046875,0.9,4.475061500641071,-0.10536051565782628,8.395093307618687,4.660699487119826,8.277711885763061,-0.03075631176583471
2022-05-18,102.06,109.58999633789062,3923.679931640625,4516.9501953125,1.02,4.625560875635825,0.01980262729617973,8.415592309539466,4.6967460960588445,8.27478525049831,-0.006281711809037915
2022-05-25,102.91,110.33000183105469,3978.72998046875,4579.81982421875,1.05,4.6338548198480005,0.04879016416943204,8.429414936644175,4.703475891368377,8.288717946970387,-0.01138552948477134
2022-06-01,107.68,115.26000213623047,4101.22998046875,4734.7001953125,1.12,4.679163865896418,0.11332868530700327,8.462673686891726,4.747190464542534,8.319042202939107,-0.019319835961750798
2022-06-08,113.31,122.11000061035156,4115.77001953125,4781.9501953125,1.25,4.730127425392475,0.22314355131420976,8.472603732931097,4.804922282843306,8.322581220643436,-0.014197260126890043
2022-06-15,100.22,115.30999755859375,3789.989990234375,4401.009765625,1.69,4.607367769531579,0.5247285289349821,8.389589285764549,4.747624132610479,8.240118656973875,0.014807036592459966
2022-06-22,100.69,106.19000244140625,3759.889892578125,4327.43994140625,1.57,4.612046489927524,0.45107561936021673,8.372731408596174,4.665229965406678,8.232144952066362,0.008780794630524724
2022-06-29,94.8,109.77999877929688,3818.830078125,4381.5400390625,1.73,4.551769409260976,0.5481214085096876,8.385155548663098,4.698478352002203,8.247699392421811,7.548161074133475e-05
2022-07-06,94.49,98.52999877929688,3845.080078125,4364.60986328125,1.85,4.548494008794535,0.6151856390902335,8.381284085878585,4.590361057945231,8.254549708283342,-0.013101582938777057
2022-07-13,97.02,96.30000305175781,3801.780029296875,4325.2001953125,2.33,4.57491714281707,0.8458682675776092,8.372213706228253,4.567468350494192,8.24322466479831,-0.006787804139586129
2022-07-20,105.87,102.26000213623047,3959.89990234375,4592.72021484375,2.44,4.662211926355289,0.8919980393051105,8.432227766912723,4.627518610542039,8.283974026743131,-0.0021284660841871528
2022-07-27,104.65,97.26000213623047,4023.610107421875,4680.41015625,2.37,4.650621448892009,0.8628899551470398,8.451141025295872,4.577387826939761,8.299934815291493,-0.004896652044440231
2022-08-03,118.92,90.66000366210938,4155.169921875,4878.02978515625,2.44,4.778450998129897,0.8919980393051105,8.492496684775315,4.5071162859065845,8.332108602211463,-0.0072464879613036715
2022-08-10,128.6,91.93000030517578,4210.240234375,4883.08984375,2.56,4.856706811803519,0.9400072584914712,8.493533463185862,4.521027421195317,8.34527498784532,-0.024095182844213525
2022-08-17,125.45,88.11000061035156,4274.0400390625,4903.330078125,2.59,4.8319072728124315,0.9516578757114463,8.49766986105054,4.4785860408057925,8.360314803889144,-0.04038916243245083
2022-08-24,123.98,94.88999938964844,4140.77001953125,4721.85009765625,2.73,4.8201202622737735,1.0043016091968684,8.459955971621916,4.552718319553466,8.328637044580281,-0.03507136998033644
2022-08-31,119.07,89.55000305175781,3955.0,4497.22998046875,2.87,4.779711555463083,1.0543120297715298,8.411216926327802,4.4947971625855345,8.282735880201754,-0.021457384422941317
2022-09-07,118.06,81.94000244140625,3979.8701171875,4470.77978515625,2.98,4.771192969812543,1.091923300517313,8.405318120974046,4.405987301913773,8.2890044638735,-0.03587155526625985
2022-09-14,122.81,88.4800033569336,3946.010009765625,4430.72021484375,3.14,4.810638445622293,1.144222799920162,8.396317426539184,4.482776575714051,8.28046022326602,-0.03326558774789845
2022-09-21,113.76,82.94000244140625,3789.929931640625,4232.16015625,3.21,4.73409096605493,1.1662709371419244,8.350467816926507,4.418117484254047,8.240102810211805,-0.02429290569701692
2022-09-28,107.46,82.1500015258789,3719.0400390625,4181.25,3.29,4.677118685300675,1.1908875647772805,8.338365523876538,4.408546863057579,8.22122085995007,-0.010745591745784822
2022-10-05,105.35,87.76000213623047,3783.280029296875,4333.68994140625,3.33,4.6572881402501976,1.2029723039923526,8.374174638560257,4.4746058403087074,8.238346644969553,0.0017995248208020342
2022-10-12,91.8,87.2699966430664,3577.030029296875,4006.93994140625,3.56,4.519612297626445,1.269760544863939,8.295783122105112,4.469006722709153,8.182288134330538,-0.0004410248628019531
2022-10-19,91.27,85.55000305175781,3695.159912109375,4137.18994140625,3.91,4.513822146528786,1.3635373739972745,8.327772078244347,4.449101036010415,8.214779110418604,-0.012588440030143033
2022-10-26,94.42,87.91000366210938,3830.60009765625,4363.68017578125,3.94,4.54775291511814,1.3711807233098425,8.381071057324457,4.47631360552057,8.250776753362283,-0.008189356441549833
2022-11-02,90.67,90.0,3759.68994140625,4271.02978515625,4.04,4.507226541657965,1.3962446919730587,8.359610244630368,4.499809670330265,8.232091770591776,-0.004268126590016408
2022-11-09,89.27,85.83000183105469,3748.570068359375,4323.68994140625,4.11,4.4916654851912705,1.4134230285081433,8.371864469760283,4.452368617063633,8.2291297311412,0.012009790307759616
2022-11-16,97.95,85.58999633789062,3958.7900390625,4613.6298828125,4.14,4.58445714439055,1.4206957878372228,8.436770219394086,4.449568411106867,8.283693711868644,0.0027947715527112393
2022-11-23,96.94,77.94000244140625,4027.260009765625,4700.58984375,4.21,4.57409223041723,1.43746264769429,8.455443278494064,4.3559393312347385,8.300841525383863,-0.0018260913997671935
2022-11-30,97.78,80.55000305175781,4080.110107421875,4778.02978515625,4.27,4.5827200571505,1.451613827240533,8.471783561678851,4.388878147509486,8.313879254147267,-0.0031965115233791863
2022-12-07,89.4,72.01000213623047,3933.919921875,4605.72998046875,4.2,4.493120682179469,1.4350845252893227,8.435056455229459,4.276805027926522,8.277391643346558,0.009641859346988468
2022-12-14,91.34,77.27999877929688,3995.320068359375,4720.75,4.23,4.514588807756853,1.4422019930581866,8.459722964261687,4.347435174108415,8.29287897222755,0.013270080819440366
2022-12-21,84.4,78.29000091552734,3878.43994140625,4563.91015625,4.22,4.4355674016019115,1.4398351280479205,8.42593502547927,4.360419892613875,8.263188274805554,0.019814560558907957
2022-12-28,76.02,78.95999908447266,3783.219970703125,4399.14013671875,4.35,4.330996463561102,1.4701758451005926,8.389164377335685,4.368941383530402,8.238330770101715,0.016810828324215876
2023-01-04,80.94,72.83999633789062,3852.969970703125,4545.8701171875,4.41,4.393708139447719,1.4838746894587547,8.42197443321408,4.28826520458333,8.256599550851464,0.024804218544312917
2023-01-11,89.58,77.41000366210938,3969.610107421875,4728.89013671875,4.57,4.495132080779154,1.5195132049061133,8.461445810553068,4.349116018524583,8.286423159140934,0.023762628664398378
2023-01-18,93.12,79.4800033569336,3928.860107421875,4689.89990234375,4.54,4.533888983983128,1.5129270120532565,8.453166518428716,4.375505459919821,8.276104613788892,0.02950024842866128
2023-01-25,93.88,80.1500015258789,4016.219970703125,4809.5498046875,4.56,4.542017370982823,1.5173226235262947,8.478358763020392,4.383899898093352,8.298096433453003,0.024818379181111183
2023-02-01,98.21,76.41000366210938,4119.2099609375,4952.22998046875,4.54,4.587108043169683,1.5129270120532565,8.507593255222378,4.33611362558657,8.323416666901833,0.019657375783404873
2023-02-08,94.53,78.47000122070312,4117.85986328125,4904.14990234375,4.59,4.548917244437293,1.5238800240724537,8.497837044510977,4.362716401695685,8.323088856722448,0.010346468769750317
2023-02-15,96.96,78.58999633789062,4147.60009765625,4955.16015625,4.66,4.574298522321004,1.5390154481375546,8.508184768391082,4.364244418280432,8.330285156229365,0.01091859999884548
2023-02-22,88.85,73.94999694824219,3991.050048828125,4729.0400390625,4.71,4.486949554600661,1.5496879080283263,8.461477509316111,4.303389147888954,8.291809645393087,0.016477220159922368
2023-03-01,88.19,77.69000244140625,3951.389892578125,4697.14990234375,4.73,4.479493577900089,1.5539252025038417,8.454711200004379,4.352726580387303,8.281822667541661,0.0232774150211128
2023-03-08,87.66,76.66000366210938,3992.010009765625,4776.83984375,4.89,4.473465694990663,1.5871923034867805,8.471534486294546,4.339380107723206,8.292050144884529,0.026207497970423432
2023-03-15,78.42,67.61000061035156,3891.929931640625,4678.93994140625,4.59,4.362078996864185,1.5238800240724537,8.450826855008298,4.2137559101301205,8.266660439968252,0.0399897336709909
2023-03-22,77.5,70.9000015258789,3936.969970703125,4763.43994140625,4.63,4.350277936359301,1.5325568680981427,8.46872536298637,4.261270455059646,8.278166663457988,0.042257964771479806
2023-03-29,80.59,72.97000122070312,4027.81005859375,4879.6298828125,4.64,4.38937457233642,1.534714366238164,8.492824652284952,4.290048414506364,8.300978097461899,0.035369760234754466
2023-04-05,78.11,80.61000061035156,4090.3798828125,4915.490234375,4.72,4.358118089622206,1.5518087995974639,8.500146770104772,4.38962271886717,8.316393125606938,0.021751805215068032
2023-04-12,78.99,83.26000213623047,4091.949951171875,4889.330078125,4.87,4.369321262176328,1.5830939370944985,8.494810574745342,4.421968267424173,8.316776896100306,0.015894288583359284
2023-04-19,77.66,79.16000366210938,4154.52001953125,4910.7900390625,5.01,4.352340324303521,1.6114359150967734,8.499190111930941,4.371471166996483,8.3319521818517,-0.00034057635892636995
2023-04-26,72.33,74.30000305175781,4055.989990234375,4727.43994140625,5.0,4.28123898086119,1.6094379124341003,8.461139096360165,4.308110992797169,8.30795007737704,-0.005786668262238948
2023-05-03,72.11,68.5999984741211,4090.75,4776.68017578125,5.09,4.2781927309286685,1.6272778305624314,8.471501060296916,4.228292512488706,8.316483606309005,-0.007016815331194692
2023-05-10,59.86,72.55999755859375,4137.64013671875,4811.4599609375,5.08,4.0920085024245525,1.6253112615903906,8.478755843227487,4.284413772160157,8.327880889013558,-0.015244322005303346
2023-05-17,77.34,72.83000183105469,4158.77001953125,4885.509765625,5.1,4.348211286179151,1.62924053973028,8.494028912282205,4.288127983371313,8.332974641154884,-0.0068907045313508775
2023-05-24,76.45,74.33999633789062,4115.240234375,4852.60986328125,5.21,4.336636932375072,1.6505798557652755,8.487271955339422,4.308649115607477,8.322452491571148,0.0006458303468637183
2023-05-31,76.41,68.08999633789062,4179.830078125,5058.56982421875,5.26,4.336113577659475,1.6601310267496185,8.528839078895297,4.220830305711508,8.338025873526252,0.021057770180140878
2023-06-07,82.04,72.52999877929688,4267.52001953125,5125.759765625,5.16,4.40720693320418,1.6409365794934714,8.542034039970336,4.284000252545001,8.358788145818986,0.006048858383016054
2023-06-14,83.48,68.2699966430664,4372.58984375,5322.43017578125,5.1,4.4246070822090005,1.62924053973028,8.579685277993233,4.223470382258757,8.38311075413735,0.01065979410862461
2023-06-21,80.47,72.52999877929688,4365.68994140625,5254.56005859375,5.15,4.387884444158042,1.6389967146756448,8.566851561175385,4.284000252545001,8.381531517961028,-2.865769563875631e-05
2023-06-28,81.12,69.55999755859375,4376.85986328125,5260.5400390625,5.18,4.395929539842873,1.6448050562713916,8.567988969484942,4.242189654388235,8.38408682006452,-0.0023624212626831564
2023-07-05,85.68,71.79000091552734,4446.81982421875,5322.490234375,5.21,4.450619426139493,1.6505798557652755,8.579696561984363,4.273745203341245,8.399944473435955,-0.012196172284477669
2023-07-12,90.42,75.75,4472.16015625,5413.08984375,5.24,4.504465481866459,1.6563214983329508,8.596575344433115,4.327438444389479,8.405626827308598,-0.0030364094102246497
2023-07-19,90.85,75.3499984741211,4565.72021484375,5502.2099609375,5.26,4.50920979484218,1.6601310267496185,8.612905101595654,4.322143904821955,8.4263315494444,-0.014832347871859497
2023-07-26,88.26,78.77999877929688,4566.75,5466.14990234375,5.28,4.4802870038414015,1.6639260977181702,8.606329790616863,4.366659142047671,8.426557071156793,-0.02171401191338518
2023-08-02,86.05,79.48999786376953,4513.39013671875,5452.08984375,5.27,4.454928522657548,1.6620303625532709,8.603754271725032,4.375631200710817,8.41480384340258,-0.008323718550004244
2023-08-09,82.37,84.4000015258789,4467.7099609375,5379.580078125,5.28,4.411221292953157,1.6639260977181702,8.590365597716461,4.435567419681045,8.404631243341102,-0.007893735579795447
2023-08-16,75.19,79.37999725341797,4404.330078125,5267.5400390625,5.29,4.320018243389936,1.665818245870208,8.56931874680038,4.37424641275449,8.390343444653652,-0.009531763987324027
2023-08-23,74.91,78.88999938964844,4436.009765625,5377.31982421875,5.3,4.316287392959792,1.667706820558076,8.589945355088933,4.368054469370256,8.39751054991621,0.0013589096772825826
2023-08-30,76.87,81.62999725341797,4514.8701171875,5483.52001953125,5.32,4.34211568336104,1.6714733033535532,8.609502513060974,4.402196807816541,8.415131698479945,-0.003020841902092286
2023-09-06,74.68,87.54000091552734,4465.47998046875,5458.06982421875,5.31,4.313212318673522,1.6695918352538475,8.60485049419099,4.472095842221138,8.40413198595831,0.007269361794721263
2023-09-13,72.4,88.5199966430664,4467.43994140625,5339.759765625,5.31,4.282206299391671,1.6695918352538475,8.58293594323159,4.483228477259965,8.4045708034975,-0.015241287410326265
2023-09-20,69.51,90.27999877929688,4402.2001953125,5243.18994140625,5.33,4.2414706271123945,1.673351238177753,8.564685359535297,4.502915938428033,8.389859739315023,-0.013508076550470705
2023-09-27,65.69,93.68000030517578,4274.509765625,5116.89013671875,5.34,4.184946706904381,1.6752256529721035,8.540302138322257,4.539884722547103,8.360424700087611,0.0020938297144503792
2023-10-04,61.65,84.22000122070312,4263.75,5159.919921875,5.34,4.121473229610353,1.6752256529721035,8.548676339338714,4.433432437228,8.357904333732856,0.013891745209676287
2023-10-11,63.76,83.48999786376953,4376.9501953125,5333.0400390625,5.34,4.15512603448196,1.6752256529721035,8.581676718365875,4.424726838619246,8.38410745839929,0.011297292104508472
2023-10-18,59.52,88.31999969482422,4314.60009765625,5231.14013671875,5.34,4.086312390524837,1.6752256529721035,8.562384532673168,4.480966579073444,8.36975992197041,0.011495077825504296
2023-10-25,54.02,85.38999938964844,4186.77001953125,4994.1201171875,5.32,3.98935434836447,1.6714733033535532,8.516016522850727,4.447228990771704,8.339684837243151,0.005981645686450321
2023-11-01,51.49,80.44000244140625,4237.85986328125,5056.990234375,5.31,3.94138761405805,1.6695918352538475,8.528526769967776,4.3875115952551,8.351813671571112,0.002015849302566153
2023-11-08,53.64,75.33000183105469,4382.77978515625,5278.77001953125,5.28,3.9822950584134778,1.6639260977181702,8.57144839871669,4.321878486144715,8.385438456207982,-0.0007390807510017083
2023-11-15,57.35,76.66000366210938,4502.8798828125,5488.0,5.26,4.04917284357538,1.6601310267496185,8.610319169405722,4.339380107723206,8.41247244502074,0.0014081958545162365
2023-11-22,54.65,77.0999984741211,4556.6201171875,5553.5,5.27,4.000949214622548,1.6620303625532709,8.622183638607174,4.345103260778377,8.424336425310983,-0.002843595589595793
2023-11-29,55.32,77.86000061035156,4550.580078125,5565.3798828125,5.25,4.013134506796558,1.6582280766035324,8.62432052423923,4.3549123500214,8.423009993516677,0.0010951406863952684
2023-12-06,55.83,69.37999725341797,4549.33984375,5527.41015625,5.25,4.022311359322269,1.6582280766035324,8.617474658642019,4.239598601954085,8.422737412132813,-0.005380445078753127
2023-12-13,58.49,69.47000122070312,4707.08984375,5827.85986328125,5.24,4.068855799454934,1.6563214983329508,8.670405121604114,4.240895022276448,8.456825128482633,0.0012446036744577782
2023-12-20,59.76,74.22000122070312,4698.35009765625,5817.330078125,5.24,4.090336540824562,1.6563214983329508,8.668596686004697,4.307033672079543,8.454966683016252,0.001960716396853357
2023-12-27,63.78,74.11000061035156,4781.580078125,5956.5400390625,5.24,4.155439661581911,1.6563214983329508,8.692245061127762,4.305550484199019,8.472526331139687,0.0017557253579401078
2024-01-03,58.52,72.69999694824219,4704.81005859375,5739.97998046875,5.24,4.069368576151923,1.6563214983329508,8.655211001584316,4.286341342562062,8.45634068108636,-0.013291433617926174
2024-01-10,55.17,71.37000274658203,4783.4501953125,5837.81982421875,5.23,4.01041932728434,1.6544112780768316,8.672112688351085,4.26787765146668,8.472917363297007,-0.018907833075996194
2024-01-17,49.62,72.55999755859375,4739.2099609375,5826.39990234375,5.24,3.9043939782636548,1.6563214983329508,8.670154576142712,4.284413772160157,8.463625725889615,-0.008244005040186408
2024-01-24,50.27,75.08999633789062,4868.5498046875,6153.02978515625,5.21,3.917408477704484,1.6505798557652755,8.724699887482268,4.31868734534219,8.49055139035262,0.009724962110931656
2024-01-31,49.43,75.8499984741211,4845.64990234375,6067.25,5.22,3.9005575273188677,1.6524974018945473,8.710660733620447,4.328757685677482,8.485836654099707,0.002090397305071434
2024-02-07,49.72,73.86000061035156,4995.06005859375,6241.64013671875,5.23,3.9064072666425105,1.6544112780768316,8.738998269249333,4.3021714176880455,8.516204714752861,-0.010824628922458501
2024-02-14,52.99,76.63999938964844,5000.6201171875,6286.08984375,5.23,3.9701032165046706,1.6544112780768316,8.74609450992957,4.339119125698728,8.517317207163467,-0.005239619483077718
2024-02-21,49.76,77.91000366210938,4981.7998046875,6189.31005859375,5.24,3.907211448430924,1.6563214983329508,8.730578898819228,4.355554361347122,8.513546511290832,-0.015633044277203467
2024-02-28,48.85,78.54000091552734,5069.759765625,6362.7998046875,5.24,3.888754378488792,1.6563214983329508,8.758223780328207,4.363608060806692,8.531048711956679,-0.01176349119099207
2024-03-06,48.33,79.12999725341797,5104.759765625,6527.77978515625,5.24,3.8780524858569927,1.6563214983329508,8.783822162183437,4.371092034911357,8.537928670847986,0.004489021233364809
2024-03-13,46.68,79.72000122070312,5165.31005859375,6489.77001953125,5.25,3.8433158074183553,1.6582280766035324,8.777982372942565,4.378520510656976,8.549720410457438,-0.017368895512896998
2024-03-20,46.34,81.68000030517578,5224.6201171875,6486.6298828125,5.24,3.8360055190042304,1.6563214983329508,8.777498396369143,4.402809177592647,8.561137369345388,-0.033361890199676836
2024-03-27,47.67,81.3499984741211,5248.490234375,6530.259765625,5.22,3.864302269216734,1.6524974018945473,8.784202001819995,4.398760814908084,8.56569573982346,-0.03285046350725196
2024-04-03,47.08,85.43000030517578,5211.490234375,6496.43994140625,5.22,3.851848282392076,1.6524974018945473,8.779009604518455,4.4476973307357595,8.558621127316929,-0.02843257013632794
2024-04-10,45.92,86.20999908447266,5160.64013671875,6420.5400390625,5.25,3.826900752011311,1.6582280766035324,8.7672575113803,4.456786169602099,8.548815908284746,-0.02686506380250364
2024-04-17,41.76,82.69000244140625,5022.2099609375,6179.8701171875,5.25,3.731938943574383,1.6582280766035324,8.729052533594556,4.415098705258881,8.521625347074872,-0.028133856527498224
2024-04-24,41.0,82.80999755859375,5071.6298828125,6209.8701171875,5.26,3.713572066704308,1.6601310267496185,8.733895259602118,4.416548797563586,8.531417520822824,-0.03659300902511475
2024-05-01,42.69,79.0,5018.39013671875,6155.72021484375,5.26,3.7539647007698704,1.6601310267496185,8.725137044745248,4.3694478524670215,8.520864471357111,-0.031015757062739624
2024-05-08,44.82,78.98999786376953,5187.669921875,6419.0400390625,5.25,3.802654468372781,1.6582280766035324,8.767023858878007,4.369321235132012,8.554039920026582,-0.034195115050177805
2024-05-15,46.16,78.62999725341797,5308.14990234375,6648.1201171875,5.25,3.832113622199844,1.6582280766035324,8.802089404541055,4.364753271072964,8.576998635886746,-0.03031713374899425
2024-05-22,47.31,77.56999969482422,5307.009765625,6668.490234375,5.25,3.8567216896430567,1.6582280766035324,8.805148761620348,4.351180750568582,8.576783822966583,-0.02696597063777162
2024-05-29,47.01,79.2300033569336,5266.9501953125,6611.419921875,5.26,3.850360345036039,1.6601310267496185,8.796553723978432,4.372355057346626,8.569206763450927,-0.025268183857036774
2024-06-05,47.7,74.06999969482422,5354.02978515625,6751.60986328125,5.25,3.8649313978942956,1.6582280766035324,8.817536253694275,4.305010587905098,8.585604787224376,-0.0265610472841189
2024-06-12,47.01,78.5,5421.02978515625,6886.330078125,5.25,3.850360345036039,1.6582280766035324,8.837293577417807,4.363098624788363,8.5980410736478,-0.023697415943708222
2024-06-19,43.78,81.56999969482422,5487.02978515625,7060.27978515625,5.24,3.779177092094717,1.6563214983329508,8.862239959327587,4.401461543571214,8.610142365357756,-0.015189663109033802
2024-06-26,42.77,80.9000015258789,5477.89990234375,6944.64013671875,5.24,3.7558369222388173,1.6563214983329508,8.845725437678734,4.393213842925743,8.608477076991555,-0.029442024782637688
2024-07-03,42.99,83.87999725341797,5537.02001953125,7116.3798828125,5.24,3.76096753050819,1.6563214983329508,8.870154431679623,4.429387173289536,8.619211732408132,-0.019595194642569425
2024-07-10,44.28,82.0999984741211,5633.91015625,7208.35986328125,5.23,3.790533107840436,1.6544112780768316,8.8829967235804,4.407937997872768,8.636559001601677,-0.03031776925137919
2024-07-17,48.11,82.8499984741211,5588.27001953125,6993.0,5.2,3.8734900557113625,1.6486586255873816,8.852664927703866,4.417031725455204,8.628425040528537,-0.04960023484173348
2024-07-24,44.67,77.58999633789062,5427.1298828125,6800.35009765625,5.18,3.7993021353640275,1.6448050562713916,8.824729374788342,4.351438505707644,8.599165706486161,-0.03778934160626868
2024-07-31,45.05,77.91000366210938,5522.2998046875,7046.9599609375,5.15,3.807772984054347,1.6389967146756448,8.860351591593483,4.355554361347122,8.616549683788394,-0.025781856316633878
2024-08-07,37.68,75.2300033569336,5199.5,6510.02978515625,5.09,3.629129449708162,1.6272778305624314,8.781099310484967,4.320550132194402,8.556317746100287,-0.023213906505917592
2024-08-14,38.06,76.9800033569336,5455.2099609375,6852.8701171875,5.07,3.6391638618680036,1.623340817603092,8.832422838712144,4.343545691463466,8.604326387157537,-0.03710624627493608
2024-08-21,40.84,71.93000030517578,5620.85009765625,7103.02001953125,5.02,3.7096619932964647,1.6134299337036377,8.868275327455228,4.275693428121942,8.634238194376811,-0.04188653588551894
2024-08-28,39.5,74.5199966430664,5592.18017578125,6952.2998046875,4.96,3.676300671907076,1.601405740736836,8.846827790970423,4.311067500685969,8.629124503670202,-0.05638753585624201
2024-09-04,38.66,69.19999694824219,5520.06982421875,6858.8701171875,4.96,3.654805473780185,1.601405740736836,8.833298001205073,4.237000818523076,8.61614578850613,-0.05228678752968818
2024-09-11,39.54,67.30999755859375,5554.1298828125,6913.64990234375,4.89,3.6773128177424708,1.5871923034867805,8.841252983148575,4.209308777751543,8.622297053047486,-0.05268780249641836
2024-09-18,39.93,70.91000366210938,5618.259765625,6912.7998046875,4.65,3.6871279210751298,1.536867219599265,8.841130016273443,4.261411518960374,8.633777244691538,-0.0684056840856897
2024-09-25,39.73,69.69000244140625,5722.259765625,7052.43994140625,4.51,3.6821065698265074,1.506297153514587,8.861128926910256,4.244056870482803,8.652119070277095,-0.07332266462710102
2024-10-02,41.15,70.0999984741211,5709.5400390625,7106.0498046875,4.48,3.717223927123079,1.4996230464268938,8.868701785378182,4.24992277227337,8.649893745826196,-0.06272688231791435
2024-10-09,42.62,73.23999786376953,5792.0400390625,7219.330078125,4.54,3.752323626670471,1.5129270120532565,8.884517440618598,4.293741690638772,8.664239846863223,-0.06639924862710167
2024-10-16,43.43,70.38999938964844,5842.47021484375,7090.169921875,4.51,3.7711504465467307,1.506297153514587,8.866464585652947,4.254051198949042,8.6729089683844,-0.09622840619823236
2024-10-23,41.39,70.7699966430664,5797.419921875,7004.91015625,4.52,3.7230393057606412,1.5085119938441398,8.854366633028615,4.259435134653277,8.665168256507341,-0.09781122586204383
2024-10-30,42.81,68.61000061035156,5813.669921875,7057.7099609375,4.47,3.7567717201568547,1.4973884086254774,8.861875909729399,4.228438305598756,8.667967306523858,-0.09410423292459846
2024-11-06,42.04,71.69000244140625,5929.0400390625,7171.64990234375,4.44,3.7386215460087504,1.4906543764441336,8.877891019024878,4.2723513019198265,8.687617596773197,-0.1047824585531334
2024-11-13,41.24,68.43000030517578,5985.3798828125,7262.47998046875,4.4,3.719408659148759,1.4816045409242156,8.890476644594406,4.225811329424085,8.697075088461073,-0.10504407289518802
2024-11-20,40.96,68.87000274658203,5917.10986328125,7056.4501953125,4.42,3.7125959807312525,1.4861396960896067,8.861697398841837,4.23222070943728,8.685603409900173,-0.1182399682706805
2024-11-27,44.13,68.72000122070312,5998.740234375,7173.7998046875,4.4,3.7871398232814557,1.4816045409242156,8.87819075202785,4.230040295439433,8.699304765227808,-0.12035880157314693
2024-12-04,43.53,68.54000091552734,6086.490234375,7377.14013671875,4.35,3.773450355564206,1.4701758451005926,8.90614132714128,4.2274175298040255,8.71382687837535,-0.11213534626980781
2024-12-11,43.67,70.29000091552734,6084.18994140625,7369.7900390625,4.26,3.7766613674974696,1.449269160281279,8.905144496183613,4.252629554212815,8.713448872715368,-0.11261868701653732
2024-12-18,40.79,70.58000183105469,5872.16015625,7089.8701171875,4.25,3.708436953329467,1.4469189829363254,8.866422300202874,4.256746844190092,8.677977844488144,-0.10315635113774313
2024-12-25,43.72,70.0999984741211,6040.0400390625,7252.0498046875,4.28,3.777805663308338,1.4539530095937054,8.889039439568686,4.24992277227337,8.706165919890747,-0.11883043943510962
2025-01-01,42.25,71.72000122070312,5881.6298828125,7057.31982421875,4.23,3.7436043538031827,1.4422019930581866,8.861820630112597,4.272769665757332,8.679589193436865,-0.10994690885369351
2025-01-08,44.74,73.31999969482422,5918.25,7153.3701171875,4.21,3.8008679560619836,1.43746264769429,8.875338869701052,4.29483341880926,8.685796076069254,-0.10486021886771546
2025-01-15,43.2,80.04000091552734,5949.91015625,7210.759765625,4.21,3.765840495250065,1.43746264769429,8.883329601374284,4.382526521153905,8.691131398635756,-0.10411709272031544
2025-01-22,41.93,75.44000244140625,6086.3701171875,7454.990234375,4.22,3.7360015611826713,1.4398351280479205,8.91663891725499,4.323337670687427,8.713807143130873,-0.10161094741770604
2025-01-29,40.55,72.62000274658203,6039.31005859375,7304.43017578125,4.2,3.702535780561422,1.4350845252893227,8.896236316457985,4.285240403807478,8.70604505569462,-0.11146937828051051
2025-02-05,40.33,71.02999877929688,6061.47998046875,7401.60009765625,4.22,3.697095608885277,1.4398351280479205,8.909451485231058,4.2631023058239785,8.709709270445682,-0.10323174980544358
2025-02-12,39.26,71.37000274658203,6051.97021484375,7264.580078125,4.23,3.670206188848315,1.4422019930581866,8.890765773662835,4.26787765146668,8.708139153356768,-0.11978458390506397
2025-02-19,41.29,72.25,6144.14990234375,7346.509765625,4.22,3.720620339897999,1.4398351280479205,8.901980617604575,4.2801323269925415,8.723255672697805,-0.1291043126610063
2025-02-26,38.65,68.62000274658203,5956.06005859375,7156.75,4.2,3.654546775033431,1.4350845252893227,8.875811246291558,4.228584077456272,8.692164477465912,-0.1130388020978792
2025-03-05,35.98,66.30999755859375,5842.6298828125,7029.97021484375,4.21,3.582963228522387,1.43746264769429,8.857937747931404,4.194340678562705,8.672936296856971,-0.10479236744630072
2025-03-12,35.11,67.68000030517578,5599.2998046875,6742.3798828125,4.21,3.558485990180341,1.43746264769429,8.816168239921938,4.214790719807066,8.630396834028497,-0.08877544510997559
2025-03-19,36.53,67.16000366210938,5675.2900390625,6843.14013671875,4.2,3.5981338408071912,1.4350845252893227,8.83100198958524,4.207077886737471,8.643876949248469,-0.09225334508722227
2025-03-26,35.32,69.6500015258789,5712.2001953125,6839.18017578125,4.2,3.564449375735759,1.4350845252893227,8.830423146091208,4.243482722133623,8.650359551604213,-0.10163828119695317
2025-04-02,33.58,71.70999908447266,5670.97021484375,6733.60009765625,4.21,3.5139306516493947,1.43746264769429,8.814865212400194,4.272630195127403,8.64311549581257,-0.10735574917469037
2025-04-09,31.49,62.349998474121094,5456.89990234375,6491.7900390625,4.24,3.4496700351129332,1.4445632692438664,8.778293586623885,4.132763647653248,8.60463612403536,-0.09165625093800145
2025-04-16,30.55,62.470001220703125,5275.7001953125,6245.240234375,4.21,3.4193646856176043,1.43746264769429,8.739574890094413,4.134686461046108,8.570866687983166,-0.0845018913803468
2025-04-23,31.31,62.27000045776367,5375.85986328125,6355.509765625,4.22,3.443937535338314,1.4398351280479205,8.757077395296363,4.131479776235632,8.58967381476525,-0.09254735151541915
2025-04-30,32.71,58.209999084472656,5569.06005859375,6687.3701171875,4.2,3.4876808415502927,1.4350845252893227,8.807975969286685,4.064057145555636,8.624981567980026,-0.0896115134448916
2025-05-07,34.41,58.06999969482422,5631.27978515625,6803.06005859375,4.22,3.538347219809389,1.4398351280479205,8.825127798557414,4.061649174128649,8.63609201060459,-0.08755232465775542
2025-05-14,38.98,63.150001525878906,5892.580078125,7170.27001953125,4.29,3.6630486940794147,1.4562867329399256,8.877698592512349,4.145512872959269,8.681449224556724,-0.0965956487581554
2025-05-21,36.34,61.56999969482422,5844.60986328125,7123.759765625,4.24,3.592919062968025,1.4445632692438664,8.871190922002805,4.120174733966553,8.673275124592298,-0.09199946353406041
2025-05-28,38.7,61.84000015258789,5888.5498046875,7182.43994140625,4.24,3.655839600035736,1.4445632692438664,8.879394429023323,4.124550406746629,8.680765033204143,-0.09397039346024094
2025-06-04,38.51,62.849998474121094,5970.81005859375,7321.08984375,4.25,3.6509179478268177,1.4469189829363254,8.89851448163117,4.140750910758151,8.694637885388493,-0.09369549199313454
2025-06-11,41.44,68.1500015258789,6022.240234375,7444.39990234375,4.26,3.7242465979512276,1.449269160281279,8.915217337751727,4.221711180532547,8.703214601034924,-0.08864341254778907
2025-06-18,40.9,75.13999938964844,5980.8701171875,7318.9501953125,4.23,3.711130063048756,1.4422019930581866,8.898222180729393,4.319353032022964,8.696321340906323,-0.09627463148084914
2025-06-25,40.63,64.91999816894531,6092.16015625,7474.66015625,4.19,3.7045067099996354,1.4327007339340465,8.919273933178543,4.173155714441604,8.714758003270603,-0.10026759832724252
2025-07-02,43.76,67.44999694824219,6227.419921875,7629.490234375,4.24,3.7787201581137255,1.4445632692438664,8.939776311348666,4.211386537409022,8.73671738826201,-0.10959527410864744
2025-07-09,46.27,68.37999725341797,6263.259765625,7687.56982421875,4.26,3.8344938029189084,1.449269160281279,8.947359994898727,4.225080344044702,8.74245605789474,-0.10980711055248982
2025-07-16,47.82,66.37999725341797,6263.7001953125,7620.22021484375,4.24,3.867443962030179,1.4445632692438664,8.938560547848901,4.195395764915178,8.742526374985088,-0.1187020776999681
2025-07-23,51.61,65.25,6358.91015625,7702.31005859375,4.25,3.9437154521606357,1.4469189829363254,8.949275570458068,4.178226046202803,8.757612282570335,-0.128480044186432
2025-07-30,47.85,70.0,6362.89990234375,7717.240234375,4.25,3.8680711178989635,1.4469189829363254,8.951212096512775,4.248495242049359,8.758239511904238,-0.1273955586090718
2025-08-06,47.75,64.3499984741211,6345.06005859375,7630.91015625,4.14,3.865979066926739,1.4206957878372228,8.93996240369785,4.164336910329953,8.7554318456031,-0.13483126313272287
2025-08-13,51.49,62.650001525878906,6466.580078125,7807.7001953125,4.11,3.94138761405805,1.4134230285081433,8.962865730239,4.137563705697686,8.774402666312993,-0.13769826693107312
2025-08-20,50.76,63.209999084472656,6395.77978515625,7665.18017578125,4.12,3.927108642846187,1.415853163361435,8.944443297328569,4.146462502000307,8.763393643272975,-0.1411658296861784
2025-08-27,53.31,64.1500015258789,6481.39990234375,7805.919921875,4.08,3.9761239308346696,1.4060969884160703,8.96263768915284,4.161224114847754,8.776691800326576,-0.1410359120045115
2025-09-03,51.83,63.970001220703125,6448.259765625,7749.47021484375,4.03,3.947969132201615,1.3937663759585917,8.955379760635784,4.1584142425444774,8.77156556960716,-0.141330269411176
2025-09-10,51.87,63.66999816894531,6532.0400390625,7881.27001953125,3.94,3.9487405883633087,1.3711807233098425,8.972244339856713,4.153713465270418,8.784474583750457,-0.14200154506533735
2025-09-17,56.59,64.05000305175781,6600.35009765625,8069.77978515625,3.88,4.035832291154432,1.355835153635182,8.995881472806941,4.159664075989234,8.794877971707107,-0.13249657584132457
2025-09-24,60.84,64.98999786376953,6637.97021484375,8213.58984375,3.87,4.1082474673910925,1.3532545070416904,9.013545359467726,4.1742333790361155,8.800561505202024,-0.12255331117678558
2025-10-01,64.03,61.779998779296875,6711.2001953125,8426.6904296875,3.85,4.159351723530711,1.3480731482996928,9.039159379567446,4.123579667731563,8.811533080634556,-0.11184329167697982
2025-10-08,68.31,62.54999923706055,6753.72021484375,8463.330078125,3.85,4.224056168743758,1.3480731482996928,9.043498001405688,4.135966224715647,8.817848774982902,-0.11608403138398415
2025-10-15,75.34,58.27000045776367,6671.06005859375,8374.5302734375,3.87,4.322011202263895,1.3532545070416904,9.032950268366616,4.065087389010889,8.805534055606143,-0.10990321107101941
2025-10-22,66.72,58.5,6699.39990234375,8427.3203125,3.8,4.200504758050491,1.33500106673234,9.039234125314607,4.069026754237811,8.809773234553345,-0.10937793692280628
2025-10-29,69.63,60.47999954223633,6890.58984375,8623.26953125,3.77,4.2431955089544555,1.3270750014599193,9.062219587711885,4.1023127243024335,8.83791196901548,-0.12461667649938235
2025-11-05,69.24,59.599998474121094,6796.2900390625,8509.8798828125,3.8,4.237578730308009,1.33500106673234,9.048983106639662,4.087655548469309,8.824132159789107,-0.11913439778733448
2025-11-12,67.01,58.4900016784668,6850.919921875,8399.1904296875,3.79,4.20484186198508,1.332366019094335,9.035890602768648,4.068855828151579,8.832138217403717,-0.14310248540881965
2025-11-19,62.64,59.439998626708984,6642.16015625,8076.490234375,3.79,4.137404051682548,1.332366019094335,8.996712680212365,4.084967377305684,8.801192514300308,-0.14024316541464543
2025-11-26,64.91,58.650001525878906,6812.60986328125,8240.8603515625,3.76,4.173001695045377,1.324418957401803,9.016860029050397,4.071587601116175,8.826530565561649,-0.15451551623797144
2025-12-03,65.19,58.95000076293945,6849.72021484375,8422.3896484375,3.64,4.177306082936448,1.2919836816486494,9.038648873198735,4.076689639925525,8.831963085873753,-0.14010631291592368
2025-12-10,68.05,58.459999084472656,6886.68017578125,8584.150390625,3.6,4.220242729097475,1.2809338454620642,9.05767280403416,4.068342744022352,8.837344415636885,-0.12839248467344433
2025-12-17,62.69,55.939998626708984,6721.43017578125,8244.25,3.55,4.138201945285877,1.2669476034873244,9.017271266635463,4.024279663224457,8.8130562346504,-0.1358004865293747
2025-12-24,67.95,58.349998474121094,6932.0498046875,8571.01953125,3.6,4.218772140597153,1.2809338454620642,9.056141969656057,4.066459332582112,8.84391083555976,-0.13884327107408367
2025-12-31,64.44,57.41999816894531,6845.5,8430.1298828125,3.57,4.165734558308774,1.2725655957915476,9.039567458091032,4.050392642804121,8.83134678107381,-0.13835052764483358
2026-01-07,69.87,55.9900016784668,6920.93017578125,8804.849609375,3.52,4.246636372564359,1.2584609896100056,9.083057940645313,4.025173133338776,8.842305458043862,-0.10974652416917507
2026-01-14,73.73,62.02000045776367,6926.60009765625,8829.6103515625,3.57,4.300409772001559,1.2725655957915476,9.085866164828479,4.127456921053207,8.843124365398443,-0.1080507195996745
2026-01-21,74.01,60.619998931884766,6875.6201171875,8916.23046875,3.59,4.304200219209375,1.2781522025001875,9.095628543066928,4.104624854009808,8.835737117330735,-0.08825336048633936
2026-01-28,76.3,63.209999084472656,6978.02978515625,9185.23046875,3.59,4.334672938290411,1.2781522025001875,9.125352089196161,4.146462502000307,8.85052189017502,-0.07861373618727896
2026-02-04,71.34,65.13999938964844,6882.72021484375,8668.6396484375,3.6,4.267457179930745,1.2809338454620642,9.067467154169572,4.1765387904782445,8.836769232849786,-0.11781679509806864
2026-02-11,72.84,64.62999725341797,6941.47021484375,8983.0400390625,3.61,4.288265254859407,1.2837077723447896,9.103093638423159,4.168678656777789,8.845268877583818,-0.09373639289933955
2026-02-18,70.79,65.19000244140625,6881.31005859375,9004.9404296875,3.61,4.259717747786098,1.2837077723447896,9.105528642339703,4.1773061203870725,8.836564328293939,-0.07947696061003207
2026-02-25,72.37,65.41999816894531,6946.1298828125,9133.5,3.6,4.281791848878036,1.2809338454620642,9.119704251716739,4.180827994121019,8.845939932065635,-0.0780373530129772
2026-03-04,68.43,74.66000366210938,6869.5,9001.1201171875,3.6,4.225811324964407,1.2809338454620642,9.105104306039447,4.312944522536924,8.834846602364003,-0.07756790473268538
2026-03-11,69.68,87.25,6775.7998046875,8880.1904296875,3.61,4.243913332544247,1.2837077723447896,9.091578280540908,4.468777561082536,8.821112691132669,-0.07243751917251195
2026-03-18,67.67,96.31999969482422,6624.7001953125,8777.1201171875,3.62,4.2146429502441345,1.2864740258376797,9.079903627947658,4.567675978392158,8.798560396292714,-0.05347669759060558
2026-03-25,69.24,90.31999969482422,6591.89990234375,8815.830078125,3.63,4.237578730308009,1.2892326482767593,9.084304256947076,4.503358916462578,8.793596886756747,-0.04233354108849241
2026-04-01,66.66,100.12000274658203,6575.31982421875,8707.73046875,3.61,4.199605072879594,1.2837077723447896,9.071966469733702,4.606369493996474,8.79107849832969,-0.05125030067839553
2026-04-08,68.68,94.41000366210938,6782.81005859375,9127.7099609375,3.61,4.229458036029275,1.2837077723447896,9.11907011638081,4.547647038533847,8.822146757987843,-0.04635037977977596
2026-04-15,73.8,91.29000091552734,7022.9501953125,9452.759765625,3.62,4.301358731606427,1.2864740258376797,9.154062016543266,4.51404126260577,8.856938664479667,-0.05862047935609738
2026-04-22,79.45,92.95999908447266,7137.89990234375,9646.66015625,3.6,4.375127892982725,1.2809338454620642,9.17436703662944,4.532169283254985,8.873173880744122,-0.060369691538856074
2026-04-29,77.12,106.87999725341797,7135.9501953125,9555.5498046875,3.6,4.34536265030229,1.2809338454620642,9.164877396064215,4.671706684090524,8.872900694879057,-0.06948823113304314
2026-05-06,84.82,95.08000183105469,7365.1201171875,10051.26953125,3.61,4.4405313640464446,1.2837077723447896,9.215454227026743,4.5547186617500355,8.904510637954164,-0.06185095916563732
2026-05-13,88.83,101.0199966430664,7444.25,10041.2099609375,3.61,4.486724430781609,1.2837077723447896,9.214452900022087,4.61531848380952,8.91519720129278,-0.07736912082081382
2026-05-20,83.73,98.26000213623047,7432.97021484375,9914.419921875,3.57,4.4275973362163406,1.2725655957915476,9.201745534136506,4.587617048481093,8.91368081756588,-0.08801660167762826
2026-05-27,95.21,88.68000030517578,7520.35986328125,10308.2998046875,3.59,4.5560849782976,1.2781522025001875,9.240704656010491,4.485034388189425,8.925369269958653,-0.06493529995310254
2026-06-03,95.71,96.0199966430664,7553.68017578125,10715.1796875,3.63,4.561322786207815,1.2892326482767593,9.27941667748242,4.564556468142019,8.929790163983368,-0.03222870656228061
2026-06-10,79.63,90.02999877929688,7266.990234375,10025.0595703125,3.64,4.377390906269353,1.2919836816486494,9.212843194332926,4.500142934561537,8.891097486784028,-0.04624130748137745
2026-06-17,84.34,76.79000091552734,7420.10009765625,10605.009765625,3.68,4.434856248318414,1.3029127521808397,9.269081787849373,4.341074435264933,8.911947826320603,-0.01832621908709342
2026-06-24,80.23,70.33999633789062,7358.22021484375,10443.5703125,3.7,4.3848975097655645,1.308332819650179,9.253741786929384,4.2533405749828646,8.903573363844721,-0.022290187956624408
2026-07-01,80.92,68.58000183105469,7483.22998046875,10649.919921875,3.71,4.393461012299545,1.3110318766193438,9.273307652036532,4.228000973734317,8.920419793333698,-0.025608839002520867
2026-07-08,74.74,73.5199966430664,7482.7099609375,10387.6298828125,3.73,4.314015424057338,1.3164082336557241,9.248370942846062,4.297557432387289,8.920350299598791,-0.05045114655731808
2026-07-15,74.16,79.5999984741211,7572.39990234375,10353.509765625,3.7,4.306224921257599,1.308332819650179,9.245080848999319,4.377014073681004,8.932265324239415,-0.06992684068397281
2026-07-22,71.88,86.83000183105469,7498.9599609375,10271.7998046875,3.75,4.274998061915358,1.3217558399823195,9.237157536320769,4.463952205160365,8.922519618033569,-0.06461139726667042
2026-07-29,63.3,84.45999908447266,7316.14990234375,9825.5302734375,3.7,4.147885329150131,1.308332819650179,9.192739407132178,4.436278038666023,8.897839498959643,-0.07550357462221058
2026-08-05,71.25,75.22000122070312,7723.5498046875,10531.3896484375,3.74,4.26619481914876,1.3190856114264407,9.26211556683261,4.320417169270629,8.95202935659438,-0.07973996725429267
2026-08-12,73.47,83.2699966430664,7748.5,10743.5595703125,3.72,4.296877159632186,1.3137236682850553,9.282061744279485,4.422088299933885,8.95525455522739,-0.06417496210640294
2026-08-19,71.13,85.83000183105469,7707.97998046875,10589.8798828125,3.71,4.264509188745424,1.3110318766193438,9.267654096020502,4.452368617063633,8.950011432290193,-0.07146025060201922
