Date,Open,High,Low,Close
21-08-2026,69.27,71.09,69.27,70.58
20-08-2026,71.13,71.13,68.76,69.27
19-08-2026,70.83,71.52,69.79,71.13
18-08-2026,73.51,73.51,70.49,70.83
17-08-2026,74.35,74.35,73.07,73.51
14-08-2026,73.71,75.29,73.71,74.35
13-08-2026,73.47,74.7,73.34,73.71
12-08-2026,74.15,75.64,73.42,73.47
11-08-2026,73.38,74.85,73.38,74.15
10-08-2026,73.71,74.37,73.33,73.38
07-08-2026,71.35,73.85,71.25,73.71
06-08-2026,71.25,73.62,70.46,71.34
05-08-2026,73.31,73.31,71.25,71.25
04-08-2026,69.83,73.66,69.83,73.31
03-08-2026,68.1,70.4,67.43,69.83
31-07-2026,67.95,69.7,67.12,68.1
30-07-2026,63.3,68.04,63.3,67.95
29-07-2026,65.91,66.29,63.23,63.3
28-07-2026,68.26,68.26,64.63,65.91
27-07-2026,67.28,68.72,66.39,68.26
24-07-2026,70.66,70.72,67.18,67.28
23-07-2026,71.88,72.38,70.33,70.65
22-07-2026,72.67,73.6,71.86,71.88
21-07-2026,70.51,72.97,70.51,72.67
20-07-2026,70.98,71.69,70.08,70.51
17-07-2026,71,72.13,68.81,70.98
16-07-2026,74.16,74.16,70.38,70.99
15-07-2026,74.19,76,72.71,74.16
14-07-2026,72.24,74.84,72.24,74.19
13-07-2026,74.73,74.73,71.94,72.24
10-07-2026,75.69,76.04,74.49,74.73
09-07-2026,74.74,76.45,74.74,75.69
08-07-2026,74.97,74.99,73.09,74.74
07-07-2026,79.67,79.67,74.35,74.97
06-07-2026,77.78,80.9,77.78,79.67
02-07-2026,80.92,83.18,76.68,77.78
01-07-2026,82.95,83.3,80.8,80.92
30-06-2026,80.84,83.69,80.84,82.95
29-06-2026,78.34,81.07,77.72,80.84
26-06-2026,79.6,79.6,77.7,78.33
25-06-2026,80.23,81.66,77.8,79.6
24-06-2026,82.78,82.78,79.09,80.23
23-06-2026,87.59,87.59,82.73,82.78
22-06-2026,87.75,89.34,86.61,87.59
18-06-2026,84.34,87.79,84.34,87.75
17-06-2026,84.51,87.58,84.33,84.34
16-06-2026,86.23,87.39,84.49,84.51
15-06-2026,84.75,88.27,84.75,86.23
12-06-2026,83.94,86.32,83.6,84.75
11-06-2026,79.63,84.02,79.63,83.94
10-06-2026,83.02,84.07,79.6,79.63
09-06-2026,86.42,88.58,79.65,83.02
08-06-2026,86.27,88.6,86,86.42
05-06-2026,96.63,96.63,85.32,86.27
04-06-2026,95.71,97.26,93.27,96.63
03-06-2026,99.33,99.33,95.68,95.71
02-06-2026,95.76,99.73,95.76,99.33
01-06-2026,95.74,96.58,93.61,95.76
29-05-2026,96.89,96.89,93.17,95.74
28-05-2026,95.21,98.07,94.45,96.88
27-05-2026,94.34,96.47,92.07,95.21
26-05-2026,90.98,95.75,90.98,94.34
22-05-2026,87.95,91.76,87.95,90.98
21-05-2026,83.73,88.38,83.66,87.95
20-05-2026,80.26,84.13,80.26,83.73
19-05-2026,82.82,82.82,78.07,80.26
18-05-2026,87.31,87.31,81.32,82.82
15-05-2026,88.46,88.46,84.6,87.31
14-05-2026,88.83,88.83,85.31,88.46
13-05-2026,86.73,89.37,85.57,88.83
12-05-2026,88.57,88.57,83.84,86.72
11-05-2026,85.53,90.23,85.02,88.57
08-05-2026,83.12,85.83,83.12,85.53
07-05-2026,84.82,85.56,82.58,83.12
06-05-2026,83.83,84.91,82.94,84.82
05-05-2026,81.14,83.94,81.14,83.83
04-05-2026,81.96,82.5,79.99,81.14
01-05-2026,80.73,82.14,80.02,81.96
30-04-2026,77.12,80.75,77.12,80.73
29-04-2026,76.7,77.7,75.83,77.12
28-04-2026,78.94,78.94,75.38,76.69
27-04-2026,78.51,79.13,77.31,78.94
24-04-2026,78.71,79.87,77.69,78.51
23-04-2026,79.45,80.29,76.98,78.71
22-04-2026,76.51,79.74,76.51,79.45
21-04-2026,77.08,79.22,76.27,76.51
20-04-2026,75.64,77.13,75.19,77.08
17-04-2026,74.73,77.02,74.73,75.64
16-04-2026,73.8,74.78,73.01,74.73
15-04-2026,72.61,74.28,72.57,73.8
14-04-2026,70.6,72.85,70.6,72.61
13-04-2026,69.5,70.97,69.07,70.6
10-04-2026,68.79,70.66,68.79,69.5
09-04-2026,68.68,69.64,68.32,68.79
08-04-2026,65.9,69.76,65.9,68.68
07-04-2026,67.14,67.14,64.64,65.9
06-04-2026,67.12,68,66.56,67.14
02-04-2026,66.66,67.96,64.76,67.12
01-04-2026,66.67,68.06,66.24,66.66
31-03-2026,63.65,66.74,63.65,66.67
30-03-2026,65.74,67.14,63.16,63.65
27-03-2026,66.33,66.68,65.21,65.74
26-03-2026,69.24,69.24,66.23,66.33
25-03-2026,68.01,69.83,68.01,69.24
24-03-2026,66.76,68.51,66.1,68.01
23-03-2026,65.1,67.82,65.1,66.76
20-03-2026,67.92,68.04,64.44,65.1
19-03-2026,67.67,68.56,65.6,67.92
18-03-2026,69.12,69.23,67.66,67.67
17-03-2026,68.79,69.73,68.58,69.12
16-03-2026,67.98,69.98,67.98,68.79
13-03-2026,68.4,70.07,67.6,67.98
12-03-2026,69.68,69.68,67.92,68.4
11-03-2026,68.6,70.65,68.6,69.68
10-03-2026,66.99,69.69,66.99,68.6
09-03-2026,66.73,67.16,63.74,66.99
06-03-2026,66.73,66.98,64.8,65.13
05-03-2026,68.43,68.43,65.31,66.73
04-03-2026,66.93,68.77,66.93,68.43
03-03-2026,69.94,69.94,65.64,66.93
02-03-2026,68.45,70.13,66.65,69.94
27-02-2026,71.44,71.44,67.4,68.45
26-02-2026,72.37,72.37,69.45,71.44
25-02-2026,72.23,73.3,72.23,72.37
24-02-2026,70.23,72.65,69.75,72.23
23-02-2026,70.55,70.76,69.17,70.23
20-02-2026,70.84,71.92,69.82,70.55
19-02-2026,70.79,70.98,69.61,70.84
18-02-2026,70.53,72.02,70.13,70.79
17-02-2026,70.56,71.08,68.98,70.52
13-02-2026,69.53,71.47,68.97,70.56
12-02-2026,72.84,73,69.4,69.53
11-02-2026,72.59,74.56,71.18,72.84
10-02-2026,73.35,74.02,72.03,72.59
09-02-2026,72.14,73.63,71.41,73.35
06-02-2026,67.48,72.3,67.48,72.14
05-02-2026,71.34,71.34,67.22,67.48
04-02-2026,73.19,74.67,69.16,71.34
03-02-2026,71.05,74.05,70.52,73.19
02-02-2026,71.22,72.08,70.24,71.05
30-01-2026,74.98,74.98,71.13,71.22
29-01-2026,76.31,76.31,72.63,74.98
28-01-2026,75.42,77.04,75.23,76.3
27-01-2026,73.84,75.67,73.84,75.42
26-01-2026,75.82,75.93,73.66,73.83
23-01-2026,76.37,77.03,75.39,75.82
22-01-2026,74.01,77.03,74.01,76.37
21-01-2026,73.05,74.8,71.73,74.01
20-01-2026,74.4,74.55,72.29,73.05
16-01-2026,73.62,74.92,73.05,74.4
15-01-2026,73.73,75,73.53,73.62
14-01-2026,73.27,73.85,72.18,73.73
13-01-2026,72.7,74.06,72.54,73.27
12-01-2026,70.52,73.51,70.51,72.7
09-01-2026,69.95,70.91,69.51,70.52
08-01-2026,69.87,71.01,69.52,69.95
07-01-2026,70.96,70.96,69.57,69.87
06-01-2026,69.83,71.11,69.67,70.96
05-01-2026,68.14,70.36,68.14,69.83
02-01-2026,64.45,68.2,64.45,68.14
31-12-2025,65.38,65.41,64.14,64.44
30-12-2025,66.13,66.84,65.37,65.38
29-12-2025,67.6,67.6,66.08,66.13
26-12-2025,67.95,68.09,66.83,67.6
24-12-2025,67.66,68.04,67.25,67.95
23-12-2025,68.45,68.94,67.23,67.66
22-12-2025,66.48,68.9,66.48,68.45
19-12-2025,64.81,67.19,64.81,66.48
18-12-2025,62.7,65.84,62.7,64.81
17-12-2025,64.54,66.22,62.64,62.69
16-12-2025,64.72,65.18,63.67,64.54
15-12-2025,66.55,66.8,64.65,64.71
12-12-2025,69.51,69.51,65.86,66.55
11-12-2025,68.05,69.58,66.02,69.51
10-12-2025,68.07,69.02,67.12,68.05
09-12-2025,67.46,68.78,66.69,68.07
08-12-2025,67.43,68.31,66.59,67.46
05-12-2025,67.74,68.44,67.27,67.43
04-12-2025,65.19,67.95,64.85,67.74
03-12-2025,65.11,65.2,63.82,65.19
02-12-2025,64.88,65.74,64.42,65.11
01-12-2025,66.32,66.32,64.86,64.88
28-11-2025,64.91,66.53,64.89,66.32
26-11-2025,63.09,65.31,63.09,64.91
25-11-2025,61.83,63.19,60.51,63.09
24-11-2025,60.22,61.98,60.22,61.83
21-11-2025,59.39,60.64,57.45,60.22
20-11-2025,62.64,64.78,59.34,59.39
19-11-2025,62.67,64.53,62.22,62.64
18-11-2025,62.58,63.96,61.08,62.67
17-11-2025,64.03,64.98,62.05,62.58
14-11-2025,63.48,65.16,60.82,64.03
13-11-2025,67.01,67.06,63.04,63.47
12-11-2025,68.59,69.12,65.99,67.01
11-11-2025,69.86,69.86,67.36,68.59
10-11-2025,66.89,70.6,66.89,69.86
07-11-2025,66.16,66.89,62.69,66.89
06-11-2025,69.24,69.24,65.99,66.16
05-11-2025,65.48,69.89,65.48,69.24
04-11-2025,69.09,69.09,65.4,65.48
03-11-2025,70.27,70.88,68.73,69.09
31-10-2025,68.01,70.31,68.01,70.27
30-10-2025,69.63,69.63,67.99,68.01
29-10-2025,68.49,71.28,68.49,69.63
28-10-2025,69.6,69.95,68.24,68.49
27-10-2025,70.34,71.12,69.19,69.6
24-10-2025,67.81,71.05,67.81,70.34
23-10-2025,66.72,68.27,66.72,67.8
22-10-2025,69.24,69.24,64.78,66.72
21-10-2025,71.44,71.44,68.91,69.24
20-10-2025,69.07,71.55,69.07,71.44
17-10-2025,71.52,71.52,68.22,69.07
16-10-2025,75.34,76.56,71.13,71.52
15-10-2025,72.9,76.01,72.78,75.34
14-10-2025,70.64,73.92,67.62,72.9
13-10-2025,65.74,71.04,65.74,70.64
10-10-2025,68.86,69.85,65.47,65.74
09-10-2025,68.31,69.48,67.94,68.86
08-10-2025,67.75,68.7,67.75,68.31
07-10-2025,68.74,70.16,66.88,67.75
06-10-2025,66.51,69.31,66.51,68.74
03-10-2025,64.41,67.24,64.41,66.51
02-10-2025,64.03,64.79,64.03,64.41
01-10-2025,60.52,64.15,60.52,64.03
30-09-2025,60.8,60.85,59.25,60.52
29-09-2025,61.17,62.26,60.66,60.8
26-09-2025,61.66,62.03,60.43,61.17
25-09-2025,60.84,61.79,58.95,61.66
24-09-2025,59.79,61.85,59.79,60.84
23-09-2025,61.18,62.13,59.69,59.79
22-09-2025,59.36,61.2,58.29,61.18
19-09-2025,58.48,59.64,58.48,59.36
18-09-2025,56.59,58.62,56.49,58.48
17-09-2025,55.34,57.71,55.32,56.59
16-09-2025,54.75,55.45,54.46,55.34
15-09-2025,53.21,54.88,53.21,54.75
12-09-2025,52.92,53.43,52.52,53.21
11-09-2025,51.87,53.56,51.67,52.91
10-09-2025,51.75,52.76,51.66,51.87
09-09-2025,52.93,52.93,51.44,51.75
08-09-2025,53.34,54.12,52.7,52.93
05-09-2025,51.96,53.38,51.7,53.34
04-09-2025,51.83,51.96,51.28,51.96
03-09-2025,51.99,52.6,51.75,51.83
02-09-2025,52.84,52.84,50.86,51.99
29-08-2025,53.7,53.74,52.5,52.84
28-08-2025,53.31,53.92,53.27,53.7
27-08-2025,53.99,54.05,53.31,53.31
26-08-2025,53.31,54.48,53.31,53.99
25-08-2025,53.33,53.61,52.59,53.31
22-08-2025,50.56,53.4,50.56,53.33
21-08-2025,50.76,50.82,49.94,50.56
20-08-2025,51.25,51.25,49.8,50.76
19-08-2025,52.6,52.6,51.08,51.25
18-08-2025,51.95,53.3,51.95,52.6
15-08-2025,50.84,52.66,50.47,51.95
14-08-2025,51.5,51.5,50.06,50.84
13-08-2025,50.54,51.51,50.54,51.49
12-08-2025,49.6,50.54,49.41,50.54
11-08-2025,48.87,50.47,48.87,49.6
08-08-2025,48.8,49.59,48.62,48.87
07-08-2025,47.75,49.72,47.75,48.8
06-08-2025,48.69,48.69,47.63,47.75
05-08-2025,47.89,48.96,47.89,48.69
04-08-2025,46.49,48.01,46.49,47.89
01-08-2025,47.69,47.69,45.63,46.49
31-07-2025,47.85,48.68,47.43,47.69
30-07-2025,48.76,49.02,47.5,47.85
29-07-2025,50.88,50.88,48.69,48.76
28-07-2025,51.81,52.13,50.55,50.88
25-07-2025,51.56,51.92,51.11,51.81
24-07-2025,51.61,52.35,51.23,51.56
23-07-2025,51.88,52.15,50.89,51.61
22-07-2025,50.25,52.08,49.79,51.88
21-07-2025,50.56,51.74,50.25,50.25
18-07-2025,49.38,50.91,49.38,50.56
17-07-2025,47.82,49.47,47.8,49.38
16-07-2025,47.74,48.12,46.68,47.82
15-07-2025,47.13,48.53,47.13,47.74
14-07-2025,46.41,47.14,46.28,47.13
11-07-2025,47.12,47.12,46.29,46.41
10-07-2025,46.27,47.42,46.27,47.12
09-07-2025,45.43,46.36,45.3,46.27
08-07-2025,44.68,45.74,44.6,45.43
07-07-2025,45.28,45.28,44.19,44.68
03-07-2025,43.76,45.28,43.76,45.28
02-07-2025,42.11,43.98,42.11,43.76
01-07-2025,41.87,42.61,40.74,42.11
30-06-2025,41.46,42.33,41.43,41.87
27-06-2025,42.23,42.33,40.9,41.46
26-06-2025,40.63,42.34,40.63,42.23
25-06-2025,40.94,41.47,40.45,40.63
24-06-2025,39.84,41.04,39.84,40.94
23-06-2025,40.14,40.38,38.99,39.84
20-06-2025,40.9,41.31,40.11,40.14
18-06-2025,40.3,41.36,40.27,40.9
17-06-2025,42.3,42.3,40.23,40.3
16-06-2025,40.93,42.56,40.93,42.3
13-06-2025,41.13,41.29,40.07,40.93
12-06-2025,41.44,41.53,40.93,41.13
11-06-2025,41.44,41.87,41.1,41.44
10-06-2025,40.64,41.73,40.64,41.44
09-06-2025,39.23,41.04,39.23,40.64
06-06-2025,38.14,39.35,38.14,39.23
05-06-2025,38.51,38.68,37.8,38.14
04-06-2025,38.13,38.61,37.77,38.51
03-06-2025,36.65,38.5,36.63,38.13
02-06-2025,37.38,37.41,36.46,36.65
30-05-2025,37.91,37.91,37.08,37.38
29-05-2025,38.7,39.4,37.7,37.9
28-05-2025,38.01,38.8,37.97,38.7
27-05-2025,36.7,38.21,36.7,38.01
23-05-2025,36.35,36.92,35.58,36.7
22-05-2025,36.34,36.64,35.21,36.35
21-05-2025,37.64,37.64,36.16,36.34
20-05-2025,37.83,38.3,37.47,37.64
19-05-2025,38.79,38.79,37.38,37.83
16-05-2025,38.61,39.07,38.56,38.79
15-05-2025,38.98,38.98,37.76,38.61
14-05-2025,38.99,39.15,38.48,38.98
13-05-2025,37.8,39.46,37.8,38.99
12-05-2025,35.99,38.15,35.99,37.8
09-05-2025,35.6,36.17,35.6,35.99
08-05-2025,34.41,35.9,34.41,35.6
07-05-2025,33.7,34.49,33.7,34.41
06-05-2025,33.39,34.13,33.39,33.7
05-05-2025,34.04,34.04,33.36,33.39
02-05-2025,33.25,34.42,33.25,34.04
01-05-2025,32.71,33.78,32.71,33.24
30-04-2025,33.44,33.44,31.78,32.71
29-04-2025,33.6,33.65,33.03,33.44
28-04-2025,33.47,34.05,33.13,33.6
25-04-2025,32.73,33.5,32.38,33.47
24-04-2025,31.31,32.75,31.31,32.73
23-04-2025,31.03,32.43,31.03,31.31
22-04-2025,30.01,31.45,30.01,31.03
21-04-2025,30.77,30.77,29.56,30.01
17-04-2025,30.55,30.92,30.3,30.77
16-04-2025,30.9,31.04,30.03,30.55
15-04-2025,31.21,31.48,30.65,30.9
14-04-2025,30.73,31.7,30.72,31.21
11-04-2025,29.74,30.73,29.41,30.73
10-04-2025,31.49,31.49,28.88,29.74
09-04-2025,28.16,31.68,27.91,31.49
08-04-2025,29.89,30.99,27.7,28.16
07-04-2025,30.07,31.63,28.15,29.89
04-04-2025,31.49,31.49,28.43,30.07
03-04-2025,33.58,33.58,31.39,31.49
02-04-2025,33.35,33.92,32.75,33.58
01-04-2025,33.1,33.57,32.37,33.35
31-03-2025,33.52,33.52,32.18,33.1
28-03-2025,34.87,34.87,33.37,33.52
27-03-2025,35.32,35.32,34.67,34.87
26-03-2025,36.33,36.53,35.04,35.32
25-03-2025,36.46,36.59,36.15,36.33
24-03-2025,36.05,36.99,36.05,36.46
21-03-2025,35.91,36.09,35.09,36.05
20-03-2025,36.53,36.56,35.8,35.91
19-03-2025,36.03,36.91,36.03,36.53
18-03-2025,36.67,36.67,35.85,36.03
17-03-2025,35.54,36.89,35.54,36.67
14-03-2025,34.46,35.55,34.46,35.54
13-03-2025,35.11,35.43,34.12,34.46
12-03-2025,35.15,35.7,34.74,35.11
11-03-2025,34.67,35.48,34.29,35.15
10-03-2025,36.02,36.02,34.31,34.66
07-03-2025,35.26,36.17,35.12,36.02
06-03-2025,35.98,35.98,34.93,35.26
05-03-2025,34.9,36.01,34.9,35.98
04-03-2025,34.53,35.62,33.47,34.9
03-03-2025,36.92,36.93,34.35,34.53
28-02-2025,37.45,37.45,36.29,36.92
27-02-2025,38.65,38.9,37.44,37.45
26-02-2025,37.87,39.44,37.87,38.65
25-02-2025,38.61,38.61,37.4,37.87
24-02-2025,39.67,39.67,38.53,38.6
21-02-2025,41.12,41.51,39.47,39.67
20-02-2025,41.29,41.44,40.39,41.12
19-02-2025,41.49,41.87,41.27,41.29
18-02-2025,40.69,41.75,40.69,41.49
14-02-2025,40.35,41.07,40.2,40.69
13-02-2025,39.26,40.35,39.26,40.35
12-02-2025,39.17,39.63,38.6,39.26
11-02-2025,40.83,40.83,39.12,39.17
10-02-2025,40.8,41.12,40.66,40.83
07-02-2025,41.31,41.77,40.48,40.8
06-02-2025,40.33,41.66,40.33,41.31
05-02-2025,40.83,41.25,40.3,40.33
04-02-2025,40.04,41.27,40.04,40.83
03-02-2025,41.1,41.1,39.38,40.04
31-01-2025,41.51,42.32,40.75,41.1
30-01-2025,40.55,41.88,40.55,41.51
29-01-2025,40.46,41.32,40.11,40.55
28-01-2025,40.99,41.26,39.8,40.46
27-01-2025,42.83,42.83,40.52,40.99
24-01-2025,42.39,43.66,42.39,42.82
23-01-2025,41.93,42.41,41.29,42.39
22-01-2025,42.88,42.88,41.93,41.93
21-01-2025,43.27,43.54,42.06,42.88
17-01-2025,43.61,44.5,43.1,43.27
16-01-2025,43.2,43.95,43.06,43.61
15-01-2025,42.16,43.99,42.16,43.2
14-01-2025,42.38,43.85,41.82,42.16
13-01-2025,43.38,43.38,41.34,42.38
10-01-2025,44.74,44.74,43.08,43.38
08-01-2025,47.3,47.3,44.32,44.74
07-01-2025,47.29,49.04,46.85,47.3
06-01-2025,46.31,48.45,46.31,47.29
03-01-2025,43.99,46.44,43.99,46.31
02-01-2025,42.25,44.69,42.25,43.99
31-12-2024,43.24,43.62,42.05,42.25
30-12-2024,44.16,44.16,42.6,43.23
27-12-2024,44.86,45.21,43.6,44.16
26-12-2024,43.72,44.93,43.38,44.86
24-12-2024,42.55,43.8,42.39,43.72
23-12-2024,41.7,42.57,41.7,42.55
20-12-2024,40.04,42.27,39.61,41.7
19-12-2024,40.79,41.7,39.94,40.04
18-12-2024,42.61,43.88,40.41,40.79
17-12-2024,42.82,42.95,42.02,42.61
16-12-2024,42.84,43.26,42.04,42.82
13-12-2024,42.81,42.96,42.09,42.84
12-12-2024,43.67,43.67,42.8,42.81
11-12-2024,43.84,44.19,42.98,43.67
10-12-2024,45.02,45.02,43.76,43.84
09-12-2024,43.89,45.91,43.89,45.02
06-12-2024,43.45,44.35,43.45,43.89
05-12-2024,43.54,44.24,43.4,43.45
04-12-2024,44.15,44.47,43.22,43.53
03-12-2024,44.92,44.92,44.05,44.15
02-12-2024,45.1,45.55,44.57,44.92
29-11-2024,44.13,45.52,44.13,45.1
27-11-2024,43.39,44.87,43.39,44.13
26-11-2024,44.82,44.82,43.32,43.39
25-11-2024,43.13,45.26,43.13,44.82
22-11-2024,42.03,43.17,42.03,43.13
21-11-2024,40.96,42.44,40.72,42.03
20-11-2024,40.75,40.97,40.22,40.96
19-11-2024,40.16,40.86,39.77,40.75
18-11-2024,39.76,40.84,39.76,40.16
15-11-2024,40.58,41.04,39.63,39.75
14-11-2024,41.24,41.52,40.46,40.58
13-11-2024,41.25,42.41,40.99,41.24
12-11-2024,43.04,43.04,40.9,41.25
11-11-2024,42.01,43.04,41.75,43.04
08-11-2024,42.08,42.08,41.34,42.01
07-11-2024,42.04,42.74,41.95,42.08
06-11-2024,44.05,44.05,41.1,42.04
05-11-2024,43.14,44.06,42.89,44.05
04-11-2024,42.55,43.7,42.55,43.14
01-11-2024,41.95,43.29,41.95,42.55
31-10-2024,42.81,42.83,41.81,41.95
30-10-2024,43.43,43.78,42.67,42.81
29-10-2024,43.98,43.98,43.31,43.43
28-10-2024,42.35,44.34,42.35,43.97
25-10-2024,42.24,43.04,42.22,42.35
24-10-2024,41.39,42.42,41.39,42.24
23-10-2024,42.64,42.64,40.91,41.39
22-10-2024,42.14,42.81,41.78,42.64
21-10-2024,42.63,42.63,41.51,42.14
18-10-2024,42.52,43.12,42.51,42.63
17-10-2024,43.43,43.47,42.42,42.52
16-10-2024,42.07,43.58,42.07,43.43
15-10-2024,42.86,42.92,42.02,42.07
14-10-2024,43.43,43.43,42.48,42.86
11-10-2024,41.6,43.54,41.47,43.43
10-10-2024,42.62,42.62,41.48,41.6
09-10-2024,41.75,43.07,41.75,42.62
08-10-2024,43.13,43.13,41.66,41.74
07-10-2024,42.23,43.43,42.23,43.13
04-10-2024,40.95,42.47,40.95,42.23
03-10-2024,41.15,41.15,40.54,40.95
02-10-2024,40.69,41.31,40.16,41.15
01-10-2024,41.85,41.85,40.27,40.69
30-09-2024,42.04,42.45,41.47,41.85
27-09-2024,40.96,42.66,40.96,42.04
26-09-2024,39.73,41.22,39.73,40.96
25-09-2024,40.6,40.6,39.72,39.73
24-09-2024,39.97,40.88,39.97,40.6
23-09-2024,39.71,40.21,39.52,39.97
20-09-2024,40.4,40.4,39.51,39.71
19-09-2024,39.93,41.22,39.93,40.39
18-09-2024,40.62,41.82,39.89,39.93
17-09-2024,39.83,40.99,39.83,40.62
16-09-2024,40.06,40.06,39.27,39.83
13-09-2024,39.32,40.11,39.32,40.06
12-09-2024,39.54,39.69,38.84,39.32
11-09-2024,37.57,39.58,37.57,39.54
10-09-2024,37.01,37.61,36.49,37.57
09-09-2024,37.03,37.53,36.95,37.01
06-09-2024,38.34,38.34,36.92,37.03
05-09-2024,38.66,38.93,38.24,38.34
04-09-2024,38.36,39.24,38.08,38.66
03-09-2024,40.36,40.36,38.22,38.36
30-08-2024,40.38,40.8,40.02,40.36
29-08-2024,39.51,41.06,39.51,40.38
28-08-2024,40.83,40.83,39.34,39.5
27-08-2024,41.43,41.43,40.49,40.83
26-08-2024,41.69,42.16,41.43,41.43
23-08-2024,39.54,41.71,39.54,41.69
22-08-2024,40.84,40.84,39.49,39.54
21-08-2024,39.75,40.88,39.75,40.84
20-08-2024,40.49,40.5,39.46,39.75
19-08-2024,39.51,40.49,39.5,40.49
16-08-2024,39.49,39.8,39.09,39.51
15-08-2024,38.06,39.64,38.06,39.49
14-08-2024,39.03,39.19,37.99,38.06
13-08-2024,37.08,39.08,37.08,39.03
12-08-2024,37.77,37.87,37.02,37.08
09-08-2024,39.01,39.04,37.64,37.77
08-08-2024,37.68,39.16,37.68,39.01
07-08-2024,38.89,39.94,37.65,37.68
06-08-2024,39.45,39.7,38.74,38.89
05-08-2024,40.73,40.73,37.48,39.45
02-08-2024,42.7,42.7,40.47,40.73
01-08-2024,45.05,45.56,42.38,42.7
31-07-2024,43.89,46.41,43.89,45.05
30-07-2024,44.93,45.08,43.56,43.89
29-07-2024,45.83,46.06,44.07,44.93
26-07-2024,44.85,46.02,44.85,45.83
25-07-2024,44.67,45.96,44.2,44.85
24-07-2024,46.11,46.46,44.66,44.67
23-07-2024,45.99,46.49,45.52,46.1
22-07-2024,45.2,46.09,45.08,45.98
19-07-2024,46.46,46.46,45.05,45.19
18-07-2024,48.11,49.19,46.25,46.46
17-07-2024,50.01,50.13,47.5,48.11
16-07-2024,47.9,50.04,47.76,50.01
15-07-2024,48.84,48.84,47.01,47.9
12-07-2024,46.81,48.88,46.81,48.84
11-07-2024,44.28,46.86,44.28,46.81
10-07-2024,43.11,44.32,43.11,44.28
09-07-2024,43.37,43.37,42.48,43.11
08-07-2024,42.74,43.74,42.74,43.37
05-07-2024,42.99,42.99,42.3,42.74
03-07-2024,41.32,43.16,41.32,42.99
02-07-2024,41.36,42.23,40.83,41.32
01-07-2024,42.19,42.52,41.33,41.36
28-06-2024,43.51,43.75,41.68,42.19
27-06-2024,42.77,43.53,42.35,43.5
26-06-2024,42.45,42.95,42.45,42.77
25-06-2024,42.69,42.84,42.23,42.45
24-06-2024,42.76,43.56,42.25,42.69
21-06-2024,42.74,42.86,42.18,42.76
20-06-2024,43.78,43.78,42.65,42.74
18-06-2024,44.08,44.26,43.67,43.78
17-06-2024,44.41,44.47,43.54,44.08
14-06-2024,46.05,46.05,44.37,44.41
13-06-2024,47.01,47.45,45.81,46.05
12-06-2024,46.45,48.99,46.45,47.01
11-06-2024,46.43,46.47,45.33,46.45
10-06-2024,45.67,46.62,45.29,46.43
07-06-2024,46.86,46.86,45.36,45.66
06-06-2024,47.7,47.7,46.62,46.86
05-06-2024,46.51,47.73,46.36,47.7
04-06-2024,47.62,47.62,46.37,46.51
03-06-2024,47.69,48.85,47.32,47.62
31-05-2024,48.12,48.98,46.84,47.69
30-05-2024,47.01,48.49,47.01,48.12
29-05-2024,47.72,47.72,46.59,47.01
28-05-2024,47.36,48.32,47.24,47.72
24-05-2024,45.46,47.36,45.46,47.36
23-05-2024,47.31,47.31,45.18,45.46
22-05-2024,45.52,48.06,45.49,47.31
21-05-2024,45.23,45.58,44.94,45.52
20-05-2024,45.46,45.55,44.92,45.22
17-05-2024,45.68,45.84,45.13,45.46
16-05-2024,46.16,46.38,45.43,45.68
15-05-2024,47.06,47.89,45.86,46.16
14-05-2024,44.95,47.71,44.95,47.06
13-05-2024,43.97,45.87,43.97,44.95
10-05-2024,45.44,46.27,43.91,43.97
09-05-2024,44.82,45.53,44.42,45.44
08-05-2024,45.29,45.29,44.15,44.82
07-05-2024,46.2,46.26,45.23,45.29
06-05-2024,45.27,46.31,45.27,46.2
03-05-2024,44.28,45.83,44.28,45.27
02-05-2024,42.69,44.28,42.65,44.28
01-05-2024,42.42,44.26,42.39,42.69
30-04-2024,43.23,43.23,42.33,42.42
29-04-2024,42.17,43.46,42.17,43.22
26-04-2024,40.69,42.31,40.69,42.17
25-04-2024,41,41,39.77,40.69
24-04-2024,41.29,41.74,40.63,41
23-04-2024,40.36,42.03,40.19,41.29
22-04-2024,40.24,40.74,39.53,40.36
19-04-2024,40.77,40.87,40.13,40.24
18-04-2024,41.76,41.94,40.67,40.77
17-04-2024,41.98,42.65,41.74,41.76
16-04-2024,42.76,42.76,41.71,41.98
15-04-2024,44.02,44.44,42.58,42.76
12-04-2024,45.81,45.82,43.83,44.02
11-04-2024,45.92,46.44,45.02,45.8
10-04-2024,47.69,47.69,45.46,45.92
09-04-2024,46.64,47.98,46.64,47.69
08-04-2024,46.08,47.09,46.08,46.64
05-04-2024,46.52,46.54,45.66,46.08
04-04-2024,47.08,48.44,46.38,46.52
03-04-2024,46.61,47.11,45.91,47.08
02-04-2024,48.18,48.18,46.33,46.61
01-04-2024,48.14,48.71,47.57,48.18
28-03-2024,47.67,48.5,47.56,48.14
27-03-2024,45.38,47.69,45.38,47.67
26-03-2024,45.74,46.3,45.37,45.38
25-03-2024,45.94,46.91,45.68,45.74
22-03-2024,46.99,46.99,45.87,45.94
21-03-2024,46.34,47.57,46.34,46.99
20-03-2024,44.58,46.93,44.14,46.34
19-03-2024,44.67,44.95,44.04,44.58
18-03-2024,45.25,45.34,44.5,44.67
15-03-2024,45.19,45.72,44.99,45.25
14-03-2024,46.68,46.74,44.77,45.19
13-03-2024,47.62,47.91,46.6,46.68
12-03-2024,48.42,48.42,47.22,47.61
11-03-2024,48.8,49.8,48.31,48.42
08-03-2024,48.73,50.16,48.67,48.8
07-03-2024,48.33,49.23,48.33,48.73
06-03-2024,47.24,48.88,47.24,48.33
05-03-2024,48.73,48.73,47.18,47.24
04-03-2024,49.95,50.12,48.53,48.73
01-03-2024,49.39,50.47,48.46,49.95
29-02-2024,48.85,50.79,48.85,49.39
28-02-2024,49.13,49.57,48.37,48.85
27-02-2024,47.85,49.23,47.85,49.12
26-02-2024,47.09,48.41,46.98,47.85
23-02-2024,47.73,47.73,46.72,47.09
22-02-2024,49.76,49.76,47.65,47.73
21-02-2024,50.62,50.62,49.44,49.76
20-02-2024,52.6,52.6,50.38,50.62
16-02-2024,53.54,53.54,52.14,52.6
15-02-2024,52.99,54,52.53,53.54
14-02-2024,50.32,53.06,50.32,52.99
13-02-2024,53.94,53.94,50.04,50.32
12-02-2024,51.92,54.66,51.92,53.94
09-02-2024,50.67,52.18,50.67,51.92
08-02-2024,49.72,50.93,49.51,50.67
07-02-2024,49.56,50.55,49.1,49.72
06-02-2024,47.47,49.58,47.37,49.56
05-02-2024,49.64,49.64,47.1,47.47
02-02-2024,50.67,50.67,48.88,49.64
01-02-2024,49.43,51.65,49.43,50.67
31-01-2024,50.7,51.91,49.39,49.43
30-01-2024,52.1,52.1,50.61,50.7
29-01-2024,50.31,52.1,49.67,52.1
26-01-2024,50.55,51.51,50.26,50.31
25-01-2024,50.27,50.91,49.56,50.55
24-01-2024,51.81,52.93,50.24,50.27
23-01-2024,50.65,52.74,50.65,51.81
22-01-2024,49.04,51.81,49.04,50.65
19-01-2024,49.1,49.1,47.35,49.04
18-01-2024,49.62,50.16,48.46,49.1
17-01-2024,50.45,50.45,48.97,49.62
16-01-2024,52.84,52.84,50.36,50.45
12-01-2024,53.81,55.09,52.74,52.84
11-01-2024,55.17,55.17,53.07,53.81
10-01-2024,56.33,56.33,54.85,55.17
09-01-2024,57.63,57.63,56.09,56.33
08-01-2024,56.9,57.83,56.29,57.63
05-01-2024,58.01,58.56,56.89,56.9
04-01-2024,58.52,58.62,57.93,58.01
03-01-2024,60.44,60.44,57.64,58.52
02-01-2024,62.05,62.39,60.12,60.44
29-12-2023,63.65,63.65,61.94,62.05
28-12-2023,63.78,64.54,63.40,63.65
27-12-2023,64.00,64.35,63.31,63.78
26-12-2023,62.32,64.30,62.32,64.00
22-12-2023,61.61,62.77,61.39,62.32
21-12-2023,59.76,61.76,59.76,61.61
20-12-2023,62.54,62.77,59.71,59.76
19-12-2023,60.67,62.94,60.67,62.54
18-12-2023,61.71,62.20,60.37,60.67
15-12-2023,62.52,63.25,61.36,61.71
14-12-2023,58.49,63.37,58.49,62.52
13-12-2023,54.87,58.53,54.25,58.49
12-12-2023,56.31,56.31,54.26,54.87
11-12-2023,56.57,56.77,55.88,56.31
08-12-2023,56.23,57.51,55.79,56.57
07-12-2023,55.83,56.64,55.64,56.23
06-12-2023,56.38,57.91,55.76,55.83
05-12-2023,58.07,58.07,56.30,56.38
04-12-2023,57.56,58.67,57.24,58.07
01-12-2023,54.94,57.59,54.15,57.56
30-11-2023,55.32,55.85,54.52,54.94
29-11-2023,53.75,56.37,53.75,55.32
28-11-2023,53.14,53.85,52.32,53.75
27-11-2023,55.09,55.09,53.14,53.14
24-11-2023,54.65,55.67,54.37,55.09
22-11-2023,54.48,55.26,54.36,54.65
21-11-2023,56.42,56.42,54.34,54.48
20-11-2023,55.77,57.13,55.56,56.42
17-11-2023,55.22,55.81,54.58,55.77
16-11-2023,57.35,57.35,54.80,55.22
15-11-2023,56.05,58.96,56.05,57.35
14-11-2023,51.84,56.05,51.84,56.05
13-11-2023,51.39,52.21,50.45,51.84
10-11-2023,51.92,52.01,50.64,51.39
09-11-2023,53.64,54.48,51.82,51.92
08-11-2023,54.56,54.67,53.18,53.64
07-11-2023,54.63,54.78,53.43,54.56
06-11-2023,56.22,56.89,54.09,54.63
03-11-2023,54.60,57.40,54.60,56.22
02-11-2023,51.49,54.64,51.49,54.60
01-11-2023,52.00,52.16,50.62,51.49
31-10-2023,51.18,52.22,51.18,52.00
30-10-2023,51.75,52.98,50.81,51.18
27-10-2023,53.47,53.66,51.62,51.75
26-10-2023,54.02,54.81,53.07,53.47
25-10-2023,54.75,54.89,53.54,54.02
24-10-2023,54.30,56.58,54.30,54.75
23-10-2023,55.34,55.57,53.39,54.30
20-10-2023,57.49,57.49,55.10,55.34
19-10-2023,59.52,59.52,57.28,57.49
18-10-2023,62.79,62.79,59.38,59.52
17-10-2023,61.56,63.36,60.69,62.79
16-10-2023,60.85,61.88,60.25,61.56
13-10-2023,61.61,61.89,60.46,60.85
12-10-2023,63.76,63.90,61.16,61.61
11-10-2023,64.36,65.45,63.28,63.76
10-10-2023,60.35,64.45,60.35,64.36
09-10-2023,61.40,61.40,59.36,60.35
06-10-2023,59.81,61.65,59.01,61.40
05-10-2023,61.52,61.52,59.06,59.86
04-10-2023,61.48,61.67,59.70,61.65
03-10-2023,63.24,63.24,61.12,61.48
02-10-2023,65.89,65.89,62.83,63.24
29-09-2023,65.97,67.58,65.37,65.89
28-09-2023,65.69,66.74,64.55,65.97
27-09-2023,65.32,66.53,64.86,65.69
26-09-2023,66.22,66.81,65.15,65.32
25-09-2023,66.01,66.92,65.37,66.22
22-09-2023,66.98,68.29,65.97,66.01
21-09-2023,69.51,69.51,66.98,66.98
20-09-2023,70.67,71.66,69.45,69.51
19-09-2023,71.06,71.68,70.39,70.67
18-09-2023,73.11,73.11,71.04,71.06
15-09-2023,74.21,74.55,72.62,73.11
14-09-2023,72.40,74.46,72.40,74.21
13-09-2023,73.62,74.09,72.23,72.40
12-09-2023,73.34,74.55,72.79,73.62
11-09-2023,72.85,74.11,72.56,73.34
08-09-2023,73.19,73.38,72.00,72.85
07-09-2023,74.68,74.68,71.56,73.19
06-09-2023,76.28,76.49,74.35,74.68
05-09-2023,76.96,77.18,75.61,76.28
01-09-2023,76.09,77.97,76.09,76.96
31-08-2023,76.87,77.60,76.00,76.09
30-08-2023,77.53,77.63,76.35,76.87
29-08-2023,74.68,77.80,73.74,77.53
28-08-2023,73.69,74.96,73.69,74.68
25-08-2023,72.50,74.09,71.99,73.69
24-08-2023,74.91,75.27,72.45,72.50
23-08-2023,73.68,75.36,73.32,74.91
22-08-2023,74.32,75.42,72.81,73.68
21-08-2023,73.88,74.91,73.88,74.32
18-08-2023,73.72,74.35,72.12,73.88
17-08-2023,75.19,75.40,73.68,73.72
16-08-2023,77.31,77.63,75.19,75.19
15-08-2023,79.78,79.78,77.03,77.31
14-08-2023,79.89,79.89,77.63,79.78
11-08-2023,80.73,80.73,79.14,79.89
10-08-2023,82.37,82.99,80.31,80.73
09-08-2023,83.25,83.99,81.78,82.37
08-08-2023,83.21,83.25,80.83,83.25
07-08-2023,84.53,84.70,82.01,83.21
04-08-2023,85.94,86.46,84.40,84.53
03-08-2023,86.05,87.23,85.81,85.94
02-08-2023,90.41,90.41,84.84,86.05
01-08-2023,91.40,91.40,89.75,90.41
31-07-2023,88.68,91.40,88.68,91.40
28-07-2023,85.90,88.69,85.90,88.68
27-07-2023,88.26,89.55,85.51,85.90
26-07-2023,87.27,88.88,86.57,88.26
25-07-2023,88.22,89.09,87.26,87.27
24-07-2023,87.96,88.97,87.25,88.22
21-07-2023,89.16,89.69,87.02,87.96
20-07-2023,90.85,90.85,88.06,89.16
19-07-2023,91.61,92.77,90.40,90.85
18-07-2023,91.17,93.59,91.17,91.61
17-07-2023,87.76,91.89,86.99,91.17
14-07-2023,91.18,91.33,87.37,87.76
13-07-2023,90.42,92.54,90.42,91.18
12-07-2023,89.05,91.12,89.05,90.42
11-07-2023,88.81,89.25,87.58,89.05
10-07-2023,85.50,88.82,84.89,88.81
07-07-2023,82.65,86.94,82.65,85.50
06-07-2023,85.68,85.68,81.02,82.65
05-07-2023,85.42,86.38,84.14,85.68
03-07-2023,84.23,87.26,84.23,85.42
30-06-2023,82.95,84.80,82.95,84.23
29-06-2023,81.12,84.42,81.12,82.95
28-06-2023,78.80,81.24,78.66,81.12
27-06-2023,76.89,78.98,76.67,78.80
26-06-2023,77.47,78.86,76.77,76.89
23-06-2023,79.12,79.12,76.76,77.47
22-06-2023,80.47,80.47,78.09,79.12
21-06-2023,81.64,81.64,80.00,80.47
20-06-2023,83.09,83.12,80.73,81.64
16-06-2023,84.65,85.58,82.90,83.09
15-06-2023,83.48,85.29,82.59,84.65
14-06-2023,85.32,86.34,82.79,83.48
13-06-2023,82.31,85.68,82.31,85.32
12-06-2023,80.23,82.56,79.53,82.31
09-06-2023,81.08,81.96,79.85,80.23
08-06-2023,82.04,82.07,80.36,81.08
07-06-2023,81.24,83.40,81.24,82.04
06-06-2023,78.70,81.47,78.16,81.24
05-06-2023,79.12,79.57,78.16,78.70
02-06-2023,77.75,79.52,77.75,79.12
01-06-2023,76.41,78.23,75.43,77.75
31-05-2023,77.54,77.54,74.70,76.41
30-05-2023,76.15,78.49,76.15,77.54
26-05-2023,75.22,76.31,74.83,76.15
25-05-2023,76.45,76.67,74.49,75.22
24-05-2023,78.16,78.16,75.35,76.45
23-05-2023,78.17,80.14,77.65,78.16
22-05-2023,75.14,78.38,75.14,78.17
19-05-2023,76.44,77.27,74.79,75.14
18-05-2023,77.34,77.34,75.65,76.44
17-05-2023,74.65,77.48,74.34,77.34
16-05-2023,76.75,76.75,74.63,74.65
15-05-2023,75.23,77.66,75.01,76.75
12-05-2023,75.43,77.17,74.33,75.23
11-05-2023,75.62,76.37,74.91,75.43
10-05-2023,74.55,76.67,74.55,59.86
09-05-2023,74.94,74.94,73.42,74.55
08-05-2023,74.51,75.41,73.77,74.94
05-05-2023,71.36,74.72,71.36,74.51
04-05-2023,72.11,72.50,70.66,71.36
03-05-2023,71.27,73.55,71.19,72.11
02-05-2023,72.59,72.59,70.64,71.27
01-05-2023,74.27,74.64,72.33,72.59
28-04-2023,73.75,74.47,72.56,74.27
27-04-2023,72.33,74.19,72.33,73.75
26-04-2023,74.71,74.71,72.00,72.33
25-04-2023,77.40,77.40,74.56,74.71
24-04-2023,76.29,77.59,75.92,77.40
21-04-2023,76.52,76.74,75.44,76.29
20-04-2023,77.66,77.66,76.07,76.52
19-04-2023,78.73,78.73,76.72,77.66
18-04-2023,80.30,80.74,78.10,78.73
17-04-2023,78.98,80.72,78.98,80.30
14-04-2023,80.34,80.59,78.38,78.98
13-04-2023,78.99,81.26,78.99,80.34
12-04-2023,80.70,82.35,78.94,78.99
11-04-2023,79.24,81.09,79.24,80.70
10-04-2023,77.84,79.24,76.78,79.24
06-04-2023,78.11,78.27,76.83,77.84
05-04-2023,81.11,81.11,77.40,78.11
04-04-2023,82.70,82.72,80.27,81.11
03-04-2023,84.93,85.46,82.03,82.70
31-03-2023,82.05,85.65,82.05,84.93
30-03-2023,80.59,83.68,80.59,82.05
29-03-2023,77.75,80.73,77.75,80.59
28-03-2023,77.69,78.42,77.23,77.75
27-03-2023,77.36,78.28,76.29,77.69
24-03-2023,77.98,77.98,75.59,77.36
23-03-2023,77.50,81.15,77.03,77.98
22-03-2023,80.10,80.73,77.49,77.50
21-03-2023,76.31,80.45,76.31,80.10
20-03-2023,76.56,77.64,75.68,76.31
17-03-2023,79.30,79.30,75.73,76.56
16-03-2023,78.42,79.62,76.67,79.30
15-03-2023,81.62,81.62,76.63,78.42
14-03-2023,81.36,84.10,80.61,81.62
13-03-2023,81.99,83.03,78.71,81.36
10-03-2023,84.84,84.84,80.87,81.99
09-03-2023,87.66,89.11,84.79,84.84
08-03-2023,87.48,87.80,86.09,87.66
07-03-2023,89.75,89.84,87.22,87.48
06-03-2023,90.95,92.03,89.33,89.75
03-03-2023,87.76,91.52,87.76,90.95
02-03-2023,88.19,88.19,85.16,87.76
01-03-2023,89.40,90.27,87.72,88.19
28-02-2023,89.19,90.40,88.37,89.40
27-02-2023,87.13,89.80,87.13,89.19
24-02-2023,90.00,90.00,86.47,87.13
23-02-2023,88.85,91.06,88.15,90.00
22-02-2023,88.33,89.69,87.20,88.85
21-02-2023,92.65,92.65,88.28,88.33
17-02-2023,93.59,93.59,91.12,92.65
16-02-2023,96.96,96.96,93.57,93.59
15-02-2023,92.41,96.97,91.92,96.96
14-02-2023,91.07,92.56,89.03,92.41
13-02-2023,90.55,92.00,89.10,91.07
10-02-2023,92.06,92.06,88.92,90.55
09-02-2023,94.53,97.56,91.65,92.06
08-02-2023,96.20,97.60,94.49,94.53
07-02-2023,96.34,96.45,93.47,96.20
06-02-2023,98.13,98.13,95.71,96.34
03-02-2023,100.58,101.51,97.68,98.13
02-02-2023,98.21,102.34,98.21,100.58
01-02-2023,96.10,99.30,94.41,98.21
31-01-2023,92.63,96.10,92.63,96.10
30-01-2023,96.65,96.65,92.61,92.63
27-01-2023,93.33,97.99,92.63,96.65
26-01-2023,93.88,95.94,92.16,93.33
25-01-2023,94.71,94.71,90.45,93.88
24-01-2023,96.00,96.34,94.17,94.71
23-01-2023,91.69,96.19,91.63,96.00
20-01-2023,89.02,91.69,89.02,91.69
19-01-2023,93.12,93.12,87.97,89.02
18-01-2023,93.20,96.74,92.92,93.12
17-01-2023,92.93,94.01,92.57,93.20
13-01-2023,92.20,93.16,90.41,92.93
12-01-2023,89.58,92.20,88.20,92.20
11-01-2023,86.14,89.59,86.14,89.58
10-01-2023,83.41,86.14,82.73,86.14
09-01-2023,80.91,84.98,80.91,83.41
06-01-2023,79.00,81.10,77.35,80.91
05-01-2023,80.94,80.94,78.53,79.00
04-01-2023,78.33,80.95,77.99,80.94
03-01-2023,80.27,82.75,77.61,78.33
30-12-2022,79.23,80.40,78.13,80.27
29-12-2022,76.02,79.67,76.02,79.23
28-12-2022,77.00,77.78,75.77,76.02
27-12-2022,80.47,80.47,76.93,77.00
23-12-2022,81.31,81.47,79.66,80.47
22-12-2022,84.40,84.40,79.63,81.31
21-12-2022,83.06,84.68,81.92,84.40
20-12-2022,83.93,85.60,82.58,83.06
19-12-2022,87.91,87.91,83.49,83.93
16-12-2022,89.28,89.28,86.77,87.91
15-12-2022,91.34,91.39,88.91,89.28
14-12-2022,90.97,92.64,90.44,91.34
13-12-2022,89.43,94.61,89.43,90.97
12-12-2022,89.01,90.31,88.06,89.43
09-12-2022,90.26,90.80,88.96,89.01
08-12-2022,89.40,91.87,89.40,90.26
07-12-2022,90.47,91.09,88.92,89.40
06-12-2022,94.76,94.92,89.84,90.47
05-12-2022,97.75,98.13,94.41,94.76
02-12-2022,95.23,98.17,93.68,97.75
01-12-2022,97.78,97.78,94.21,95.23
30-11-2022,92.23,97.78,92.23,97.78
29-11-2022,92.35,94.40,92.21,92.23
28-11-2022,97.07,97.07,92.15,92.35
25-11-2022,96.94,97.33,95.63,97.07
23-11-2022,94.81,96.95,94.63,96.94
22-11-2022,94.09,94.86,92.77,94.81
21-11-2022,95.90,95.90,93.22,94.09
18-11-2022,98.21,98.21,95.01,95.90
17-11-2022,95.32,97.29,94.58,97.07
16-11-2022,101.38,101.38,97.51,97.95
15-11-2022,102.23,103.10,100.75,101.38
14-11-2022,100.73,100.93,97.18,99.19
11-11-2022,98.27,102.19,98.27,100.85
10-11-2022,89.27,98.55,89.27,98.27
09-11-2022,93.10,93.34,89.01,89.27
08-11-2022,91.89,94.69,91.60,93.10
07-11-2022,93.33,94.50,91.08,91.89
04-11-2022,92.10,95.49,91.20,93.33
03-11-2022,90.67,93.79,89.38,92.10
02-11-2022,95.17,96.10,90.62,90.67
01-11-2022,95.86,98.46,95.02,95.17
31-10-2022,93.89,96.03,93.13,95.86
28-10-2022,93.75,94.46,91.52,93.89
27-10-2022,94.42,95.84,93.67,93.75
26-10-2022,94.34,97.63,94.30,94.42
25-10-2022,88.50,94.53,88.50,94.34
24-10-2022,90.17,90.17,85.86,88.50
21-10-2022,88.53,90.36,86.92,90.17
20-10-2022,91.27,92.41,88.01,88.53
19-10-2022,93.37,93.37,90.02,91.27
18-10-2022,92.12,96.07,91.94,93.37
17-10-2022,89.57,93.77,89.57,92.12
14-10-2022,93.50,95.46,89.50,89.57
13-10-2022,91.80,93.65,87.54,93.50
12-10-2022,93.90,94.11,90.77,91.80
11-10-2022,94.73,95.62,91.30,93.90
10-10-2022,97.05,97.05,93.47,94.73
07-10-2022,102.41,102.41,96.54,97.05
06-10-2022,105.35,108.27,102.20,102.41
05-10-2022,108.91,108.91,102.59,105.35
04-10-2022,103.05,109.53,103.05,108.91
03-10-2022,100.33,104.14,98.45,103.05
30-09-2022,100.87,103.49,99.82,100.33
29-09-2022,107.46,107.46,99.29,100.87
28-09-2022,104.42,108.08,103.46,107.46
27-09-2022,102.68,106.78,102.68,104.42
26-09-2022,104.17,107.56,102.52,102.68
23-09-2022,108.94,108.94,102.53,104.17
22-09-2022,113.76,114.31,107.85,108.94
21-09-2022,114.64,117.99,113.03,113.76
20-09-2022,118.85,118.85,114.53,114.64
19-09-2022,118.54,119.23,116.77,118.85
16-09-2022,120.66,120.66,116.67,118.54
15-09-2022,122.81,124.79,120.04,120.66
14-09-2022,119.30,122.84,117.22,122.81
13-09-2022,122.35,122.35,116.91,119.30
12-09-2022,121.01,122.39,119.16,122.35
09-09-2022,119.04,121.31,119.04,121.01
08-09-2022,118.06,119.04,116.33,119.04
07-09-2022,112.87,118.30,112.57,118.06
06-09-2022,112.66,114.20,110.85,112.87
02-09-2022,114.64,116.01,111.79,112.66
01-09-2022,119.07,119.07,112.17,114.64
31-08-2022,117.36,119.62,116.53,119.07
30-08-2022,119.35,121.77,115.75,117.36
29-08-2022,121.35,122.44,119.09,119.35
26-08-2022,126.24,127.14,121.07,121.35
25-08-2022,123.98,126.54,123.98,126.24
24-08-2022,118.54,124.77,118.54,123.98
23-08-2022,117.35,120.39,117.35,118.54
22-08-2022,120.05,120.05,116.09,117.35
19-08-2022,127.31,127.31,119.30,120.05
18-08-2022,125.45,127.87,125.45,127.31
17-08-2022,130.02,130.02,123.92,125.45
16-08-2022,133.32,133.32,128.61,130.02
15-08-2022,134.53,135.12,130.94,133.32
12-08-2022,128.04,134.53,127.25,134.53
11-08-2022,128.60,131.80,127.88,128.04
10-08-2022,120.59,128.62,120.59,128.60
09-08-2022,124.12,124.12,119.98,120.59
08-08-2022,122.03,127.67,122.03,124.12
05-08-2022,121.49,123.80,119.59,122.03
04-08-2022,118.92,122.01,118.92,121.49
03-08-2022,117.79,119.05,116.09,118.92
02-08-2022,114.20,119.09,112.67,117.79
01-08-2022,116.04,116.04,112.86,114.20
29-07-2022,113.03,116.27,111.81,116.04
28-07-2022,104.65,113.38,104.65,113.03
27-07-2022,99.92,104.85,99.92,104.65
26-07-2022,102.93,102.93,99.50,99.92
25-07-2022,101.93,103.18,100.30,102.93
22-07-2022,106.83,107.44,101.29,101.93
21-07-2022,105.87,106.84,103.91,106.83
20-07-2022,102.21,106.43,102.21,105.87
19-07-2022,99.15,102.56,99.15,102.21
18-07-2022,97.46,101.94,97.46,99.15
15-07-2022,97.37,97.47,92.87,97.46
14-07-2022,97.02,97.41,94.00,97.37
13-07-2022,96.71,98.05,94.08,97.02
12-07-2022,96.44,98.88,95.12,96.71
11-07-2022,102.69,102.69,96.44,96.44
08-07-2022,100.81,104.15,99.27,102.69
07-07-2022,94.49,101.16,94.49,100.81
06-07-2022,95.42,96.87,93.31,94.49
05-07-2022,94.42,95.43,89.60,95.42
01-07-2022,95.21,96.58,93.06,94.42
30-06-2022,94.80,96.43,92.07,95.21
29-06-2022,99.25,99.25,93.53,94.80
28-06-2022,104.13,105.48,99.13,99.25
27-06-2022,103.85,105.18,102.51,104.13
24-06-2022,104.88,107.16,103.69,103.85
23-06-2022,100.69,105.03,100.25,104.88
22-06-2022,101.68,102.57,99.03,100.69
21-06-2022,98.99,104.10,98.99,101.68
17-06-2022,93.72,100.16,93.72,98.99
16-06-2022,100.22,100.22,92.76,93.72
15-06-2022,96.35,101.37,96.35,100.22
14-06-2022,98.83,100.00,95.31,96.35
13-06-2022,105.80,105.80,97.16,98.83
10-06-2022,109.59,109.59,105.16,105.80
09-06-2022,113.31,113.34,109.58,109.59
08-06-2022,113.98,115.91,112.13,113.31
07-06-2022,113.13,114.07,111.13,113.98
06-06-2022,111.29,116.52,111.29,113.13
03-06-2022,114.20,114.20,109.65,111.29
02-06-2022,107.68,114.88,107.68,114.20
01-06-2022,110.93,112.35,106.73,107.68
31-05-2022,113.13,114.37,110.31,110.93
27-05-2022,107.36,113.26,107.36,113.13
26-05-2022,102.91,108.17,102.50,107.36
25-05-2022,100.64,103.51,99.33,102.91
24-05-2022,104.94,104.94,99.27,100.64
23-05-2022,103.67,105.07,100.70,104.94
20-05-2022,105.43,107.53,99.76,103.67
19-05-2022,102.06,107.19,101.84,105.43
18-05-2022,103.98,107.09,101.28,102.06
17-05-2022,97.44,103.98,97.44,103.98
16-05-2022,98.97,101.46,96.83,97.44
13-05-2022,91.06,99.73,91.06,98.97
12-05-2022,87.80,93.50,84.34,91.06
11-05-2022,95.15,95.34,87.61,87.80
10-05-2022,97.08,100.95,92.38,95.15
09-05-2022,107.49,107.49,96.60,97.08
06-05-2022,110.96,110.96,105.17,107.49
05-05-2022,116.89,116.89,109.39,110.96
04-05-2022,111.01,117.03,109.68,116.89
03-05-2022,108.68,112.05,107.81,111.01
02-05-2022,106.38,108.68,104.45,108.68
29-04-2022,109.21,112.22,106.20,106.38
28-04-2022,107.08,109.82,104.01,109.21
27-04-2022,106.79,110.90,106.79,107.08
26-04-2022,112.42,112.42,106.72,106.79
25-04-2022,110.57,112.43,108.03,112.42
22-04-2022,112.51,114.30,109.43,110.57
21-04-2022,119.32,121.98,111.54,112.51
20-04-2022,123.09,123.55,119.20,119.32
19-04-2022,120.17,123.73,118.93,123.09
18-04-2022,121.89,121.89,118.89,120.17
14-04-2022,125.54,126.04,121.87,121.89
13-04-2022,122.09,125.68,121.21,125.54
12-04-2022,123.85,127.50,121.39,122.09
11-04-2022,125.48,126.14,121.58,123.85
08-04-2022,129.77,129.77,125.32,125.48
07-04-2022,131.50,132.58,125.89,129.77
06-04-2022,137.57,137.57,129.15,131.50
05-04-2022,143.21,144.27,137.10,137.57
04-04-2022,136.05,143.58,136.05,143.21
01-04-2022,136.37,139.02,134.62,136.05
31-03-2022,137.07,138.65,135.35,136.37
30-03-2022,139.71,141.82,136.35,137.07
29-03-2022,135.23,140.25,135.22,139.71
28-03-2022,136.28,137.84,132.17,135.23
25-03-2022,138.64,138.64,134.34,136.28
24-03-2022,135.81,138.66,134.41,138.64
23-03-2022,137.57,139.38,134.35,135.81
22-03-2022,134.87,139.27,134.87,137.57
21-03-2022,135.68,137.20,132.60,134.87
18-03-2022,132.43,136.52,131.27,135.68
17-03-2022,127.61,132.43,125.89,132.43
16-03-2022,119.50,127.61,119.50,127.61
15-03-2022,115.20,119.50,112.44,119.50
14-03-2022,123.67,123.67,114.53,115.20
11-03-2022,128.06,130.11,123.63,123.67
10-03-2022,130.11,130.11,124.99,128.06
09-03-2022,127.29,131.04,127.08,130.11
08-03-2022,117.70,129.35,117.70,127.29
07-03-2022,115.60,120.23,115.60,117.70
04-03-2022,119.70,120.70,114.88,115.60
03-03-2022,122.51,123.41,118.94,119.70
02-03-2022,123.84,123.84,120.47,122.51
01-03-2022,124.00,125.42,121.47,123.84
28-02-2022,118.67,125.80,118.67,124.00
25-02-2022,116.50,118.67,113.61,118.67
24-02-2022,107.72,116.62,101.64,116.50
23-02-2022,109.96,113.04,107.60,107.72
22-02-2022,115.21,115.21,109.16,109.96
18-02-2022,118.52,119.57,114.25,115.21
17-02-2022,123.79,123.79,118.04,118.52
16-02-2022,123.78,124.43,121.07,123.79
15-02-2022,115.37,123.92,115.37,123.78
14-02-2022,115.68,119.01,114.22,115.37
11-02-2022,119.66,121.77,114.51,115.68
10-02-2022,122.23,125.14,118.47,119.66
09-02-2022,116.42,122.23,116.42,122.23
08-02-2022,113.17,116.53,112.39,116.42
07-02-2022,113.62,116.19,112.36,113.17
04-02-2022,110.36,114.50,109.73,113.62
03-02-2022,115.57,115.57,110.17,110.36
02-02-2022,119.96,120.79,114.67,115.57
01-02-2022,118.04,120.77,115.70,119.96
31-01-2022,108.07,118.04,108.07,118.04
28-01-2022,106.55,108.07,102.89,108.07
27-01-2022,112.39,114.16,106.14,106.55
26-01-2022,114.11,119.41,111.50,112.39
25-01-2022,116.82,116.82,111.18,114.11
24-01-2022,116.45,116.88,106.55,116.82
21-01-2022,122.45,122.45,116.07,116.45
20-01-2022,124.19,129.74,122.28,122.45
19-01-2022,128.28,129.46,124.16,124.19
18-01-2022,134.46,134.46,128.19,128.28
14-01-2022,134.96,135.21,131.14,134.46
13-01-2022,139.72,141.55,134.75,134.96
12-01-2022,139.79,143.13,138.07,139.72
11-01-2022,135.77,140.52,135.33,139.79
10-01-2022,139.03,139.03,131.74,135.77
07-01-2022,140.47,143.56,137.92,139.03
06-01-2022,142.66,143.87,136.54,140.47
05-01-2022,151.81,152.37,142.57,142.66
04-01-2022,152.87,154.41,148.36,151.81
03-01-2022,149.26,154.10,149.26,152.87
31-12-2021,150.01,152.90,149.19,149.26
30-12-2021,144.88,152.20,144.59,150.01
29-12-2021,147.89,147.89,143.31,144.88
28-12-2021,150.48,151.35,147.21,147.89
27-12-2021,151.04,151.79,148.76,150.48
23-12-2021,150.16,151.83,147.82,151.04
22-12-2021,150.20,151.26,148.22,150.16
21-12-2021,143.91,150.34,143.91,150.20
20-12-2021,151.39,151.39,142.39,143.91
17-12-2021,149.81,153.10,144.60,151.39
16-12-2021,155.04,158.34,148.72,149.81
15-12-2021,153.09,155.61,146.42,155.04
14-12-2021,158.45,158.45,151.46,153.09
13-12-2021,161.00,162.40,156.46,158.45
10-12-2021,162.61,165.50,159.63,161.00
09-12-2021,168.70,169.92,162.02,162.35
08-12-2021,165.97,169.56,163.75,168.70
07-12-2021,159.87,168.22,159.87,166.24
06-12-2021,158.29,161.68,151.32,159.87
03-12-2021,168.44,169.02,156.30,158.29
02-12-2021,168.37,171.08,165.08,168.44
01-12-2021,176.99,181.08,168.37,168.37
30-11-2021,181.80,181.80,172.05,176.99
29-11-2021,178.47,182.70,176.96,181.80
26-11-2021,184.85,184.85,174.99,178.47
24-11-2021,183.02,185.13,178.83,184.85
23-11-2021,186.06,188.04,179.24,183.02
22-11-2021,188.81,193.82,184.19,186.06
19-11-2021,184.92,189.90,184.61,188.81
18-11-2021,192.29,192.29,182.13,184.92
17-11-2021,195.95,197.64,191.13,192.29
16-11-2021,195.68,195.99,191.01,195.95
15-11-2021,198.21,198.21,193.27,195.68
12-11-2021,196.46,199.43,195.91,198.21
11-11-2021,186.48,198.06,186.48,196.46
10-11-2021,192.26,192.26,184.02,186.48
09-11-2021,198.68,199.77,188.91,192.26
08-11-2021,189.91,200.25,189.91,198.68
05-11-2021,191.56,192.23,187.31,189.91
04-11-2021,192.19,194.03,189.92,191.56
03-11-2021,190.42,192.37,186.78,192.19
02-11-2021,192.49,192.49,187.69,190.42
01-11-2021,184.61,192.51,184.61,192.49
29-10-2021,182.26,184.74,182.11,184.61
28-10-2021,172.81,182.35,172.81,182.26
27-10-2021,172.73,178.48,172.64,172.81
26-10-2021,174.36,177.10,171.65,172.73
25-10-2021,166.70,174.67,166.70,174.36
22-10-2021,170.46,170.46,165.22,166.70
21-10-2021,169.81,172.58,168.99,170.46
20-10-2021,170.42,170.70,167.68,169.81
19-10-2021,165.99,171.06,165.99,170.42
18-10-2021,164.95,166.86,163.71,165.99
15-10-2021,165.66,168.22,164.88,164.95
14-10-2021,166.44,168.42,164.32,165.66
13-10-2021,162.70,166.44,162.66,166.44
12-10-2021,157.39,163.32,157.39,162.70
11-10-2021,154.90,160.52,154.90,157.39
08-10-2021,155.69,156.95,154.58,154.90
07-10-2021,151.79,157.79,151.79,155.69
06-10-2021,153.25,153.25,149.00,151.79
05-10-2021,153.11,155.27,152.12,153.25
04-10-2021,160.75,160.75,152.74,153.11
01-10-2021,160.53,162.36,158.52,160.75
30-09-2021,159.05,162.66,159.05,160.53
29-09-2021,161.12,163.23,158.64,159.05
28-09-2021,167.19,167.19,160.82,161.12
27-09-2021,162.96,167.90,160.96,167.19
24-09-2021,165.71,165.71,162.21,162.96
23-09-2021,163.42,166.48,163.00,165.71
22-09-2021,160.81,165.01,160.81,163.42
21-09-2021,159.32,161.80,158.44,160.81
20-09-2021,168.01,168.01,156.83,159.32
17-09-2021,164.54,168.10,164.17,168.01
16-09-2021,166.67,166.67,163.29,164.54
15-09-2021,165.39,166.74,163.46,166.67
14-09-2021,167.07,169.45,164.42,165.39
13-09-2021,164.89,167.97,161.79,167.07
10-09-2021,167.64,171.09,164.83,164.89
09-09-2021,165.81,169.86,165.14,167.64
08-09-2021,171.05,171.38,164.53,165.81
07-09-2021,170.71,173.80,170.39,171.05
03-09-2021,172.84,173.00,169.31,170.71
02-09-2021,169.80,175.12,169.80,172.84
01-09-2021,169.27,171.65,168.70,169.80
31-08-2021,168.37,170.42,166.93,169.27
30-08-2021,167.80,169.63,166.42,168.37
27-08-2021,164.02,168.48,164.02,167.80
26-08-2021,165.42,168.77,163.36,164.02
25-08-2021,165.07,167.35,164.27,165.42
24-08-2021,161.90,165.20,161.90,165.07
23-08-2021,155.32,162.10,155.32,161.90
20-08-2021,152.04,155.57,151.92,155.32
19-08-2021,157.78,157.78,151.80,152.04
18-08-2021,157.05,160.74,155.59,157.78
17-08-2021,162.77,162.77,154.43,157.05
16-08-2021,168.42,168.42,162.30,162.77
13-08-2021,175.16,175.16,168.16,168.42
12-08-2021,176.14,176.14,172.41,175.16
11-08-2021,179.58,180.53,172.63,176.14
10-08-2021,175.87,180.89,175.87,179.58
09-08-2021,170.93,177.04,170.01,175.87
06-08-2021,171.57,173.18,170.08,170.93
05-08-2021,169.80,173.34,168.73,171.57
04-08-2021,172.56,173.81,169.35,169.80
03-08-2021,172.12,173.40,170.26,172.56
02-08-2021,173.22,176.13,171.89,172.12
30-07-2021,172.70,176.10,170.52,173.22
29-07-2021,171.42,174.95,171.42,172.70
28-07-2021,163.65,172.70,163.65,171.42
27-07-2021,168.12,168.12,160.15,163.65
26-07-2021,168.91,172.08,166.56,168.12
23-07-2021,173.80,173.80,167.70,168.91
22-07-2021,177.85,178.89,172.22,173.80
21-07-2021,169.91,177.87,169.91,177.85
20-07-2021,164.39,170.98,163.06,169.91
19-07-2021,166.64,166.64,159.21,164.39
16-07-2021,171.07,172.13,166.02,166.64
15-07-2021,171.27,175.40,167.90,171.07
14-07-2021,179.79,180.57,171.02,171.27
13-07-2021,184.42,184.42,179.47,179.79
12-07-2021,181.90,184.57,180.60,184.42
09-07-2021,179.66,182.28,178.68,181.90
08-07-2021,181.70,181.70,173.15,179.66
07-07-2021,186.40,188.77,180.00,181.70
06-07-2021,187.51,189.13,184.71,186.40
02-07-2021,191.07,192.35,186.99,187.51
01-07-2021,193.43,194.94,189.28,191.07
30-06-2021,195.61,195.61,192.38,193.43
29-06-2021,196.03,199.10,193.94,195.61
28-06-2021,188.01,196.08,188.01,196.03
25-06-2021,186.40,190.82,186.40,188.01
24-06-2021,186.26,188.50,185.25,186.40
23-06-2021,180.85,187.15,180.85,186.26
22-06-2021,179.65,180.91,177.29,180.85
21-06-2021,181.39,181.60,177.17,179.65
18-06-2021,183.64,184.36,178.83,181.39
17-06-2021,182.36,185.79,180.88,183.64
16-06-2021,179.11,183.36,178.37,182.36
15-06-2021,184.24,184.24,177.55,179.11
14-06-2021,185.39,187.95,183.76,184.24
11-06-2021,182.35,185.86,182.35,185.39
10-06-2021,184.89,185.38,181.22,182.35
09-06-2021,186.70,190.86,184.50,184.89
08-06-2021,182.92,188.90,182.45,186.70
07-06-2021,178.74,183.43,176.95,182.92
04-06-2021,176.83,180.34,176.83,178.74
03-06-2021,178.14,181.03,174.28,176.83
02-06-2021,175.37,178.14,173.70,178.14
01-06-2021,171.96,176.83,171.96,175.37
28-05-2021,173.61,176.73,171.35,171.96
27-05-2021,169.88,173.62,168.43,173.61
26-05-2021,162.23,170.41,162.23,169.88
25-05-2021,164.11,165.73,161.68,162.23
24-05-2021,164.61,166.12,162.08,164.11
21-05-2021,163.81,166.78,163.57,164.61
20-05-2021,161.40,164.82,161.20,163.81
19-05-2021,160.65,161.40,155.21,161.40
18-05-2021,156.59,163.20,155.72,160.65
17-05-2021,156.19,156.62,152.46,156.59
14-05-2021,148.63,156.51,148.63,156.19
13-05-2021,151.16,155.92,145.91,148.63
12-05-2021,160.17,160.17,150.84,151.16
11-05-2021,158.12,161.30,149.09,160.17
10-05-2021,167.75,167.75,158.12,158.12
07-05-2021,165.51,171.32,165.51,167.75
06-05-2021,170.00,170.00,162.36,165.51
05-05-2021,172.37,174.43,168.72,170.00
04-05-2021,178.10,178.10,168.29,172.37
03-05-2021,182.11,183.54,177.64,178.10
30-04-2021,186.71,186.71,181.25,182.11
29-04-2021,190.78,192.27,183.29,186.71
28-04-2021,192.24,192.24,187.93,190.78
27-04-2021,194.55,195.57,191.08,192.24
26-04-2021,188.84,195.16,188.02,194.55
23-04-2021,182.84,189.41,182.84,188.84
22-04-2021,181.03,187.69,180.44,182.84
21-04-2021,172.72,181.03,169.09,181.03
20-04-2021,176.30,177.98,169.96,172.72
19-04-2021,182.48,182.75,173.95,176.30
16-04-2021,180.67,183.92,179.28,182.48
15-04-2021,188.17,189.28,177.21,180.67
14-04-2021,189.59,193.28,187.57,188.17
13-04-2021,189.49,190.00,185.41,189.59
12-04-2021,195.67,195.67,188.44,189.49
09-04-2021,198.53,198.53,194.19,195.67
08-04-2021,195.55,200.07,195.55,198.53
07-04-2021,205.12,205.12,194.89,195.55
06-04-2021,200.75,206.41,200.62,205.12
05-04-2021,205.65,210.15,200.30,200.75
01-04-2021,203.74,211.09,203.74,205.65
31-03-2021,195.40,205.52,195.40,203.74
30-03-2021,184.62,195.87,183.55,195.40
29-03-2021,194.49,194.49,183.45,184.62
26-03-2021,191.04,196.31,187.16,194.49
25-03-2021,187.57,191.84,180.47,191.04
24-03-2021,199.41,201.55,187.33,187.57
23-03-2021,210.12,210.12,197.79,199.41
22-03-2021,209.48,213.57,208.00,210.12
19-03-2021,203.71,210.00,201.43,209.48
18-03-2021,216.48,216.48,203.02,203.71
17-03-2021,216.03,218.31,208.00,216.48
16-03-2021,224.74,224.74,213.92,216.03
15-03-2021,223.91,226.19,221.14,224.74
12-03-2021,224.82,224.82,215.48,223.91
11-03-2021,209.64,224.97,209.64,224.82
10-03-2021,206.81,219.38,205.87,209.64
09-03-2021,189.06,209.12,189.06,206.81
08-03-2021,194.65,200.14,188.25,189.06
05-03-2021,198.49,201.17,175.77,194.65
04-03-2021,212.02,213.58,190.90,198.49
03-03-2021,226.25,228.30,211.58,212.02
02-03-2021,235.32,237.11,225.98,226.25
01-03-2021,223.77,235.39,223.77,235.32
26-02-2021,220.82,225.69,212.90,223.77
25-02-2021,236.48,236.55,219.03,220.82
24-02-2021,224.81,236.57,223.08,236.48
23-02-2021,234.94,234.94,205.35,224.81
22-02-2021,249.35,249.35,234.35,234.94
19-02-2021,242.46,255.28,242.46,249.35
18-02-2021,257.65,257.65,240.30,242.46
17-02-2021,267.28,267.28,250.88,257.65
16-02-2021,275.27,279.71,266.05,267.28
12-02-2021,273.85,276.67,269.46,275.27
11-02-2021,276.04,278.66,267.49,273.85
10-02-2021,281.44,286.89,271.45,276.04
09-02-2021,276.42,282.62,275.48,281.44
08-02-2021,268.93,277.81,268.93,276.42
05-02-2021,269.15,271.92,264.81,268.93
04-02-2021,267.29,269.42,264.29,269.15
03-02-2021,261.16,268.56,260.63,267.29
02-02-2021,256.66,262.93,254.45,261.16
01-02-2021,247.74,257.01,245.77,256.66
29-01-2021,256.44,260.62,245.59,247.74
28-01-2021,258.49,260.77,248.55,256.44
27-01-2021,271.54,271.54,255.24,258.49
26-01-2021,263.41,273.80,263.41,271.54
25-01-2021,271.96,279.12,257.24,263.41
22-01-2021,269.36,272.06,262.76,271.96
21-01-2021,260.07,269.91,255.44,269.36
20-01-2021,260.93,265.18,255.54,260.07
19-01-2021,246.58,260.93,246.58,260.93
15-01-2021,261.27,261.27,244.38,246.58
14-01-2021,261.22,264.12,259.13,261.27
13-01-2021,264.44,268.09,258.05,261.22
12-01-2021,254.19,264.47,254.19,264.44
11-01-2021,253.27,257.71,244.73,254.19
08-01-2021,251.98,259.64,247.89,253.27
07-01-2021,234.47,254.43,234.47,251.98
06-01-2021,220.81,242.84,220.81,234.47
05-01-2021,214.87,221.40,212.39,220.81
04-01-2021,214.06,219.59,209.67,214.87
31-12-2020,216.45,218.01,213.59,214.06
30-12-2020,209.36,217.88,209.36,216.45
29-12-2020,216.95,217.72,206.02,209.36
28-12-2020,222.94,230.92,216.93,216.95
24-12-2020,225.00,227.68,219.85,222.94
23-12-2020,223.14,227.98,221.14,225.00
22-12-2020,208.76,223.45,208.76,223.14
21-12-2020,203.61,208.76,199.33,208.76
18-12-2020,198.98,208.28,198.98,203.61
17-12-2020,195.55,199.18,195.24,198.98
16-12-2020,195.06,196.31,190.05,195.55
15-12-2020,184.02,195.45,184.02,195.06
14-12-2020,184.48,187.44,183.24,184.02
11-12-2020,186.98,188.34,181.66,184.48
10-12-2020,184.82,187.38,181.64,186.98
09-12-2020,193.29,193.94,181.83,184.82
08-12-2020,185.50,193.76,185.50,193.29
07-12-2020,184.09,186.92,183.34,185.50
04-12-2020,180.44,184.61,180.44,184.09
03-12-2020,182.04,184.95,180.16,180.44
02-12-2020,185.55,185.55,174.13,182.04
01-12-2020,190.13,192.39,185.33,185.55
30-11-2020,197.06,199.30,185.25,190.13
27-11-2020,192.95,200.06,192.95,197.06
25-11-2020,190.69,193.69,185.32,192.95
24-11-2020,190.79,195.73,186.52,190.69
23-11-2020,175.03,190.84,175.03,190.79
20-11-2020,172.34,176.85,171.09,175.03
19-11-2020,166.18,172.34,166.18,172.34
18-11-2020,165.91,170.17,165.65,166.18
17-11-2020,163.10,167.66,160.15,165.91
16-11-2020,156.48,163.11,156.48,163.10
13-11-2020,154.13,159.09,154.13,156.48
12-11-2020,155.15,156.72,152.94,154.13
11-11-2020,149.68,155.50,149.68,155.15
10-11-2020,151.90,152.64,146.25,149.68
09-11-2020,151.50,159.76,151.50,151.90
06-11-2020,150.36,154.52,150.26,151.50
05-11-2020,137.17,150.55,137.17,150.36
04-11-2020,140.71,140.71,133.50,137.17
03-11-2020,136.64,141.01,136.64,140.71
02-11-2020,131.42,136.99,131.42,136.64
30-10-2020,135.35,135.35,129.35,131.42
29-10-2020,131.71,135.91,131.71,135.35
28-10-2020,134.41,134.41,130.83,131.71
27-10-2020,136.11,137.42,133.99,134.41
26-10-2020,140.41,140.41,133.49,136.11
23-10-2020,139.83,142.24,138.44,140.41
22-10-2020,139.41,140.20,135.71,139.83
21-10-2020,147.08,147.28,139.39,139.41
20-10-2020,144.64,148.42,144.64,147.08
19-10-2020,143.58,147.41,143.58,144.64
16-10-2020,145.05,146.62,143.47,143.58
15-10-2020,146.83,146.83,142.48,145.05
14-10-2020,144.52,147.39,144.52,146.83
13-10-2020,144.51,145.69,143.15,144.52
12-10-2020,146.54,147.97,143.51,144.51
09-10-2020,142.77,146.89,142.77,146.54
08-10-2020,143.68,146.03,141.72,142.77
07-10-2020,136.21,144.18,136.21,143.68
06-10-2020,136.77,140.03,135.03,136.21
05-10-2020,129.68,136.84,129.68,136.77
02-10-2020,129.61,131.87,124.91,129.68
01-10-2020,126.11,129.82,126.11,129.61
30-09-2020,125.94,128.68,125.35,126.11
29-09-2020,123.74,126.66,122.99,125.94
28-09-2020,117.07,123.88,117.07,123.74
25-09-2020,112.69,117.34,112.67,117.07
24-09-2020,111.24,114.54,108.31,112.66
23-09-2020,116.80,118.41,112.91,113.11
22-09-2020,117.01,117.28,114.92,117.14
21-09-2020,116.28,118.73,112.78,117.34
18-09-2020,118.48,120.60,117.24,118.73
17-09-2020,116.76,117.93,115.22,117.04
16-09-2020,118.93,121.39,118.19,119.44
15-09-2020,117.26,119.30,117.00,118.20
14-09-2020,113.00,116.37,111.87,116.23
11-09-2020,111.22,112.75,109.94,111.24
10-09-2020,113.76,114.39,110.01,110.54
09-09-2020,111.27,113.84,111.15,113.53
08-09-2020,107.26,111.86,106.51,108.92
04-09-2020,112.65,113.92,103.94,111.24
03-09-2020,118.30,118.30,111.18,112.04
02-09-2020,121.79,122.14,116.76,120.10
01-09-2020,118.17,121.24,117.61,121.24
31-08-2020,117.96,118.93,116.43,117.65
28-08-2020,116.52,118.14,115.93,118.07
27-08-2020,116.64,117.43,115.00,116.08
26-08-2020,116.75,117.48,115.92,116.24
25-08-2020,113.59,115.73,112.74,115.71
24-08-2020,112.38,113.45,111.39,113.17
21-08-2020,110.52,112.46,110.40,111.19
20-08-2020,111.80,111.82,110.50,110.72
19-08-2020,112.87,115.01,112.84,113.10
18-08-2020,112.87,113.38,110.98,112.82
17-08-2020,110.94,112.49,110.44,111.88
14-08-2020,110.89,111.60,109.40,110.07
13-08-2020,109.05,112.17,109.05,111.30
12-08-2020,108.40,110.02,107.70,109.51
11-08-2020,110.89,110.89,106.69,107.05
10-08-2020,109.22,110.68,108.76,109.84
07-08-2020,106.46,109.50,106.43,108.19
06-08-2020,107.00,107.51,106.06,106.47
05-08-2020,105.03,107.20,104.23,107.02
04-08-2020,102.33,104.46,102.18,104.33
03-08-2020,97.69,101.54,97.33,101.36
31-07-2020,98.05,98.05,95.13,96.57
30-07-2020,97.46,98.47,97.12,97.87
29-07-2020,98.38,98.71,96.80,98.09
28-07-2020,99.86,99.86,97.91,97.92
27-07-2020,99.74,100.91,98.61,100.82
24-07-2020,99.17,99.84,97.04,98.82
23-07-2020,101.13,103.04,99.54,101.17
22-07-2020,100.31,101.74,100.24,101.57
21-07-2020,102.49,102.84,100.44,100.66
20-07-2020,99.10,101.49,99.01,101.25
17-07-2020,98.66,99.12,97.65,98.64
16-07-2020,98.05,99.37,97.83,98.36
15-07-2020,97.94,100.35,97.62,99.95
14-07-2020,92.34,96.56,91.03,96.56
13-07-2020,96.76,98.03,92.55,92.58
10-07-2020,93.55,94.65,92.73,94.60
09-07-2020,94.14,95.18,90.95,93.69
08-07-2020,92.01,94.79,92.01,94.14
07-07-2020,90.66,92.19,89.88,91.53
06-07-2020,90.28,91.77,90.07,91.51
02-07-2020,87.46,88.78,86.73,87.46
01-07-2020,83.97,85.61,83.41,84.98
30-06-2020,82.60,84.85,82.40,84.30
29-06-2020,77.91,82.25,77.91,82.05
26-06-2020,79.94,79.94,77.69,77.91
25-06-2020,78.93,80.06,78.05,80.06
24-06-2020,80.24,80.79,78.22,79.72
23-06-2020,81.29,81.81,80.92,80.98
22-06-2020,80.12,80.17,78.87,79.85
19-06-2020,81.12,82.06,80.00,80.17
18-06-2020,78.33,80.66,78.33,80.07
17-06-2020,81.30,81.30,78.73,78.86
16-06-2020,82.14,82.56,79.56,80.98
15-06-2020,74.86,79.53,74.58,78.93
12-06-2020,74.48,78.82,74.48,77.28
11-06-2020,77.88,78.42,74.43,74.48
10-06-2020,82.35,83.17,80.53,82.31
09-06-2020,81.13,82.53,80.35,81.92
08-06-2020,82.01,82.96,81.58,82.96
05-06-2020,78.50,81.98,78.50,80.84
04-06-2020,77.58,78.74,77.46,78.50
03-06-2020,76.00,77.77,75.77,77.47
02-06-2020,74.85,75.31,73.82,74.82
01-06-2020,72.41,74.72,72.22,74.32
29-05-2020,71.21,72.38,70.91,72.30
28-05-2020,73.51,73.94,71.36,71.56
27-05-2020,73.05,73.34,70.16,73.30
26-05-2020,70.99,72.33,70.81,71.83
22-05-2020,69.32,69.39,68.09,68.47
21-05-2020,69.42,70.16,68.42,69.26
20-05-2020,70.39,71.24,69.35,69.82
19-05-2020,68.31,70.45,68.17,69.02
18-05-2020,66.85,68.66,66.81,68.50
15-05-2020,63.61,64.20,62.43,63.91
14-05-2020,61.64,63.61,60.05,63.61
13-05-2020,65.88,65.94,62.36,63.21
12-05-2020,68.55,69.13,66.17,66.18
11-05-2020,67.73,68.71,67.24,68.16
08-05-2020,67.26,68.86,66.93,68.72
07-05-2020,65.63,66.00,64.60,65.75
06-05-2020,64.62,65.40,63.82,64.91
05-05-2020,65.01,65.41,63.24,63.56
04-05-2020,61.67,63.47,61.11,63.32
01-05-2020,64.28,64.71,61.42,62.52
30-04-2020,67.79,68.06,65.98,66.19
29-04-2020,64.73,69.05,64.73,68.75
28-04-2020,65.30,65.68,63.59,64.73
27-04-2020,62.21,64.01,62.18,63.79
24-04-2020,61.66,61.88,60.31,61.38
23-04-2020,60.51,62.55,60.51,61.39
22-04-2020,59.63,60.73,59.05,60.51
21-04-2020,58.62,59.48,57.51,57.94
20-04-2020,59.77,61.39,59.71,60.13
17-04-2020,61.45,61.79,60.46,61.38
16-04-2020,60.05,60.11,58.08,59.16
15-04-2020,59.92,60.18,58.86,59.46
14-04-2020,61.72,62.77,60.82,62.06
13-04-2020,60.39,60.48,58.26,59.90
09-04-2020,60.58,62.02,59.41,60.57
08-04-2020,57.58,59.53,56.76,59.22
07-04-2020,58.20,58.76,56.24,56.41
06-04-2020,53.89,55.46,53.86,55.35
03-04-2020,52.58,52.70,50.36,51.16
02-04-2020,51.41,53.97,51.13,52.40
01-04-2020,53.53,53.87,51.40,51.68
31-03-2020,55.86,56.57,54.85,55.85
30-03-2020,55.37,55.80,54.24,55.71
27-03-2020,57.29,57.29,55.29,55.37
26-03-2020,58.11,60.99,58.11,59.95
25-03-2020,56.98,60.62,54.89,58.11
24-03-2020,51.41,55.87,51.41,55.74
23-03-2020,49.45,49.73,46.68,48.75
20-03-2020,51.52,53.53,49.09,49.45
19-03-2020,47.14,50.96,45.92,50.17
18-03-2020,51.88,51.88,45.85,47.37
17-03-2020,51.41,54.18,48.64,54.18
16-03-2020,59.51,59.51,50.51,50.59
13-03-2020,61.12,61.78,55.65,59.51
12-03-2020,60.75,61.10,57.12,57.45
11-03-2020,69.64,69.90,64.96,66.17
10-03-2020,72.16,72.56,68.35,71.46
09-03-2020,77.71,77.71,68.55,68.83
06-03-2020,78.70,79.18,76.31,77.71
05-03-2020,79.92,82.22,79.92,80.97
04-03-2020,81.13,82.07,79.91,82.07
03-03-2020,81.21,82.83,78.61,79.65
02-03-2020,78.96,79.86,76.40,79.86
28-02-2020,75.56,78.19,74.12,77.73
27-02-2020,81.21,81.36,77.44,77.93
26-02-2020,83.60,85.41,82.46,82.99
25-02-2020,88.19,88.38,83.74,83.89
24-02-2020,85.91,87.28,84.69,86.28
21-02-2020,91.48,91.48,89.43,89.91
20-02-2020,91.00,93.65,90.15,92.53
19-02-2020,87.87,91.59,87.87,91.58
18-02-2020,85.11,86.22,85.05,85.84
14-02-2020,85.14,85.82,84.71,85.01
13-02-2020,84.14,85.22,83.53,85.10
12-02-2020,83.40,85.75,83.40,85.73
11-02-2020,81.43,82.81,81.25,82.63
10-02-2020,79.35,80.65,79.35,80.65
07-02-2020,80.12,80.12,78.84,79.35
06-02-2020,80.60,81.43,80.01,80.71
05-02-2020,80.45,80.56,78.95,80.40
04-02-2020,78.15,80.71,78.15,80.21
03-02-2020,74.56,76.57,74.56,76.46
31-01-2020,75.83,75.83,73.99,74.44
30-01-2020,75.63,76.41,75.21,75.90
29-01-2020,76.65,76.91,75.53,75.97
28-01-2020,75.20,76.40,75.05,76.21
27-01-2020,75.06,75.30,74.29,74.52
24-01-2020,78.58,78.58,76.80,77.32
23-01-2020,77.76,78.12,76.24,77.97
22-01-2020,79.49,79.60,77.45,77.76
21-01-2020,78.37,79.52,77.86,78.95
17-01-2020,78.50,78.84,78.33,78.74
16-01-2020,77.30,78.42,77.26,78.07
15-01-2020,76.92,77.69,76.64,77.30
14-01-2020,76.33,77.44,75.78,76.92
13-01-2020,74.93,76.34,74.88,76.02
10-01-2020,73.96,74.19,73.58,73.84
09-01-2020,73.77,74.06,73.45,73.82
08-01-2020,72.70,73.47,72.20,73.20
07-01-2020,72.60,73.03,72.30,72.70
06-01-2020,71.76,72.57,71.44,72.52
03-01-2020,71.09,72.24,71.00,72.00
02-01-2020,71.47,72.14,70.71,72.14
31-12-2019,70.44,71.12,70.35,70.74
30-12-2019,69.92,71.23,69.20,70.37
27-12-2019,70.48,70.68,69.38,69.56
26-12-2019,70.16,70.50,69.97,70.48
24-12-2019,69.88,70.10,69.49,70.10
23-12-2019,69.30,69.88,69.02,69.88
20-12-2019,68.88,69.17,68.83,69.15
19-12-2019,68.71,68.94,68.36,68.56
18-12-2019,68.46,68.75,67.99,68.69
17-12-2019,67.77,68.49,67.77,68.41
16-12-2019,66.74,67.80,66.74,67.26
13-12-2019,66.03,66.87,65.91,66.30
12-12-2019,64.73,66.11,64.66,65.98
11-12-2019,63.79,64.73,63.79,64.65
10-12-2019,63.92,63.92,63.44,63.79
09-12-2019,64.51,64.61,63.92,63.92
06-12-2019,64.06,64.62,64.06,64.42
05-12-2019,64.06,64.33,63.55,63.65
04-12-2019,64.10,64.52,63.95,63.96
03-12-2019,62.95,63.63,62.65,63.60
02-12-2019,64.44,64.80,63.67,63.98
29-11-2019,64.65,64.95,63.99,64.40
27-11-2019,64.13,64.99,64.13,64.95
26-11-2019,63.84,64.03,63.72,63.98
25-11-2019,62.51,63.96,62.51,63.80
22-11-2019,62.55,62.63,61.91,62.51
21-11-2019,62.90,63.05,62.04,62.27
20-11-2019,63.19,63.38,62.39,62.76
19-11-2019,63.64,63.73,62.89,63.37
18-11-2019,64.09,64.15,63.54,63.66
15-11-2019,63.49,63.91,63.43,63.90
14-11-2019,62.39,62.94,61.81,62.93
13-11-2019,63.11,63.11,61.90,62.11
12-11-2019,63.25,64.12,63.08,63.30
11-11-2019,62.63,63.08,62.38,62.97
08-11-2019,62.37,62.81,61.98,62.63
07-11-2019,62.05,62.41,61.86,62.37
06-11-2019,62.52,62.92,61.91,62.09
05-11-2019,61.71,62.79,61.71,62.72
04-11-2019,61.54,61.97,61.38,61.61
01-11-2019,60.10,61.21,60.10,61.20
31-10-2019,60.53,60.85,59.51,60.09
30-10-2019,61.46,61.46,60.13,60.53
29-10-2019,61.69,61.86,61.31,61.47
28-10-2019,61.29,62.18,61.29,61.70
25-10-2019,61.40,61.44,60.25,61.28
24-10-2019,61.02,61.54,61.01,61.40
23-10-2019,60.19,60.72,59.90,60.45
22-10-2019,61.12,61.19,59.90,60.19
21-10-2019,60.72,61.29,60.72,61.09
18-10-2019,60.33,60.78,60.10,60.59
17-10-2019,59.63,60.54,59.63,60.33
16-10-2019,60.14,60.23,59.51,59.61
15-10-2019,59.97,60.37,59.67,60.14
14-10-2019,60.40,60.48,59.85,59.92
11-10-2019,60.05,61.13,60.05,60.43
10-10-2019,59.13,60.28,59.13,59.84
09-10-2019,59.21,59.47,58.89,59.08
08-10-2019,59.40,59.67,58.73,58.92
07-10-2019,59.55,59.83,59.04,59.40
04-10-2019,58.73,59.58,58.71,59.57
03-10-2019,58.27,58.74,57.34,58.72
02-10-2019,59.07,59.07,57.83,58.43
01-10-2019,60.72,60.83,58.86,59.07
30-09-2019,60.67,60.67,59.87,60.47
27-09-2019,61.97,62.07,60.20,60.57
26-09-2019,63.33,63.34,61.89,61.90
25-09-2019,62.83,63.35,62.21,63.29
24-09-2019,64.67,64.85,62.62,62.83
23-09-2019,64.44,65.18,64.25,65.00
20-09-2019,64.93,65.16,64.16,64.63
19-09-2019,64.49,65.51,64.49,64.90
18-09-2019,64.44,64.52,63.70,64.30
17-09-2019,63.55,64.54,63.47,64.47
16-09-2019,63.34,64.08,63.31,63.86
13-09-2019,62.59,63.39,62.59,63.26
12-09-2019,63.01,63.21,62.14,62.59
11-09-2019,61.80,63.01,61.80,63.01
10-09-2019,61.10,61.70,60.46,61.54
09-09-2019,61.07,61.44,60.73,61.09
06-09-2019,61.05,61.31,60.73,61.01
05-09-2019,60.60,61.65,60.60,61.02
04-09-2019,59.48,60.40,59.48,60.39
03-09-2019,60.37,60.40,59.16,59.30
30-08-2019,60.58,61.05,60.05,60.64
29-08-2019,60.54,61.06,60.31,60.52
28-08-2019,59.66,60.36,59.17,60.08
27-08-2019,60.35,60.85,59.51,59.66
26-08-2019,59.57,60.41,59.57,60.30
23-08-2019,61.12,61.15,59.39,59.52
22-08-2019,61.85,61.89,60.83,61.12
21-08-2019,61.79,62.44,61.68,62.05
20-08-2019,61.81,61.97,61.35,61.73
19-08-2019,61.09,62.20,61.09,61.89
16-08-2019,59.58,61.06,59.58,60.98
15-08-2019,59.64,59.81,59.01,59.46
14-08-2019,61.43,61.43,59.26,59.45
13-08-2019,61.44,62.49,60.75,61.82
12-08-2019,62.08,62.08,61.17,61.46
09-08-2019,63.58,63.58,62.33,62.48
08-08-2019,62.16,63.62,62.16,63.58
07-08-2019,60.73,62.24,60.21,62.16
06-08-2019,60.01,61.25,60.01,60.73
05-08-2019,62.43,62.43,59.03,59.70
02-08-2019,63.09,63.09,61.74,62.43
01-08-2019,63.09,64.93,62.70,63.00
31-07-2019,63.49,64.07,62.66,63.09
30-07-2019,62.64,63.07,62.04,63.06
29-07-2019,62.73,62.73,62.20,62.64
26-07-2019,62.16,62.85,62.12,62.73
25-07-2019,63.46,63.46,62.09,62.16
24-07-2019,62.76,63.59,62.56,63.46
23-07-2019,62.59,62.86,62.28,62.76
22-07-2019,62.59,63.03,62.35,62.51
19-07-2019,62.53,63.13,62.53,62.59
18-07-2019,62.42,62.60,62.12,62.53
17-07-2019,62.45,62.89,62.33,62.42
16-07-2019,62.64,62.98,62.37,62.45
15-07-2019,62.79,63.01,62.32,62.66
12-07-2019,61.94,62.88,61.94,62.79
11-07-2019,62.71,62.75,61.75,61.92
10-07-2019,62.75,63.27,62.49,62.71
09-07-2019,62.78,62.78,62.40,62.73
08-07-2019,62.90,62.95,62.41,62.78
05-07-2019,62.58,63.29,62.27,63.26
03-07-2019,62.77,62.94,62.66,62.75
02-07-2019,62.51,62.55,61.88,62.54
01-07-2019,62.70,62.99,62.11,62.51
28-06-2019,61.73,61.90,61.39,61.77
27-06-2019,60.24,61.48,60.22,61.46
26-06-2019,59.90,60.33,59.85,60.02
25-06-2019,60.45,60.51,59.36,59.39
24-06-2019,61.14,61.19,60.43,60.54
21-06-2019,61.11,61.16,60.57,60.81
20-06-2019,61.63,61.91,60.87,61.41
19-06-2019,60.64,61.02,60.07,61.00
18-06-2019,59.36,61.04,59.36,60.50
17-06-2019,58.91,58.96,58.52,58.62
14-06-2019,59.30,59.30,58.64,58.92
13-06-2019,58.97,59.77,58.87,59.74
12-06-2019,59.15,59.28,58.52,58.59
11-06-2019,59.78,59.85,59.10,59.41
10-06-2019,58.92,59.85,58.89,59.32
07-06-2019,57.76,58.65,57.75,58.43
06-06-2019,57.78,58.08,57.12,57.64
05-06-2019,58.18,58.36,57.28,57.89
04-06-2019,57.07,58.05,57.07,58.05
03-06-2019,55.61,56.71,55.59,56.58
31-05-2019,55.90,56.04,55.36,55.66
30-05-2019,56.72,57.38,56.51,56.84
29-05-2019,56.79,56.91,56.23,56.56
28-05-2019,57.02,57.33,56.80,57.20
24-05-2019,56.75,56.98,56.34,56.65
23-05-2019,57.23,57.23,55.81,56.28
22-05-2019,57.71,58.25,57.58,57.85
21-05-2019,57.00,58.07,57.00,57.96
20-05-2019,57.05,57.05,56.28,56.54
17-05-2019,58.07,58.38,57.34,57.41
16-05-2019,58.02,58.98,58.00,58.64
15-05-2019,56.76,57.99,56.76,57.90
14-05-2019,56.37,57.40,56.37,57.12
13-05-2019,57.34,57.54,55.98,56.37
10-05-2019,57.66,58.63,57.60,58.44
09-05-2019,58.03,58.26,57.20,58.02
08-05-2019,59.36,59.58,58.60,58.70
07-05-2019,59.12,59.89,59.12,59.75
06-05-2019,58.43,59.28,58.28,59.12
03-05-2019,59.11,59.98,59.11,59.98
02-05-2019,58.49,58.98,58.00,58.76
01-05-2019,59.39,59.62,58.89,58.90
30-04-2019,59.32,59.32,58.41,58.73
29-04-2019,59.32,59.54,59.22,59.29
26-04-2019,58.74,59.28,58.49,59.27
25-04-2019,59.54,59.54,58.64,58.82
24-04-2019,59.55,60.00,59.53,59.54
23-04-2019,58.95,59.67,58.82,59.43
22-04-2019,58.94,59.08,58.75,58.95
18-04-2019,59.04,59.33,58.61,59.11
17-04-2019,58.91,59.18,58.76,59.09
16-04-2019,58.28,58.76,58.23,58.67
15-04-2019,58.59,58.59,57.75,58.05
12-04-2019,58.40,58.74,58.27,58.43
11-04-2019,58.35,58.40,57.89,58.08
10-04-2019,58.20,58.60,58.02,58.46
09-04-2019,58.67,58.70,57.87,57.93
08-04-2019,58.50,58.80,58.27,58.80
05-04-2019,57.91,58.55,57.89,58.52
04-04-2019,57.23,57.77,57.20,57.74
03-04-2019,57.12,57.88,57.12,57.43
02-04-2019,56.56,56.75,56.28,56.67
01-04-2019,56.17,56.44,56.05,56.42
29-03-2019,55.65,55.79,55.23,55.57
28-03-2019,54.71,55.32,54.67,55.26
27-03-2019,54.62,54.83,53.90,54.63
26-03-2019,55.23,55.24,54.35,54.71
25-03-2019,55.12,55.26,54.18,54.89
22-03-2019,57.04,57.04,55.22,55.31
21-03-2019,57.71,58.00,57.17,57.39
20-03-2019,58.02,58.66,57.65,58.22
19-03-2019,57.83,58.51,57.82,58.09
18-03-2019,57.22,57.82,57.19,57.74
15-03-2019,57.51,57.65,56.76,57.04
14-03-2019,57.56,57.74,57.26,57.34
13-03-2019,57.16,57.45,57.01,57.38
12-03-2019,56.83,57.22,56.83,56.97
11-03-2019,55.26,56.90,55.25,56.83
08-03-2019,55.63,55.63,54.69,55.09
07-03-2019,55.99,56.20,55.05,55.63
06-03-2019,57.70,57.77,56.04,56.12
05-03-2019,58.41,58.86,58.16,58.21
04-03-2019,59.42,59.43,57.76,58.39
01-03-2019,58.82,59.15,58.57,59.06
28-02-2019,58.65,58.84,58.10,58.57
27-02-2019,58.43,58.76,58.02,58.76
26-02-2019,58.47,58.83,58.25,58.66
25-02-2019,59.42,59.94,58.68,58.74
22-02-2019,57.18,58.81,57.13,58.81
21-02-2019,56.51,56.96,56.43,56.63
20-02-2019,55.95,56.44,55.95,56.36
19-02-2019,55.07,56.15,55.07,55.95
15-02-2019,55.36,55.43,54.64,54.93
14-02-2019,54.27,55.61,54.19,55.25
13-02-2019,54.03,54.64,54.03,54.53
12-02-2019,53.72,54.06,53.70,54.03
11-02-2019,53.17,53.59,53.00,53.53
08-02-2019,52.80,53.04,52.28,52.88
07-02-2019,53.56,53.67,52.59,53.14
06-02-2019,53.69,54.35,53.68,53.91
05-02-2019,53.22,53.44,52.98,53.42
04-02-2019,52.86,53.28,52.84,53.28
01-02-2019,53.39,53.49,52.23,52.61
31-01-2019,52.27,53.61,52.27,53.34
30-01-2019,51.93,52.46,51.54,52.31
29-01-2019,51.79,51.90,51.41,51.53
28-01-2019,50.82,51.71,50.82,51.65
25-01-2019,50.79,51.72,50.79,51.40
24-01-2019,49.20,50.44,49.19,50.32
23-01-2019,49.08,49.60,48.70,49.06
22-01-2019,49.79,49.84,48.69,49.01
18-01-2019,50.31,50.55,49.98,50.09
17-01-2019,49.34,50.32,49.29,50.07
16-01-2019,49.15,49.67,49.11,49.46
15-01-2019,48.85,49.15,48.70,49.04
14-01-2019,48.66,49.19,48.53,48.74
11-01-2019,48.73,49.25,48.58,49.14
10-01-2019,48.12,49.01,47.84,48.97
09-01-2019,48.24,48.70,48.19,48.37
08-01-2019,48.10,48.21,47.43,47.95
07-01-2019,46.73,48.01,46.53,47.48
04-01-2019,44.84,46.63,44.84,46.49
03-01-2019,45.09,45.10,44.12,44.15
02-01-2019,43.98,45.50,43.89,45.34
31-12-2018,45.05,45.15,44.15,44.76
28-12-2018,44.82,45.40,44.40,44.79
27-12-2018,44.03,44.70,43.08,44.70
26-12-2018,42.23,44.58,42.11,44.58
24-12-2018,42.66,42.78,41.94,41.98
21-12-2018,44.23,44.48,43.03,43.14
20-12-2018,45.33,45.65,43.26,44.11
19-12-2018,46.31,46.99,45.30,45.50
18-12-2018,46.86,47.35,46.14,46.27
17-12-2018,47.74,47.88,46.34,46.58
14-12-2018,49.11,49.11,47.79,47.88
13-12-2018,49.58,49.78,48.98,49.11
12-12-2018,48.77,49.71,48.77,49.39
11-12-2018,49.64,49.68,48.49,48.77
10-12-2018,48.86,49.13,48.21,48.99
07-12-2018,50.13,50.68,48.79,48.92
06-12-2018,49.13,50.06,49.05,50.04
04-12-2018,51.74,51.77,49.92,49.98
03-12-2018,51.64,51.81,51.27,51.74
30-11-2018,50.52,50.77,50.21,50.72
29-11-2018,50.95,51.18,50.32,50.82
28-11-2018,49.98,51.13,49.74,51.13
27-11-2018,49.11,49.91,48.78,49.70
26-11-2018,48.39,49.33,48.39,49.11
23-11-2018,47.64,48.35,47.59,47.98
21-11-2018,47.65,48.39,47.43,48.05
20-11-2018,47.66,47.84,46.84,47.25
19-11-2018,48.98,49.24,48.39,48.44
16-11-2018,48.37,49.20,48.36,49.14
15-11-2018,47.53,48.88,47.46,48.73
14-11-2018,48.18,48.48,47.30,47.71
13-11-2018,48.19,48.69,47.64,47.80
12-11-2018,49.20,49.22,48.10,48.12
09-11-2018,49.60,49.60,48.87,49.32
08-11-2018,50.35,50.44,49.72,49.99
07-11-2018,49.77,50.58,49.53,50.58
06-11-2018,50.00,50.00,49.38,49.59
05-11-2018,49.47,50.31,49.47,50.10
02-11-2018,49.37,49.86,49.02,49.50
01-11-2018,47.89,49.71,47.89,49.58
31-10-2018,48.00,48.68,47.84,48.44
30-10-2018,46.05,47.61,46.00,47.59
29-10-2018,46.90,47.09,45.59,46.13
26-10-2018,45.95,47.05,45.43,46.19
25-10-2018,46.28,46.87,46.13,46.70
24-10-2018,47.44,47.58,45.80,45.81
23-10-2018,47.98,47.98,46.26,47.41
22-10-2018,48.59,48.64,47.69,47.98
19-10-2018,49.09,49.39,48.16,48.45
18-10-2018,49.63,49.80,48.85,49.01
17-10-2018,50.24,50.35,49.44,49.77
16-10-2018,48.79,50.33,48.79,50.30
15-10-2018,48.01,49.09,47.97,48.79
12-10-2018,47.31,48.33,47.31,47.96
11-10-2018,47.47,48.13,47.25,47.31
10-10-2018,49.28,49.32,47.73,47.76
09-10-2018,49.87,50.08,49.44,49.46
08-10-2018,49.67,49.92,49.17,49.89
05-10-2018,50.80,50.90,49.49,49.87
04-10-2018,52.02,52.02,50.72,50.83
03-10-2018,52.41,52.44,51.94,52.27
02-10-2018,51.89,52.42,51.87,52.17
01-10-2018,52.36,52.40,51.68,51.87
28-09-2018,51.72,52.03,51.51,51.73
27-09-2018,52.09,52.12,51.77,51.87
26-09-2018,52.88,52.92,52.00,52.05
25-09-2018,53.45,53.48,52.69,52.79
24-09-2018,53.84,53.93,53.35,53.39
21-09-2018,54.40,54.52,53.80,53.90
20-09-2018,53.79,54.31,53.70,54.29
19-09-2018,53.11,53.38,52.99,53.37
18-09-2018,52.54,53.09,52.54,52.97
17-09-2018,52.70,52.84,52.34,52.40
14-09-2018,52.48,52.82,52.40,52.75
13-09-2018,52.64,53.08,52.42,52.49
12-09-2018,52.32,52.65,52.00,52.64
11-09-2018,52.19,52.52,52.05,52.32
10-09-2018,52.46,52.46,52.04,52.25
07-09-2018,52.57,52.57,52.01,52.20
06-09-2018,53.37,53.44,52.53,52.57
05-09-2018,53.65,53.65,52.77,53.36
04-09-2018,53.76,53.94,53.45,53.71
31-08-2018,53.37,53.89,53.31,53.84
30-08-2018,54.14,54.17,53.42,53.50
29-08-2018,53.99,54.36,53.86,54.18
28-08-2018,53.89,53.95,53.24,53.43
27-08-2018,53.80,54.27,53.69,53.82
24-08-2018,53.10,53.58,53.04,53.55
23-08-2018,53.10,53.17,52.84,52.84
22-08-2018,53.30,53.42,52.99,53.07
21-08-2018,52.98,53.48,52.98,53.27
20-08-2018,52.28,53.01,52.28,52.87
17-08-2018,52.38,52.38,51.83,52.19
16-08-2018,52.25,52.54,52.13,52.38
15-08-2018,52.32,52.34,51.30,51.98
14-08-2018,52.78,52.91,52.56,52.84
13-08-2018,53.59,53.66,52.66,52.79
10-08-2018,53.79,53.80,53.35,53.58
09-08-2018,54.26,54.63,53.94,54.01
08-08-2018,54.19,54.28,53.76,54.26
07-08-2018,53.59,54.39,53.58,54.11
06-08-2018,53.05,53.61,53.02,53.50
03-08-2018,53.55,53.62,52.70,52.99
02-08-2018,52.32,53.41,52.32,53.32
01-08-2018,52.80,52.98,52.37,52.94
31-07-2018,51.97,52.97,51.95,52.80
30-07-2018,52.47,52.57,51.65,51.69
27-07-2018,53.15,53.15,52.24,52.37
26-07-2018,52.83,53.33,52.80,53.09
25-07-2018,52.03,52.87,52.03,52.86
24-07-2018,52.45,52.71,51.98,52.12
23-07-2018,52.27,52.43,51.97,52.18
20-07-2018,53.06,53.06,52.35,52.37
19-07-2018,52.61,53.18,52.58,53.05
18-07-2018,52.69,52.92,52.42,52.86
17-07-2018,52.54,52.91,52.46,52.58
16-07-2018,53.08,53.18,52.44,52.65
13-07-2018,53.31,53.45,52.99,52.99
12-07-2018,53.42,53.47,53.01,53.41
11-07-2018,53.40,53.60,53.12,53.14
10-07-2018,53.97,54.12,53.77,53.95
09-07-2018,53.64,53.92,53.41,53.84
06-07-2018,52.78,53.44,52.69,53.40
05-07-2018,52.40,52.98,52.14,52.86
03-07-2018,52.73,52.75,52.05,52.08
02-07-2018,51.74,52.59,51.69,52.42
29-06-2018,52.37,52.63,51.95,51.96
28-06-2018,51.66,52.18,51.30,52.07
27-06-2018,52.66,52.88,51.71,51.74
26-06-2018,52.16,52.65,51.83,52.53
25-06-2018,52.76,52.78,51.71,52.04
22-06-2018,52.79,52.97,52.64,52.89
21-06-2018,53.05,53.07,52.31,52.48
20-06-2018,52.90,53.10,52.62,52.96
19-06-2018,52.88,52.88,51.72,52.52
18-06-2018,51.98,52.93,51.97,52.88
15-06-2018,52.99,53.02,52.13,52.36
14-06-2018,53.42,53.53,53.08,53.35
13-06-2018,52.90,53.64,52.90,53.29
12-06-2018,52.81,53.27,52.70,52.90
11-06-2018,52.63,52.74,52.31,52.43
08-06-2018,52.51,52.77,52.31,52.40
07-06-2018,52.96,53.25,52.40,52.73
06-06-2018,53.34,53.34,52.65,53.08
05-06-2018,53.31,53.48,52.90,53.24
04-06-2018,54.18,54.18,52.77,53.34
01-06-2018,54.79,54.79,53.96,54.11
31-05-2018,55.21,55.49,54.48,54.56
30-05-2018,55.13,55.26,54.81,55.21
29-05-2018,54.70,55.07,54.35,54.97
25-05-2018,54.65,54.93,54.38,54.65
24-05-2018,55.14,55.16,54.44,54.77
23-05-2018,55.40,55.60,54.78,55.08
22-05-2018,56.55,56.55,55.70,55.75
21-05-2018,56.03,56.42,56.01,56.25
18-05-2018,55.88,55.90,55.40,55.54
17-05-2018,55.95,56.40,55.53,55.84
16-05-2018,55.44,56.17,55.33,55.98
15-05-2018,54.95,55.34,54.68,55.33
14-05-2018,55.11,55.92,55.09,55.25
11-05-2018,54.92,54.94,54.52,54.63
10-05-2018,54.24,55.12,53.99,54.97
09-05-2018,53.38,53.80,52.95,53.80
08-05-2018,53.17,53.40,52.88,53.13
07-05-2018,52.45,53.35,52.45,53.15
04-05-2018,51.52,52.68,51.44,52.45
03-05-2018,51.62,51.80,50.99,51.65
02-05-2018,51.30,52.04,51.27,51.72
01-05-2018,51.40,51.40,50.80,51.37
30-04-2018,52.29,52.29,51.30,51.36
27-04-2018,52.43,52.64,52.09,52.20
26-04-2018,51.75,52.27,51.58,52.23
25-04-2018,52.18,52.20,51.34,51.67
24-04-2018,53.02,53.25,51.54,52.14
23-04-2018,53.35,53.35,52.50,52.75
20-04-2018,53.38,53.66,53.07,53.36
19-04-2018,53.94,53.94,53.27,53.56
18-04-2018,53.47,54.15,53.42,53.94
17-04-2018,52.53,53.27,52.53,53.15
16-04-2018,52.59,52.59,52.22,52.36
13-04-2018,52.76,52.78,52.21,52.42
12-04-2018,52.70,52.89,52.52,52.60
11-04-2018,52.50,52.87,52.43,52.59
10-04-2018,52.87,53.11,52.69,52.85
09-04-2018,52.52,52.75,52.04,52.04
06-04-2018,52.56,53.14,51.66,52.04
05-04-2018,52.60,53.35,52.57,53.13
04-04-2018,50.47,52.37,50.26,52.29
03-04-2018,51.31,51.48,50.34,51.34
02-04-2018,51.66,51.84,50.48,50.90
29-03-2018,51.23,52.38,51.20,52.00
28-03-2018,51.87,51.91,50.82,50.99
27-03-2018,53.26,53.26,51.75,51.92
26-03-2018,52.69,53.11,52.17,53.11
23-03-2018,52.81,52.98,51.92,51.92
22-03-2018,53.25,53.78,52.76,52.76
21-03-2018,53.43,54.27,53.39,53.94
20-03-2018,53.02,53.47,53.00,53.43
19-03-2018,53.11,53.29,52.33,52.91
16-03-2018,52.83,53.23,52.65,53.20
15-03-2018,53.15,53.18,52.69,52.80
14-03-2018,53.42,53.51,52.86,52.99
13-03-2018,53.67,53.84,53.12,53.21
12-03-2018,53.10,53.76,53.10,53.41
09-03-2018,52.32,52.90,52.32,52.89
08-03-2018,52.08,52.24,51.79,52.07
07-03-2018,51.23,52.00,51.21,51.81
06-03-2018,50.95,51.92,50.95,51.84
05-03-2018,50.53,51.13,50.40,50.95
02-03-2018,49.70,50.78,49.25,50.71
01-03-2018,50.70,50.88,49.82,50.19
28-02-2018,52.11,52.12,50.91,50.91
27-02-2018,52.53,52.75,51.68,51.69
26-02-2018,52.30,52.70,51.87,52.58
23-02-2018,52.21,52.34,51.77,52.22
22-02-2018,52.56,52.69,52.10,52.19
21-02-2018,52.31,53.30,52.25,52.40
20-02-2018,51.92,52.53,51.91,52.11
16-02-2018,51.60,52.34,51.60,51.98
15-02-2018,51.38,51.75,50.68,51.72
14-02-2018,49.58,50.93,49.56,50.83
13-02-2018,49.01,49.87,48.90,49.73
12-02-2018,48.59,49.24,48.22,49.01
09-02-2018,48.12,48.47,46.68,48.08
08-02-2018,49.25,49.26,47.70,47.70
07-02-2018,49.30,49.67,49.05,49.10
06-02-2018,48.06,49.35,47.68,49.24
05-02-2018,50.13,50.70,48.76,48.77
02-02-2018,51.43,51.45,50.64,50.66
01-02-2018,51.91,52.03,51.55,51.74
31-01-2018,52.80,52.95,51.99,52.08
30-01-2018,53.15,53.15,52.27,52.45
29-01-2018,53.04,53.22,52.67,53.15
26-01-2018,53.05,53.05,52.49,52.96
25-01-2018,53.40,53.54,52.80,52.95
24-01-2018,53.69,53.81,52.51,52.99
23-01-2018,53.83,54.02,53.24,53.36
22-01-2018,53.71,53.83,53.51,53.64
19-01-2018,53.70,53.85,53.44,53.81
18-01-2018,53.77,53.93,53.55,53.67
17-01-2018,53.97,54.17,53.71,54.04
16-01-2018,55.05,55.18,53.30,53.61
12-01-2018,54.94,55.10,54.63,54.75
11-01-2018,53.61,54.88,53.61,54.87
10-01-2018,53.26,53.54,53.10,53.46
09-01-2018,53.98,54.05,53.45,53.47
08-01-2018,53.80,54.07,53.39,53.87
05-01-2018,53.82,53.96,53.74,53.79
04-01-2018,54.07,54.18,53.48,53.80
03-01-2018,54.05,54.23,53.67,53.88
02-01-2018,53.15,53.93,53.15,53.91
29-12-2017,53.51,53.59,52.89,52.90
28-12-2017,53.41,53.62,53.34,53.43
27-12-2017,52.58,53.30,52.58,53.22
26-12-2017,52.86,52.88,52.35,52.62
22-12-2017,53.18,53.20,52.99,53.08
21-12-2017,52.96,53.37,52.91,53.14
20-12-2017,53.12,53.21,52.80,52.92
19-12-2017,53.49,53.59,52.82,52.93
18-12-2017,53.29,53.62,53.26,53.49
15-12-2017,52.09,52.98,52.09,52.78
14-12-2017,52.17,52.51,52.01,52.09
13-12-2017,52.29,52.53,52.02,52.07
12-12-2017,52.38,52.77,52.10,52.11
11-12-2017,52.11,52.74,52.08,52.38
08-12-2017,51.91,52.15,51.74,51.82
07-12-2017,50.97,51.81,50.95,51.68
06-12-2017,50.97,51.37,50.86,50.89
05-12-2017,50.51,51.29,50.39,50.98
04-12-2017,52.80,52.80,50.54,50.61
01-12-2017,52.01,52.07,50.66,51.71
30-11-2017,52.07,52.36,51.95,52.15
29-11-2017,52.92,53.00,51.55,51.78
28-11-2017,52.35,53.01,52.25,52.95
27-11-2017,52.59,52.65,52.09,52.29
24-11-2017,52.33,52.67,52.33,52.63
22-11-2017,52.25,52.33,51.98,52.16
21-11-2017,52.04,52.44,51.99,52.10
20-11-2017,51.53,52.00,51.51,51.95
17-11-2017,51.21,51.73,51.08,51.53
16-11-2017,50.85,51.59,50.79,51.21
15-11-2017,50.93,51.02,50.30,50.58
14-11-2017,51.80,51.84,51.26,51.53
13-11-2017,51.69,51.95,51.52,51.72
10-11-2017,51.90,52.31,51.62,51.76
09-11-2017,52.26,52.41,51.69,52.03
08-11-2017,52.35,52.60,52.17,52.50
07-11-2017,53.17,53.17,52.31,52.61
06-11-2017,52.10,53.17,52.10,53.14
03-11-2017,51.70,51.94,51.58,51.92
02-11-2017,51.59,51.98,51.52,51.61
01-11-2017,51.91,51.93,51.27,51.51
31-10-2017,51.53,51.95,51.33,51.55
30-10-2017,51.02,51.60,50.96,51.31
27-10-2017,50.61,51.16,50.55,51.12
26-10-2017,49.99,50.34,49.95,50.22
25-10-2017,50.92,50.92,49.71,49.99
24-10-2017,50.91,51.29,50.80,50.92
23-10-2017,51.17,51.24,50.73,50.80
20-10-2017,50.65,50.97,50.52,50.94
19-10-2017,50.01,50.42,49.63,50.42
18-10-2017,50.14,50.71,50.10,50.54
17-10-2017,50.12,50.71,50.04,50.06
16-10-2017,50.28,50.36,49.85,49.97
13-10-2017,50.04,50.30,50.03,50.09
12-10-2017,49.65,50.21,49.58,49.95
11-10-2017,50.09,50.09,49.66,49.75
10-10-2017,49.91,50.08,49.67,50.07
09-10-2017,50.06,50.14,49.56,49.59
06-10-2017,49.46,49.95,49.41,49.90
05-10-2017,49.64,49.83,49.50,49.60
04-10-2017,49.56,49.76,49.41,49.58
03-10-2017,49.28,49.57,49.13,49.56
02-10-2017,49.06,49.20,48.68,49.20
29-09-2017,48.83,49.08,48.78,48.82
28-09-2017,48.97,49.25,48.64,48.90
27-09-2017,48.18,49.07,48.18,48.89
26-09-2017,47.95,48.16,47.81,47.97
25-09-2017,48.57,48.61,47.61,47.71
22-09-2017,48.06,48.70,48.06,48.55
21-09-2017,48.91,48.92,48.01,48.15
20-09-2017,49.14,49.26,48.76,48.89
19-09-2017,49.32,49.51,48.99,49.26
18-09-2017,49.07,49.31,49.01,49.21
15-09-2017,47.95,48.54,47.89,48.28
14-09-2017,47.67,47.90,47.52,47.84
13-09-2017,46.99,47.63,46.95,47.62
12-09-2017,46.64,46.94,46.64,46.89
11-09-2017,46.25,46.61,46.24,46.60
08-09-2017,45.95,46.15,45.78,45.88
07-09-2017,45.96,46.06,45.81,46.06
06-09-2017,45.79,46.00,45.72,45.90
05-09-2017,45.82,46.07,45.42,45.71
01-09-2017,45.70,45.99,45.65,45.98
31-08-2017,45.45,45.73,45.36,45.60
30-08-2017,45.04,45.42,45.03,45.28
29-08-2017,44.46,45.11,44.42,45.03
28-08-2017,44.94,45.01,44.70,44.93
25-08-2017,45.05,45.07,44.79,44.85
24-08-2017,44.61,44.96,44.46,44.89
23-08-2017,44.12,44.63,44.06,44.48
22-08-2017,44.21,44.45,44.19,44.31
21-08-2017,44.43,44.45,43.89,43.94
18-08-2017,44.17,44.71,44.15,44.50
17-08-2017,44.92,45.27,44.28,44.29
16-08-2017,45.56,45.77,45.07,45.19
15-08-2017,45.60,45.60,45.41,45.45
14-08-2017,45.02,45.57,45.02,45.46
11-08-2017,44.40,44.92,44.36,44.85
10-08-2017,45.75,45.90,44.81,44.82
09-08-2017,45.70,46.30,45.68,46.10
08-08-2017,46.44,46.54,45.81,45.87
07-08-2017,46.13,46.76,46.13,46.58
04-08-2017,46.15,46.35,45.93,46.13
03-08-2017,46.55,46.64,46.10,46.26
02-08-2017,47.02,47.04,46.05,46.31
01-08-2017,47.37,47.38,46.90,47.24
31-07-2017,47.36,47.39,46.90,47.16
28-07-2017,46.94,47.29,46.81,47.26
27-07-2017,47.29,47.41,46.43,46.72
26-07-2017,47.38,47.38,47.07,47.29
25-07-2017,47.51,47.59,47.28,47.28
24-07-2017,47.16,47.34,47.02,47.31
21-07-2017,47.32,47.32,46.92,47.23
20-07-2017,47.41,47.45,47.10,47.36
19-07-2017,46.68,47.39,46.66,47.33
18-07-2017,45.81,46.40,45.81,46.36
17-07-2017,45.76,46.03,45.74,45.91
14-07-2017,45.32,45.85,45.32,45.72
13-07-2017,45.56,45.62,45.15,45.32
12-07-2017,44.57,45.55,44.57,45.50
11-07-2017,44.39,44.63,44.24,44.57
10-07-2017,44.20,44.67,44.15,44.38
07-07-2017,43.96,44.37,43.91,44.37
06-07-2017,44.09,44.44,43.75,43.77
05-07-2017,45.09,45.13,44.29,44.40
03-07-2017,45.26,45.60,45.14,45.17
30-06-2017,45.14,45.30,44.91,45.08
29-06-2017,45.57,45.61,44.53,45.09
28-06-2017,45.16,45.79,45.00,45.57
27-06-2017,45.19,45.41,44.97,44.99
26-06-2017,45.35,45.66,44.97,45.28
23-06-2017,44.63,45.42,44.55,45.35
22-06-2017,43.64,44.83,43.64,44.57
21-06-2017,43.57,43.92,43.48,43.64
20-06-2017,43.80,43.80,43.42,43.52
19-06-2017,43.76,44.02,43.59,43.79
16-06-2017,43.39,43.60,43.23,43.56
15-06-2017,43.42,43.80,43.33,43.50
14-06-2017,44.48,44.48,43.66,43.93
13-06-2017,44.02,44.35,43.95,44.35
12-06-2017,43.66,43.96,43.57,43.72
09-06-2017,44.42,44.71,43.60,43.85
08-06-2017,43.33,44.37,43.20,44.35
07-06-2017,43.37,43.39,42.84,43.20
06-06-2017,42.84,43.43,42.77,43.26
05-06-2017,43.20,43.25,42.86,42.97
02-06-2017,43.24,43.48,43.16,43.32
01-06-2017,43.13,43.34,42.84,43.23
31-05-2017,43.05,43.11,42.27,43.03
30-05-2017,43.01,43.24,42.93,42.95
26-05-2017,42.93,43.19,42.79,43.01
25-05-2017,43.11,43.24,42.90,43.09
24-05-2017,42.56,42.95,42.45,42.88
23-05-2017,42.62,42.86,42.52,42.56
22-05-2017,42.27,42.61,42.19,42.56
19-05-2017,41.75,42.39,41.74,42.18
18-05-2017,41.03,41.70,40.86,41.64
17-05-2017,42.11,42.14,41.16,41.16
16-05-2017,42.96,42.96,42.42,42.70
15-05-2017,42.71,43.24,42.70,43.00
12-05-2017,43.01,43.01,42.49,42.58
11-05-2017,43.21,43.42,42.75,43.09
10-05-2017,43.33,43.49,43.08,43.30
09-05-2017,43.21,43.49,43.18,43.49
08-05-2017,43.19,43.35,43.06,43.21
05-05-2017,42.46,43.21,42.30,43.21
04-05-2017,42.87,42.94,41.96,42.08
03-05-2017,43.02,43.37,42.67,42.78
02-05-2017,43.09,43.31,42.64,43.01
01-05-2017,43.26,43.52,43.04,43.24
28-04-2017,43.79,43.79,43.12,43.26
27-04-2017,43.71,43.85,43.52,43.79
26-04-2017,43.31,43.82,43.27,43.67
25-04-2017,43.18,43.63,43.15,43.47
24-04-2017,42.70,43.05,42.58,42.99
21-04-2017,42.32,42.32,41.98,42.13
20-04-2017,42.33,42.40,42.07,42.32
19-04-2017,42.20,42.55,42.07,42.13
18-04-2017,42.08,42.09,41.76,42.07
17-04-2017,42.01,42.26,41.73,42.26
13-04-2017,42.02,42.35,41.81,41.81
12-04-2017,43.09,43.09,42.14,42.22
11-04-2017,42.88,43.18,42.52,43.18
10-04-2017,41.84,42.99,41.81,42.89
07-04-2017,41.81,42.05,41.72,41.79
06-04-2017,41.60,41.99,41.31,41.92
05-04-2017,42.16,42.36,41.31,41.45
04-04-2017,41.01,41.18,40.86,41.16
03-04-2017,41.62,41.77,41.06,41.17
31-03-2017,41.30,41.77,41.23,41.62
30-03-2017,41.22,41.46,41.18,41.30
29-03-2017,41.01,41.31,40.92,41.21
28-03-2017,40.72,41.14,40.59,41.08
27-03-2017,40.11,40.66,39.94,40.60
24-03-2017,40.36,40.75,40.19,40.37
23-03-2017,40.12,40.57,40.00,40.22
22-03-2017,39.95,40.20,39.70,40.13
21-03-2017,41.20,41.27,39.98,40.01
20-03-2017,41.20,41.23,40.96,41.15
17-03-2017,41.42,41.46,41.16,41.21
16-03-2017,41.33,41.53,41.30,41.42
15-03-2017,40.38,41.03,40.33,40.93
14-03-2017,40.38,40.38,39.96,40.27
13-03-2017,40.27,40.51,40.15,40.49
10-03-2017,40.30,40.40,40.08,40.27
09-03-2017,40.25,40.51,39.98,40.10
08-03-2017,40.69,40.75,40.37,40.40
07-03-2017,40.85,40.88,40.45,40.50
06-03-2017,40.79,40.84,40.35,40.60
03-03-2017,41.11,41.28,40.82,40.99
02-03-2017,41.17,41.71,41.12,41.13
01-03-2017,41.59,41.69,41.06,41.13
28-02-2017,41.65,41.73,41.02,41.11
27-02-2017,41.75,42.04,41.52,41.92
24-02-2017,41.34,41.88,41.27,41.79
23-02-2017,41.58,41.73,41.34,41.56
22-02-2017,42.24,42.26,41.40,41.58
21-02-2017,41.45,42.42,41.42,42.33
17-02-2017,40.69,41.24,40.53,41.24
16-02-2017,40.88,41.04,40.49,40.78
15-02-2017,40.50,40.97,40.50,40.95
14-02-2017,40.32,40.54,40.11,40.51
13-02-2017,40.17,40.38,40.07,40.33
10-02-2017,39.23,39.96,39.15,39.88
09-02-2017,39.11,39.28,39.03,39.12
08-02-2017,39.03,39.09,38.77,39.04
07-02-2017,39.54,39.56,39.09,39.11
06-02-2017,39.61,39.62,39.37,39.48
03-02-2017,39.06,39.66,39.06,39.66
02-02-2017,39.15,39.24,38.91,39.06
01-02-2017,39.32,39.46,38.99,39.20
31-01-2017,38.92,39.13,38.49,39.09
30-01-2017,39.55,39.56,38.77,38.92
27-01-2017,39.91,40.10,39.62,39.76
26-01-2017,40.26,40.35,39.91,39.96
25-01-2017,39.97,40.32,39.97,40.17
24-01-2017,39.26,39.75,39.26,39.67
23-01-2017,39.49,39.60,38.99,39.20
20-01-2017,39.30,39.57,39.30,39.46
19-01-2017,39.55,39.63,39.04,39.17
18-01-2017,39.54,39.61,39.28,39.45
17-01-2017,39.46,39.66,39.33,39.43
13-01-2017,39.24,39.73,39.24,39.56
12-01-2017,39.51,39.51,38.70,39.09
11-01-2017,39.27,39.58,39.06,39.57
10-01-2017,39.10,39.37,39.05,39.37
09-01-2017,39.14,39.21,38.86,38.97
06-01-2017,39.40,39.48,39.20,39.24
05-01-2017,39.67,39.68,39.12,39.30
04-01-2017,39.02,39.70,39.02,39.69
03-01-2017,38.69,39.09,38.45,38.85
30-12-2016,38.74,38.76,38.15,38.25
29-12-2016,38.92,39.14,38.56,38.67
28-12-2016,39.73,39.79,38.85,38.92
27-12-2016,39.02,39.71,38.99,39.68
23-12-2016,38.88,39.01,38.84,39.00
22-12-2016,39.29,39.29,38.92,38.95
21-12-2016,39.68,39.74,39.28,39.29
20-12-2016,39.76,40.05,39.59,39.74
19-12-2016,39.02,39.77,39.02,39.71
16-12-2016,38.80,39.34,38.76,39.05
15-12-2016,38.54,38.93,38.36,38.74
14-12-2016,39.14,39.14,38.49,38.54
13-12-2016,39.36,39.48,38.96,39.14
12-12-2016,39.72,39.84,39.22,39.22
09-12-2016,39.74,40.03,39.74,39.77
08-12-2016,39.72,39.77,39.42,39.68
07-12-2016,38.63,39.85,38.62,39.72
06-12-2016,38.52,38.77,38.16,38.63
05-12-2016,37.71,38.46,37.71,38.45
02-12-2016,37.57,37.77,37.35,37.50
01-12-2016,38.25,38.42,37.46,37.59
30-11-2016,38.37,38.46,38.16,38.21
29-11-2016,38.81,38.81,38.13,38.18
28-11-2016,39.12,39.21,38.80,38.85
25-11-2016,38.91,39.18,38.89,39.18
23-11-2016,38.26,38.91,38.07,38.91
22-11-2016,38.19,38.47,37.99,38.47
21-11-2016,38.27,38.28,37.86,38.10
18-11-2016,38.25,38.38,38.06,38.19
17-11-2016,38.16,38.42,37.95,38.18
16-11-2016,38.27,38.33,38.01,38.27
15-11-2016,38.41,38.56,38.01,38.39
14-11-2016,38.26,38.51,38.08,38.35
11-11-2016,37.38,38.19,37.32,38.16
10-11-2016,37.45,37.70,36.69,37.41
09-11-2016,36.17,37.35,36.11,37.27
08-11-2016,37.54,38.06,37.40,37.95
07-11-2016,37.60,37.73,37.42,37.51
04-11-2016,36.80,37.35,36.60,36.85
03-11-2016,37.66,37.70,36.81,36.83
02-11-2016,37.71,37.89,37.44,37.54
01-11-2016,38.22,38.41,37.44,37.77
31-10-2016,38.50,38.50,38.10,38.16
28-10-2016,38.81,38.92,38.42,38.48
27-10-2016,39.57,39.58,38.73,38.77
26-10-2016,39.16,39.74,39.16,39.27
25-10-2016,39.94,39.95,39.45,39.47
24-10-2016,40.04,40.44,39.87,39.97
21-10-2016,39.96,40.17,39.83,40.04
20-10-2016,40.12,40.25,39.79,40.19
19-10-2016,39.44,40.27,39.43,40.13
18-10-2016,39.52,39.65,39.30,39.52
17-10-2016,39.38,39.44,39.05,39.19
14-10-2016,39.59,39.84,39.34,39.35
13-10-2016,39.33,39.59,38.83,39.48
12-10-2016,39.77,39.86,39.54,39.59
11-10-2016,40.53,40.57,39.62,39.80
10-10-2016,40.22,40.65,40.22,40.57
07-10-2016,40.66,40.66,39.91,39.98
06-10-2016,40.78,40.92,40.36,40.76
05-10-2016,39.99,40.80,39.99,40.71
04-10-2016,40.41,40.49,39.69,39.86
03-10-2016,40.27,40.56,40.20,40.46
30-09-2016,40.10,40.37,39.87,40.26
29-09-2016,40.46,40.62,39.91,39.99
28-09-2016,40.11,40.46,39.84,40.46
27-09-2016,39.49,39.98,39.48,39.94
26-09-2016,39.75,39.88,39.45,39.46
23-09-2016,39.57,39.92,39.51,39.74
22-09-2016,39.21,39.79,39.21,39.75
21-09-2016,38.51,39.03,38.49,39.01
20-09-2016,38.40,38.61,38.30,38.47
19-09-2016,38.14,38.70,38.14,38.40
16-09-2016,38.20,38.20,37.81,37.97
15-09-2016,37.98,38.28,37.87,38.20
14-09-2016,38.57,38.69,37.83,37.89
13-09-2016,39.41,39.43,38.40,38.51
12-09-2016,38.99,39.70,38.84,39.66
09-09-2016,40.25,40.27,39.29,39.29
08-09-2016,40.64,40.65,40.20,40.47
07-09-2016,40.75,40.83,40.54,40.61
06-09-2016,40.67,40.87,40.63,40.76
02-09-2016,40.04,40.55,40.04,40.54
01-09-2016,39.86,40.14,39.61,40.04
31-08-2016,40.13,40.13,39.68,39.88
30-08-2016,40.26,40.50,40.20,40.25
29-08-2016,40.31,40.43,40.20,40.26
26-08-2016,39.98,40.64,39.98,40.18
25-08-2016,39.81,40.15,39.81,39.95
24-08-2016,40.51,40.56,39.79,39.86
23-08-2016,40.63,40.71,40.46,40.49
22-08-2016,40.58,40.58,40.12,40.30
19-08-2016,40.48,40.73,40.40,40.59
18-08-2016,40.17,40.62,40.17,40.58
17-08-2016,40.09,40.17,39.71,39.95
16-08-2016,40.79,40.79,40.22,40.23
15-08-2016,40.36,40.86,40.34,40.81
12-08-2016,40.40,40.52,40.14,40.30
11-08-2016,40.18,40.30,39.91,40.14
10-08-2016,40.64,40.64,40.00,40.09
09-08-2016,41.46,41.84,41.07,41.28
08-08-2016,41.28,41.66,41.27,41.51
05-08-2016,40.58,41.26,40.36,41.19
04-08-2016,41.06,41.09,40.57,40.61
03-08-2016,40.62,41.10,40.47,41.09
02-08-2016,41.23,41.28,40.49,40.64
01-08-2016,40.82,41.47,40.47,41.12
29-07-2016,40.70,41.04,40.51,40.90
28-07-2016,41.41,41.41,40.68,40.70
27-07-2016,41.64,41.91,41.46,41.53
26-07-2016,41.38,41.76,41.36,41.57
25-07-2016,41.27,41.51,41.18,41.36
22-07-2016,41.15,41.32,40.87,41.16
21-07-2016,41.46,41.79,41.13,41.19
20-07-2016,40.98,41.60,40.94,41.42
19-07-2016,41.31,41.39,40.77,40.80
18-07-2016,40.87,41.48,40.62,41.33
15-07-2016,40.98,41.00,40.57,40.76
14-07-2016,41.11,41.18,40.84,40.92
13-07-2016,41.14,41.19,40.51,40.81
12-07-2016,41.06,41.30,40.95,41.15
11-07-2016,40.44,40.87,40.44,40.74
08-07-2016,39.83,40.28,39.82,40.22
07-07-2016,39.67,40.06,39.29,39.45
06-07-2016,38.94,39.72,38.88,39.60
05-07-2016,39.58,39.58,38.97,39.22
01-07-2016,39.69,40.19,39.61,39.86
30-06-2016,38.78,39.82,38.77,39.82
29-06-2016,38.12,38.83,37.94,38.74
28-06-2016,37.17,37.75,37.17,37.64
27-06-2016,37.58,37.58,36.20,36.53
24-06-2016,38.10,38.63,37.70,38.01
23-06-2016,39.25,39.66,39.20,39.64
22-06-2016,39.53,39.60,38.95,38.97
21-06-2016,39.67,39.67,39.12,39.33
20-06-2016,39.52,40.04,39.51,39.56
17-06-2016,38.83,39.16,38.78,38.97
16-06-2016,38.59,38.75,38.12,38.69
15-06-2016,38.84,39.44,38.74,38.78
14-06-2016,38.72,38.72,38.72,38.72
13-06-2016,39.19,39.42,38.83,38.95
10-06-2016,40.18,40.18,39.30,39.35
09-06-2016,40.97,40.97,40.49,40.56
08-06-2016,41.17,41.42,41.10,41.18
07-06-2016,40.83,41.31,40.67,41.09
06-06-2016,40.18,40.85,40.10,40.84
03-06-2016,40.26,40.28,39.75,39.99
02-06-2016,40.30,40.40,40.17,40.34
01-06-2016,40.27,40.47,39.73,40.45
31-05-2016,40.32,40.57,40.23,40.40
27-05-2016,40.20,40.42,40.10,40.21
26-05-2016,40.53,40.53,40.18,40.26
25-05-2016,40.43,40.53,40.34,40.49
24-05-2016,40.02,40.36,40.02,40.28
23-05-2016,39.38,40.03,39.38,39.84
20-05-2016,38.79,39.41,38.79,39.33
19-05-2016,38.67,38.85,38.22,38.62
18-05-2016,38.43,39.01,38.37,38.61
17-05-2016,38.94,39.05,38.36,38.53
16-05-2016,38.66,39.20,38.66,39.00
13-05-2016,38.65,38.90,38.39,38.53
12-05-2016,39.43,39.57,38.37,38.56
11-05-2016,39.45,39.81,39.23,39.23
10-05-2016,39.28,39.31,38.81,39.20
09-05-2016,40.29,40.29,39.62,39.89
06-05-2016,40.06,40.54,39.96,40.22
05-05-2016,41.25,41.37,40.18,40.24
04-05-2016,41.64,42.01,40.84,40.92
03-05-2016,42.51,42.53,41.56,41.67
02-05-2016,42.62,43.08,42.47,42.76
29-04-2016,43.40,43.40,42.36,42.63
28-04-2016,43.88,43.99,43.24,43.31
27-04-2016,43.93,44.41,43.93,44.19
26-04-2016,43.28,43.81,43.22,43.79
25-04-2016,43.88,43.97,42.91,43.09
22-04-2016,43.79,44.16,43.71,43.88
21-04-2016,43.31,43.86,43.31,43.76
20-04-2016,42.68,43.66,42.66,43.31
19-04-2016,43.02,43.05,42.54,42.76
18-04-2016,41.74,42.85,41.73,42.82
15-04-2016,42.40,42.48,42.02,42.14
14-04-2016,42.54,42.96,42.54,42.67
13-04-2016,41.73,42.65,41.73,42.54
12-04-2016,41.55,41.87,41.21,41.73
11-04-2016,41.59,41.82,41.37,41.48
08-04-2016,41.67,41.93,41.19,41.28
07-04-2016,41.70,41.96,40.99,41.21
06-04-2016,41.36,41.93,41.33,41.86
05-04-2016,41.09,41.76,40.96,41.43
04-04-2016,42.15,42.15,41.44,41.50
01-04-2016,41.82,42.30,41.66,42.04
31-03-2016,41.98,42.34,41.93,41.94
30-03-2016,42.11,42.56,41.92,41.95
29-03-2016,41.10,42.02,40.91,41.93
28-03-2016,41.88,41.88,41.45,41.54
24-03-2016,41.38,41.84,41.05,41.83
23-03-2016,43.01,43.01,41.72,41.73
22-03-2016,43.42,43.68,43.13,43.17
21-03-2016,43.52,43.78,43.27,43.70
18-03-2016,43.77,43.93,43.45,43.55
17-03-2016,42.90,43.74,42.84,43.50
16-03-2016,42.39,42.92,42.37,42.90
15-03-2016,43.11,43.20,42.53,42.82
14-03-2016,43.04,43.29,42.77,43.08
11-03-2016,42.69,43.15,42.49,43.13
10-03-2016,43.01,43.14,42.01,42.32
09-03-2016,42.86,43.11,42.63,42.97
08-03-2016,43.59,43.61,42.59,42.63
07-03-2016,42.84,43.47,42.63,43.47
04-03-2016,43.34,43.68,42.78,42.95
03-03-2016,43.29,43.36,42.64,43.01
02-03-2016,43.29,43.29,43.29,43.29
01-03-2016,42.04,42.10,41.45,42.08
29-02-2016,41.36,42.46,41.36,42.03
26-02-2016,41.22,41.54,41.17,41.33
25-02-2016,40.54,40.97,40.26,40.94
24-02-2016,39.02,39.88,38.83,39.88
23-02-2016,39.69,39.85,39.31,39.32
22-02-2016,39.85,40.24,39.82,39.90
19-02-2016,39.59,39.65,39.22,39.31
18-02-2016,39.67,39.76,39.61,39.61
17-02-2016,38.95,39.77,38.93,39.77
16-02-2016,38.24,38.95,38.24,38.85
12-02-2016,37.50,37.90,37.04,37.52
11-02-2016,37.89,37.89,36.51,36.98
10-02-2016,38.32,38.74,37.84,37.89
09-02-2016,38.42,39.27,38.29,38.73
08-02-2016,39.73,39.75,38.38,39.01
05-02-2016,41.32,41.33,40.36,40.38
04-02-2016,40.91,42.07,40.91,41.55
03-02-2016,40.78,40.96,39.85,40.91
02-02-2016,41.19,41.22,40.20,40.37
01-02-2016,41.58,41.82,41.02,41.60
29-01-2016,41.08,41.94,41.06,41.87
28-01-2016,41.08,41.40,40.42,40.77
27-01-2016,40.93,41.43,40.35,40.54
26-01-2016,40.23,41.26,39.85,41.08
25-01-2016,40.94,41.11,39.90,40.05
22-01-2016,40.87,41.56,40.43,41.15
21-01-2016,39.20,40.41,38.92,39.74
20-01-2016,38.22,39.24,36.92,39.04
19-01-2016,40.33,40.46,38.46,38.90
15-01-2016,39.97,40.04,38.65,39.75
14-01-2016,40.60,41.39,39.71,40.99
13-01-2016,42.30,43.02,40.41,40.64
12-01-2016,43.46,43.75,41.52,42.30
11-01-2016,44.02,44.26,42.63,43.04
08-01-2016,44.70,44.96,43.79,43.85
07-01-2016,45.98,45.99,43.85,44.02
06-01-2016,47.28,47.54,46.65,47.06
05-01-2016,48.92,49.00,47.74,48.05
04-01-2016,48.33,48.73,47.65,48.69
31-12-2015,49.50,49.76,49.14,49.41
30-12-2015,49.85,50.36,49.74,49.79
29-12-2015,50.28,50.50,49.39,49.94
28-12-2015,50.54,50.54,49.63,50.13
24-12-2015,50.28,51.02,50.27,50.76
23-12-2015,49.92,50.50,49.92,50.28
22-12-2015,50.67,50.67,49.35,49.70
21-12-2015,49.87,50.67,49.67,50.63
18-12-2015,48.56,49.56,48.50,49.31
17-12-2015,50.02,50.06,48.89,48.89
16-12-2015,48.02,49.41,48.02,49.31
15-12-2015,45.85,46.60,45.77,46.37
14-12-2015,44.81,45.53,44.51,45.48
11-12-2015,44.68,45.07,44.40,44.50
10-12-2015,44.82,45.33,44.77,45.27
09-12-2015,44.95,46.01,44.81,45.17
08-12-2015,44.53,45.13,44.22,44.79
07-12-2015,45.59,45.68,44.94,45.13
04-12-2015,45.66,45.86,45.23,45.85
03-12-2015,45.87,46.38,45.30,45.64
02-12-2015,45.38,45.90,45.36,45.62
01-12-2015,44.88,45.63,44.88,45.63
30-11-2015,44.33,44.77,44.26,44.63
27-11-2015,43.98,44.50,43.93,44.26
25-11-2015,43.62,44.13,43.58,44.01
24-11-2015,43.08,43.95,42.96,43.95
23-11-2015,43.09,43.57,42.83,43.21
20-11-2015,42.94,43.12,42.70,43.11
19-11-2015,42.92,43.03,42.56,42.72
18-11-2015,42.41,43.20,42.32,43.15
17-11-2015,43.79,43.81,42.17,42.28
16-11-2015,42.72,43.77,42.47,43.67
13-11-2015,42.77,43.09,42.41,42.84
12-11-2015,43.66,43.88,42.82,42.85
11-11-2015,45.01,45.16,43.85,44.11
10-11-2015,46.54,46.57,44.48,44.91
09-11-2015,47.25,47.40,46.38,46.42
06-11-2015,47.15,47.55,46.73,47.55
05-11-2015,48.13,48.14,47.11,47.31
04-11-2015,48.35,48.35,47.71,48.12
03-11-2015,47.21,48.36,47.13,47.98
02-11-2015,46.37,47.43,46.30,47.27
30-10-2015,46.46,46.68,45.82,46.45
29-10-2015,46.97,47.21,46.49,46.73
28-10-2015,45.64,47.03,45.58,47.01
27-10-2015,46.48,46.52,45.03,45.56
26-10-2015,47.07,47.16,46.54,46.80
23-10-2015,46.84,46.93,46.33,46.82
22-10-2015,46.51,46.94,46.13,46.56
21-10-2015,47.64,47.72,46.20,46.24
20-10-2015,47.69,48.07,47.21,47.49
19-10-2015,47.64,48.16,47.38,47.79
16-10-2015,48.34,48.35,47.36,47.74
15-10-2015,47.86,48.61,47.72,48.61
14-10-2015,47.87,48.08,47.51,47.68
13-10-2015,47.85,48.71,47.74,47.86
12-10-2015,49.08,49.08,47.93,48.40
09-10-2015,48.84,48.98,48.45,48.80
08-10-2015,47.89,48.77,47.38,48.60
07-10-2015,47.40,48.06,46.63,47.89
06-10-2015,46.48,47.24,46.41,47.00
05-10-2015,44.94,46.43,44.94,46.41
02-10-2015,42.33,44.56,42.20,44.56
01-10-2015,42.70,43.00,42.08,42.71
30-09-2015,42.08,42.70,41.96,42.64
29-09-2015,42.05,42.59,41.52,41.60
28-09-2015,43.44,43.44,41.93,42.05
25-09-2015,44.85,44.91,43.36,43.54
24-09-2015,44.08,44.37,43.29,44.29
23-09-2015,45.20,45.25,44.29,44.36
22-09-2015,45.67,45.79,44.90,45.11
21-09-2015,46.18,46.90,46.01,46.17
18-09-2015,46.65,46.98,45.83,45.84
17-09-2015,46.86,47.71,46.74,47.18
16-09-2015,46.16,46.92,46.12,46.81
15-09-2015,45.55,46.10,45.53,46.06
14-09-2015,46.17,46.21,45.39,45.49
11-09-2015,45.85,46.18,45.43,46.17
10-09-2015,46.14,46.53,45.84,46.02
09-09-2015,46.73,46.92,46.02,46.10
08-09-2015,45.80,46.42,45.77,46.28
04-09-2015,45.10,45.48,44.95,45.14
03-09-2015,45.53,46.07,45.35,45.58
02-09-2015,45.33,45.33,44.30,45.19
01-09-2015,45.93,45.93,44.55,44.74
31-08-2015,45.65,46.30,45.28,45.93
28-08-2015,44.72,46.22,44.68,45.81
27-08-2015,43.87,44.93,43.75,44.93
26-08-2015,43.70,43.74,42.22,43.06
25-08-2015,44.19,44.48,42.90,42.91
24-08-2015,41.52,44.65,40.96,42.81
21-08-2015,45.14,45.59,44.25,44.36
20-08-2015,47.38,47.38,45.81,45.95
19-08-2015,48.61,48.62,47.50,47.65
18-08-2015,49.89,49.89,48.75,49.05
17-08-2015,49.32,49.79,48.98,49.65
14-08-2015,49.14,49.67,49.14,49.41
13-08-2015,49.50,49.91,48.97,49.04
12-08-2015,48.42,49.65,47.82,49.48
11-08-2015,49.52,49.63,48.71,48.84
10-08-2015,49.50,50.01,49.46,49.99
07-08-2015,50.11,50.16,49.17,49.32
06-08-2015,51.11,51.54,50.14,50.36
05-08-2015,50.96,51.89,50.96,51.16
04-08-2015,50.82,51.02,50.26,50.45
03-08-2015,51.62,51.62,50.61,50.79
31-07-2015,51.78,52.06,51.40,51.61
30-07-2015,51.98,52.32,51.79,51.93
29-07-2015,51.52,52.23,51.17,52.18
28-07-2015,50.29,51.15,49.49,50.88
27-07-2015,50.26,50.37,49.56,49.90
24-07-2015,51.52,51.52,50.48,50.63
23-07-2015,52.08,52.24,51.45,51.48
22-07-2015,52.15,52.28,51.77,51.85
21-07-2015,52.57,52.89,52.43,52.48
20-07-2015,53.73,53.73,52.62,52.64
17-07-2015,53.26,53.26,52.55,52.77
16-07-2015,53.27,53.60,52.90,53.17
15-07-2015,54.05,54.05,52.71,52.91
14-07-2015,53.87,54.36,53.87,54.04
13-07-2015,53.53,53.92,53.39,53.80
10-07-2015,52.94,53.14,52.66,53.06
09-07-2015,52.71,53.38,51.99,52.06
08-07-2015,52.91,52.91,51.13,51.37
07-07-2015,54.07,54.07,52.03,53.56
06-07-2015,54.81,54.81,53.50,53.88
02-07-2015,56.15,56.21,55.10,55.50
01-07-2015,56.77,56.93,55.71,55.90
30-06-2015,56.81,57.08,56.10,56.58
29-06-2015,57.79,58.18,56.33,56.46
26-06-2015,59.13,59.15,58.50,58.80
25-06-2015,59.61,59.63,59.08,59.24
24-06-2015,60.30,60.41,59.51,59.56
23-06-2015,60.09,60.44,59.85,60.42
22-06-2015,60.09,60.33,59.84,60.03
19-06-2015,59.88,59.97,59.38,59.92
18-06-2015,59.53,60.11,59.53,59.96
17-06-2015,59.69,60.07,59.23,59.44
16-06-2015,59.42,59.62,59.07,59.51
15-06-2015,58.96,59.58,58.50,59.49
12-06-2015,59.14,59.57,59.09,59.44
11-06-2015,59.05,59.36,58.95,59.36
10-06-2015,58.59,59.42,58.56,58.99
09-06-2015,58.88,59.01,58.12,58.23
08-06-2015,59.55,59.80,58.80,58.92
05-06-2015,58.65,59.57,58.39,59.55
04-06-2015,59.05,59.05,58.30,58.54
03-06-2015,59.46,59.88,59.21,59.39
02-06-2015,58.91,59.72,58.64,59.31
01-06-2015,59.55,59.58,58.58,59.07
29-05-2015,59.28,59.39,58.59,58.83
28-05-2015,59.17,59.44,58.85,59.31
27-05-2015,59.06,59.24,58.60,59.18
26-05-2015,59.41,59.44,58.64,58.87
22-05-2015,59.59,59.89,59.24,59.63
21-05-2015,59.46,60.10,59.45,59.72
20-05-2015,59.41,59.67,58.91,59.20
19-05-2015,60.38,60.42,59.23,59.31
18-05-2015,60.58,60.87,60.29,60.50
15-05-2015,60.58,60.89,60.29,60.80
14-05-2015,60.30,60.53,60.03,60.50
13-05-2015,59.84,60.36,59.83,59.91
12-05-2015,59.68,59.86,58.96,59.72
11-05-2015,59.41,60.15,59.37,59.85
08-05-2015,59.20,59.56,59.05,59.27
07-05-2015,58.59,58.83,58.17,58.48
06-05-2015,59.51,59.75,58.27,58.68
05-05-2015,60.45,60.78,59.11,59.45
04-05-2015,60.51,60.90,60.42,60.48
01-05-2015,60.45,60.74,59.85,60.47
30-04-2015,61.16,61.26,59.92,60.11
29-04-2015,61.64,62.42,61.56,61.65
28-04-2015,61.34,62.21,60.83,62.10
27-04-2015,61.76,62.35,61.11,61.19
24-04-2015,61.95,61.95,61.41,61.49
23-04-2015,61.27,62.15,61.26,61.98
22-04-2015,61.36,61.47,60.76,61.33
21-04-2015,61.96,62.04,61.23,61.25
20-04-2015,61.80,62.03,61.47,61.77
17-04-2015,62.38,62.38,60.92,61.19
16-04-2015,62.03,62.64,61.82,62.38
15-04-2015,61.20,62.38,61.14,62.03
14-04-2015,60.85,61.06,60.26,60.93
13-04-2015,60.42,60.78,60.32,60.56
10-04-2015,60.26,60.45,60.06,60.37
09-04-2015,59.80,60.05,59.45,60.05
08-04-2015,59.84,60.03,59.54,59.68
07-04-2015,60.10,60.47,59.80,59.83
06-04-2015,59.09,59.94,59.01,59.80
02-04-2015,58.88,59.56,58.77,59.16
01-04-2015,58.40,58.86,57.90,58.74
31-03-2015,58.39,58.67,58.24,58.49
30-03-2015,58.74,58.92,58.31,58.76
27-03-2015,58.12,58.38,57.86,58.35
26-03-2015,58.01,58.48,57.76,58.10
25-03-2015,60.15,60.15,58.16,58.21
24-03-2015,59.60,60.12,59.51,60.06
23-03-2015,59.06,59.82,58.83,59.58
20-03-2015,58.77,59.18,58.61,59.10
19-03-2015,58.30,58.93,58.24,58.45
18-03-2015,57.58,58.63,57.42,58.47
17-03-2015,56.67,57.86,56.67,57.78
16-03-2015,57.39,57.44,56.64,57.00
13-03-2015,57.37,57.37,56.33,57.25
12-03-2015,57.42,57.79,57.33,57.56
11-03-2015,56.94,57.34,56.74,56.97
10-03-2015,57.37,57.37,56.68,56.73
09-03-2015,58.52,58.53,57.69,57.94
06-03-2015,59.20,59.49,58.27,58.37
05-03-2015,57.96,59.40,57.96,59.35
04-03-2015,57.40,57.64,57.22,57.49
03-03-2015,58.00,58.01,57.42,57.46
02-03-2015,57.51,58.42,57.26,58.41
27-02-2015,57.53,57.60,57.23,57.44
26-02-2015,58.01,58.22,57.78,57.99
25-02-2015,58.35,58.39,58.02,58.39
24-02-2015,57.92,58.53,57.90,58.14
23-02-2015,57.25,57.30,56.62,57.17
20-02-2015,56.65,57.00,56.34,57.00
19-02-2015,56.30,56.87,56.20,56.64
18-02-2015,56.72,57.02,56.58,56.83
17-02-2015,56.81,56.85,56.42,56.72
13-02-2015,56.62,56.79,56.30,56.67
12-02-2015,56.15,56.68,56.08,56.54
11-02-2015,55.56,55.98,55.08,55.66
10-02-2015,55.08,55.12,54.25,55.02
09-02-2015,54.32,54.99,54.27,54.67
06-02-2015,54.81,55.07,54.38,54.53
05-02-2015,54.35,54.88,54.11,54.82
04-02-2015,54.44,54.80,53.90,54.02
03-02-2015,53.37,54.95,53.37,54.74
02-02-2015,51.53,52.87,51.47,52.81
30-01-2015,51.67,52.15,51.22,51.40
29-01-2015,51.45,51.85,50.67,51.84
28-01-2015,52.96,52.96,51.17,51.30
27-01-2015,52.08,52.85,51.95,52.61
26-01-2015,51.87,52.69,51.75,52.62
23-01-2015,51.19,51.77,51.08,51.57
22-01-2015,50.85,51.35,50.27,51.35
21-01-2015,50.34,50.94,50.21,50.57
20-01-2015,51.12,51.12,49.85,50.24
16-01-2015,50.45,51.02,50.45,51.02
15-01-2015,52.33,52.49,50.49,50.53
14-01-2015,51.82,52.30,51.19,52.14
13-01-2015,52.54,53.51,51.96,52.64
12-01-2015,53.07,53.07,51.69,52.25
09-01-2015,53.39,53.61,52.87,53.09
08-01-2015,52.73,53.41,52.52,53.41
07-01-2015,52.73,52.86,51.99,52.33
06-01-2015,53.61,53.71,51.59,52.27
05-01-2015,54.96,54.96,53.35,53.60
02-01-2015,55.42,55.59,54.20,55.32
31-12-2014,55.16,55.70,54.85,55.32
30-12-2014,55.47,55.57,55.06,55.17
29-12-2014,55.94,56.25,55.52,55.66
26-12-2014,55.76,56.37,55.71,55.94
24-12-2014,55.44,55.70,55.21,55.59
23-12-2014,55.41,55.64,55.26,55.45
22-12-2014,55.14,55.30,54.79,55.17
19-12-2014,54.36,55.13,54.21,55.07
18-12-2014,54.38,54.68,53.96,54.28
17-12-2014,51.91,53.57,51.76,53.57
16-12-2014,51.53,53.08,51.40,51.76
15-12-2014,53.09,53.44,51.73,51.92
12-12-2014,53.25,53.54,52.74,52.76
11-12-2014,54.10,54.96,53.67,53.80
10-12-2014,55.66,55.82,53.82,53.99
09-12-2014,54.26,55.93,53.56,55.90
08-12-2014,57.05,57.05,54.76,54.90
05-12-2014,56.47,57.33,56.45,57.05
04-12-2014,57.00,57.21,56.26,56.34
03-12-2014,56.17,57.06,56.05,56.86
02-12-2014,55.17,56.52,55.17,56.11
01-12-2014,57.40,57.40,54.88,54.99
28-11-2014,59.72,59.72,57.69,57.74
26-11-2014,59.82,60.38,59.72,60.16
25-11-2014,60.59,60.68,60.01,60.08
24-11-2014,60.23,60.60,60.14,60.44
21-11-2014,60.84,61.07,60.15,60.26
20-11-2014,58.58,59.98,58.41,59.97
19-11-2014,59.68,59.72,58.59,58.88
18-11-2014,58.66,59.94,58.64,59.69
17-11-2014,58.74,58.84,57.88,58.02
14-11-2014,58.54,58.98,57.92,58.90
13-11-2014,59.84,59.95,58.38,58.67
12-11-2014,60.14,60.25,59.52,59.91
11-11-2014,60.95,60.99,60.31,60.35
10-11-2014,60.89,61.25,60.68,61.01
07-11-2014,60.75,61.07,60.14,60.88
06-11-2014,60.68,61.50,60.46,60.75
05-11-2014,62.22,62.54,60.92,61.31
04-11-2014,62.91,63.37,62.01,62.19
03-11-2014,63.12,64.06,63.01,63.18
31-10-2014,61.12,63.11,61.12,63.06
30-10-2014,60.75,61.52,60.26,61.12
29-10-2014,61.40,61.54,60.51,61.13
28-10-2014,59.50,61.54,59.45,61.54
27-10-2014,59.88,59.88,58.91,59.22
24-10-2014,60.31,60.46,59.94,60.24
23-10-2014,59.85,60.61,59.44,60.19
22-10-2014,61.02,61.25,59.10,59.14
21-10-2014,60.22,61.20,60.19,61.10
20-10-2014,58.73,59.74,58.57,59.74
17-10-2014,60.30,60.63,58.64,58.96
16-10-2014,56.46,59.66,56.38,59.01
15-10-2014,55.27,57.76,54.35,57.43
14-10-2014,55.56,56.82,54.91,55.97
13-10-2014,57.10,57.58,54.95,54.99
10-10-2014,58.63,58.87,56.97,57.03
09-10-2014,61.92,61.92,59.09,59.14
08-10-2014,61.22,62.11,60.02,62.05
07-10-2014,62.13,62.40,61.24,61.26
06-10-2014,65.34,65.38,62.20,62.63
03-10-2014,65.40,65.70,65.00,65.03
02-10-2014,63.99,65.04,62.89,64.77
01-10-2014,66.11,66.11,63.81,64.11
30-09-2014,67.45,67.69,65.97,66.11
29-09-2014,66.80,68.00,66.55,67.45
26-09-2014,67.29,67.71,67.15,67.67
25-09-2014,68.42,68.42,66.89,67.03
24-09-2014,68.36,68.54,67.61,68.42
23-09-2014,67.65,68.79,67.55,67.95
22-09-2014,69.43,69.43,67.47,67.95
19-09-2014,71.00,71.13,69.05,69.73
18-09-2014,71.36,71.70,70.66,70.77
17-09-2014,70.58,71.63,70.58,70.96
16-09-2014,70.14,70.29,69.24,70.17
15-09-2014,72.78,72.83,70.09,70.33
12-09-2014,72.87,73.22,72.45,72.80
11-09-2014,72.16,72.76,71.90,72.70
10-09-2014,71.55,72.45,71.03,72.42
09-09-2014,73.36,73.36,71.33,71.55
08-09-2014,72.32,73.73,72.31,73.36
05-09-2014,71.74,72.25,71.12,72.23
04-09-2014,71.58,72.73,71.57,71.87
03-09-2014,72.16,72.45,71.28,71.38
02-09-2014,71.46,71.79,71.21,71.74
29-08-2014,70.54,71.21,70.29,71.17
28-08-2014,70.28,70.80,70.04,70.37
27-08-2014,71.38,71.38,70.73,70.95
26-08-2014,71.37,71.57,71.06,71.32
25-08-2014,71.65,72.01,71.17,71.25
22-08-2014,70.76,71.41,70.40,71.20
21-08-2014,71.02,71.14,70.30,70.87
20-08-2014,70.17,71.11,69.89,70.99
19-08-2014,70.51,70.86,70.47,70.74
18-08-2014,68.82,70.16,68.82,70.15
15-08-2014,69.33,69.43,67.93,68.82
14-08-2014,68.19,68.79,67.87,68.72
13-08-2014,67.13,67.94,67.05,67.84
12-08-2014,67.88,68.05,66.61,66.75
11-08-2014,66.89,68.10,66.89,67.85
08-08-2014,65.92,66.48,65.65,66.42
07-08-2014,66.21,66.90,65.77,66.16
06-08-2014,65.08,66.37,64.91,65.82
05-08-2014,64.95,65.95,64.63,65.21
04-08-2014,65.07,65.35,64.25,65.05
01-08-2014,65.49,65.88,63.81,64.76
31-07-2014,67.19,67.37,65.65,65.85
30-07-2014,67.95,67.96,67.27,67.75
29-07-2014,68.05,68.49,67.37,67.39
28-07-2014,67.51,68.10,66.83,67.54
25-07-2014,67.87,67.96,67.29,67.65
24-07-2014,68.86,68.97,67.85,68.08
23-07-2014,69.49,69.54,68.68,68.78
22-07-2014,69.02,70.00,68.96,69.17
21-07-2014,67.48,68.63,67.31,68.46
18-07-2014,66.60,67.86,66.56,67.79
17-07-2014,67.88,68.19,66.36,66.57
16-07-2014,69.11,69.32,68.07,68.12
15-07-2014,69.14,69.75,68.11,68.54
14-07-2014,68.61,69.27,68.46,68.81
11-07-2014,68.00,68.29,67.74,68.17
10-07-2014,67.42,68.57,67.01,68.02
09-07-2014,68.62,69.16,68.49,68.83
08-07-2014,70.07,70.10,67.57,68.51
07-07-2014,71.80,71.83,70.05,70.13
03-07-2014,72.08,72.25,71.69,71.94
02-07-2014,72.78,73.15,71.78,71.83
01-07-2014,72.45,73.18,72.45,72.58
30-06-2014,71.75,72.32,71.48,72.10
27-06-2014,71.12,71.82,71.06,71.66
26-06-2014,71.34,71.61,70.82,71.39
25-06-2014,70.08,71.11,69.96,71.10
24-06-2014,71.68,72.52,70.03,70.22
23-06-2014,72.01,72.19,71.48,71.91
20-06-2014,71.50,71.92,71.10,71.92
19-06-2014,72.37,72.49,71.08,71.41
18-06-2014,71.16,72.16,70.60,72.08
17-06-2014,69.04,71.31,68.81,71.12
16-06-2014,67.79,69.01,67.79,69.00
13-06-2014,67.24,67.81,66.61,67.79
12-06-2014,67.16,67.85,66.78,66.99
11-06-2014,66.70,67.43,66.53,67.16
10-06-2014,67.25,67.43,66.78,67.14
09-06-2014,66.81,67.96,66.72,67.34
06-06-2014,67.04,67.30,66.78,66.85
05-06-2014,65.74,66.86,65.31,66.68
04-06-2014,64.83,65.91,64.47,65.67
03-06-2014,65.87,66.05,64.83,65.44
02-06-2014,67.27,67.33,65.74,66.23
30-05-2014,68.24,68.24,66.84,67.06
29-05-2014,67.64,68.39,67.52,68.20
28-05-2014,66.69,67.54,66.53,67.40
27-05-2014,66.21,67.13,66.19,66.53
23-05-2014,64.99,65.77,64.67,65.77
22-05-2014,64.29,65.14,64.29,64.79
21-05-2014,62.97,64.33,62.97,64.31
20-05-2014,63.19,63.34,61.89,62.25
19-05-2014,62.51,63.69,62.47,63.26
16-05-2014,62.36,62.57,61.56,62.57
15-05-2014,63.37,63.38,61.63,62.36
14-05-2014,64.62,64.80,63.53,63.60
13-05-2014,65.39,66.12,65.02,65.18
12-05-2014,63.82,65.77,63.82,65.44
09-05-2014,63.14,63.90,62.93,63.82
08-05-2014,65.23,65.25,63.00,63.09
07-05-2014,66.90,67.07,64.53,65.23
06-05-2014,68.09,68.57,66.59,66.64
05-05-2014,67.97,68.67,67.60,68.51
02-05-2014,69.12,69.32,68.46,68.61
01-05-2014,68.83,70.10,68.41,68.91
30-04-2014,68.06,68.71,67.32,68.69
29-04-2014,68.37,68.64,67.47,68.22
28-04-2014,70.82,70.82,67.09,68.20
25-04-2014,71.83,72.05,70.31,70.56
24-04-2014,72.81,73.37,71.19,72.50
23-04-2014,72.84,72.92,72.10,72.16
22-04-2014,71.44,73.25,71.27,73.07
21-04-2014,70.45,71.39,69.95,71.24
17-04-2014,69.89,70.69,69.23,70.14
16-04-2014,68.72,69.91,68.11,69.89
15-04-2014,68.70,69.20,65.77,68.04
14-04-2014,69.44,69.84,67.61,68.45
11-04-2014,69.24,70.22,68.31,68.69
10-04-2014,73.03,73.05,69.88,70.10
09-04-2014,71.89,72.93,71.44,72.91
08-04-2014,70.20,71.62,69.93,71.40
07-04-2014,72.34,72.57,69.49,70.06
04-04-2014,75.49,75.72,72.45,72.95
03-04-2014,76.83,77.20,74.61,75.06
02-04-2014,76.39,76.68,75.98,76.55
01-04-2014,74.32,76.03,74.32,76.00
31-03-2014,73.80,74.46,73.49,73.84
28-03-2014,72.76,74.26,72.76,73.03
27-03-2014,72.65,73.29,71.01,72.32
26-03-2014,76.42,76.71,72.77,72.78
25-03-2014,76.12,77.71,75.00,76.64
24-03-2014,78.27,78.44,74.69,76.12
21-03-2014,79.26,79.53,77.73,77.92
20-03-2014,79.01,79.43,78.19,79.03
19-03-2014,79.43,80.08,78.61,79.07
18-03-2014,78.05,79.77,77.90,79.63
17-03-2014,79.24,79.90,78.05,78.16
14-03-2014,77.77,78.82,77.51,77.87
13-03-2014,80.76,81.35,77.63,78.35
12-03-2014,77.93,79.72,77.60,79.66
11-03-2014,83.24,83.44,78.26,79.07
10-03-2014,82.64,82.73,80.85,81.70
07-03-2014,82.65,82.69,80.96,82.22
06-03-2014,80.88,82.56,80.88,81.82
05-03-2014,79.96,81.00,79.94,80.95
04-03-2014,78.10,80.42,78.09,79.96
03-03-2014,75.30,76.42,74.56,76.12
28-02-2014,76.82,77.21,75.54,76.45
27-02-2014,74.86,76.60,74.77,76.46
26-02-2014,73.33,74.97,73.20,74.47
25-02-2014,72.96,73.44,72.27,72.95
24-02-2014,71.87,73.08,71.82,72.68
21-02-2014,72.35,72.49,71.08,71.35
20-02-2014,71.02,72.28,70.96,72.22
19-02-2014,71.93,72.40,70.81,70.90
18-02-2014,70.51,72.11,70.51,72.08
14-02-2014,70.33,70.52,69.75,69.93
13-02-2014,67.82,70.41,67.56,70.18
12-02-2014,68.72,69.15,68.32,68.54
11-02-2014,68.56,68.90,68.17,68.41
10-02-2014,67.42,68.47,67.39,68.46
07-02-2014,66.25,67.26,66.05,67.25
06-02-2014,65.73,66.61,65.69,65.91
05-02-2014,65.80,65.99,64.20,65.42
04-02-2014,65.73,66.52,65.68,66.15
03-02-2014,68.76,69.11,65.54,65.73
31-01-2014,68.10,69.31,67.96,68.81
30-01-2014,68.42,69.52,68.25,68.90
29-01-2014,68.11,69.18,67.60,67.78
28-01-2014,67.55,68.87,67.54,68.85
27-01-2014,67.71,68.63,66.08,67.21
24-01-2014,69.88,69.88,67.78,67.89
23-01-2014,72.06,72.06,70.29,70.77
22-01-2014,72.16,72.62,71.93,72.59
21-01-2014,71.68,71.93,70.91,71.87
17-01-2014,71.96,72.17,71.11,71.32
16-01-2014,72.02,72.61,71.90,72.46
15-01-2014,71.02,71.92,71.02,71.71
14-01-2014,68.40,70.46,68.32,70.45
13-01-2014,70.14,70.24,67.73,68.07
10-01-2014,70.18,70.38,69.37,70.19
09-01-2014,70.94,71.06,69.59,69.86
08-01-2014,70.46,70.98,70.09,70.64
07-01-2014,69.69,70.78,69.62,70.60
06-01-2014,69.87,70.18,68.78,69.11
03-01-2014,68.91,69.52,68.38,69.23
02-01-2014,66.73,68.61,65.97,68.58
31-12-2013,67.24,67.42,66.67,66.84
30-12-2013,65.92,67.02,65.92,67.00
27-12-2013,65.52,66.04,65.49,65.89
26-12-2013,65.13,65.63,65.12,65.31
24-12-2013,64.83,65.11,64.65,64.95
23-12-2013,64.75,65.11,64.73,64.81
20-12-2013,64.64,64.97,64.28,64.75
19-12-2013,63.65,64.58,63.63,64.42
18-12-2013,63.76,64.05,62.61,63.95
17-12-2013,62.80,63.91,62.53,63.57
16-12-2013,62.34,63.07,62.33,63.04
13-12-2013,61.96,62.43,61.89,62.13
12-12-2013,61.87,62.07,61.19,61.68
11-12-2013,63.82,63.82,61.80,62.02
10-12-2013,63.03,64.22,63.02,63.76
09-12-2013,64.44,64.78,63.05,63.18
06-12-2013,65.80,65.84,64.18,64.36
05-12-2013,65.39,65.82,64.81,64.90
04-12-2013,65.03,66.41,64.99,65.62
03-12-2013,65.47,65.95,64.74,65.28
02-12-2013,66.21,66.56,65.64,65.79
29-11-2013,66.30,66.63,65.86,66.43
27-11-2013,65.33,66.08,64.97,66.04
26-11-2013,65.08,65.63,63.97,65.31
25-11-2013,66.67,66.76,65.22,65.37
22-11-2013,66.72,66.76,65.96,66.28
21-11-2013,65.82,66.91,65.82,66.86
20-11-2013,66.42,66.77,65.34,65.59
19-11-2013,68.29,68.34,65.77,66.12
18-11-2013,69.68,69.83,67.64,67.96
15-11-2013,69.56,69.64,69.00,69.25
14-11-2013,70.16,70.55,69.00,69.35
13-11-2013,67.97,69.55,67.97,69.55
12-11-2013,68.77,69.01,67.77,68.18
11-11-2013,68.36,69.70,68.06,69.57
08-11-2013,66.73,68.24,66.17,68.17
07-11-2013,68.89,69.11,66.14,66.19
06-11-2013,70.29,70.82,68.70,69.28
05-11-2013,70.70,71.29,70.04,70.48
04-11-2013,68.39,70.06,68.39,70.00
01-11-2013,67.30,68.12,66.92,67.53
31-10-2013,66.75,67.29,65.88,66.71
30-10-2013,68.71,68.78,66.51,66.75
29-10-2013,67.35,68.27,67.35,68.23
28-10-2013,68.85,68.85,66.35,67.15
25-10-2013,70.45,70.45,68.08,68.47
24-10-2013,70.38,70.74,70.05,70.26
23-10-2013,70.42,70.42,69.42,69.86
22-10-2013,70.85,71.39,69.43,71.08
21-10-2013,70.95,71.45,70.15,70.48
18-10-2013,69.83,70.42,69.37,70.36
17-10-2013,68.89,69.59,68.71,69.33
16-10-2013,68.03,68.91,68.03,68.82
15-10-2013,68.57,69.35,67.73,68.03
14-10-2013,67.78,68.86,67.34,68.57
11-10-2013,67.12,68.54,66.95,68.39
10-10-2013,65.69,66.88,65.69,66.75
09-10-2013,66.19,66.40,63.79,64.70
08-10-2013,67.54,68.54,65.17,66.03
07-10-2013,67.17,68.07,66.99,67.27
04-10-2013,67.27,68.05,66.85,67.74
03-10-2013,67.14,67.73,66.15,67.16
02-10-2013,66.81,67.45,66.46,67.18
01-10-2013,65.90,67.09,65.83,67.08
30-09-2013,64.50,66.32,63.82,65.88
27-09-2013,64.53,65.52,64.37,65.24
26-09-2013,64.36,65.36,64.35,64.69
25-09-2013,62.98,64.72,62.80,64.04
24-09-2013,62.28,63.56,62.11,62.83
23-09-2013,62.89,63.00,61.75,62.32
20-09-2013,63.16,63.57,62.74,62.97
19-09-2013,62.93,63.31,62.57,62.89
18-09-2013,61.14,62.64,61.09,62.29
17-09-2013,61.04,61.28,60.82,61.21
16-09-2013,61.52,61.96,61.11,61.17
13-09-2013,60.37,60.80,59.94,60.77
12-09-2013,61.34,61.37,60.21,60.24
11-09-2013,61.70,61.96,61.00,61.35
10-09-2013,61.71,62.25,61.63,61.97
09-09-2013,60.01,61.19,60.01,61.13
06-09-2013,60.65,60.69,59.19,59.94
05-09-2013,59.82,60.73,59.82,60.35
04-09-2013,58.02,59.31,57.60,59.22
03-09-2013,57.81,58.34,57.39,57.95
30-08-2013,57.81,58.11,56.85,57.04
29-08-2013,57.19,58.29,57.19,57.68
28-08-2013,56.82,57.62,56.81,57.24
27-08-2013,58.37,58.37,56.79,56.92
26-08-2013,59.31,59.72,58.89,59.20
23-08-2013,58.78,59.17,58.43,59.13
22-08-2013,57.65,58.40,57.65,58.40
21-08-2013,56.57,57.74,56.43,57.09
20-08-2013,55.69,56.83,55.69,56.76
19-08-2013,57.06,57.08,55.42,55.42
16-08-2013,56.57,57.29,56.50,56.90
15-08-2013,57.74,57.74,56.57,56.63
14-08-2013,59.39,59.40,58.24,58.27
13-08-2013,60.32,60.42,59.40,59.57
12-08-2013,59.28,60.15,59.25,60.12
09-08-2013,59.75,60.01,59.35,59.57
08-08-2013,59.16,60.05,59.07,59.62
07-08-2013,59.64,59.64,58.32,58.59
06-08-2013,61.96,62.04,60.64,60.74
05-08-2013,60.71,61.67,60.71,61.67
02-08-2013,60.38,60.91,60.34,60.54
01-08-2013,61.46,61.58,60.38,60.53
31-07-2013,60.92,61.77,60.75,61.15
30-07-2013,60.82,60.95,60.39,60.85
29-07-2013,61.03,61.39,60.40,60.52
26-07-2013,60.82,60.96,60.33,60.80
25-07-2013,60.43,61.11,60.24,61.10
24-07-2013,62.27,62.28,60.12,60.44
23-07-2013,62.16,62.56,61.71,61.91
22-07-2013,60.85,61.81,60.84,61.61
19-07-2013,60.70,61.02,60.36,60.69
18-07-2013,61.00,61.39,60.74,60.86
17-07-2013,61.04,61.15,60.61,60.85
16-07-2013,61.10,61.62,60.28,60.73
15-07-2013,59.85,61.08,59.72,61.05
12-07-2013,59.21,59.83,59.15,59.24
11-07-2013,59.03,59.32,58.86,59.31
10-07-2013,57.64,58.39,57.64,58.32
09-07-2013,58.08,58.52,57.61,57.80
08-07-2013,57.84,58.59,57.71,58.08
05-07-2013,57.06,57.86,56.51,57.84
03-07-2013,56.16,56.54,56.00,56.33
02-07-2013,56.87,57.36,55.83,56.37
01-07-2013,56.37,57.19,56.34,56.75
28-06-2013,55.54,56.19,55.28,55.95
27-06-2013,54.78,55.84,54.78,55.60
26-06-2013,53.62,54.45,53.54,54.30
25-06-2013,52.55,53.16,52.51,53.10
24-06-2013,52.29,52.38,51.21,51.91
21-06-2013,53.37,53.59,52.20,53.23
20-06-2013,54.40,54.40,52.80,53.08
19-06-2013,55.81,55.92,55.03,55.16
18-06-2013,55.04,55.96,55.04,55.78
17-06-2013,54.52,55.79,54.52,55.00
14-06-2013,55.05,55.24,54.23,54.52
13-06-2013,53.70,54.80,53.49,54.70
12-06-2013,55.05,55.22,53.71,53.82
11-06-2013,55.59,55.61,54.71,54.79
10-06-2013,55.26,56.50,55.07,56.39
07-06-2013,55.16,55.51,54.84,55.19
06-06-2013,54.28,54.97,53.78,54.97
05-06-2013,54.67,55.18,53.97,54.20
04-06-2013,55.64,56.24,54.74,55.18
03-06-2013,56.05,56.09,54.54,55.78
31-05-2013,57.21,57.41,56.04,56.05
30-05-2013,57.38,58.10,57.33,57.50
29-05-2013,57.38,57.49,56.08,56.76
28-05-2013,57.71,58.43,56.80,57.61
24-05-2013,56.00,56.77,56.00,56.54
23-05-2013,54.63,56.10,54.24,56.09
22-05-2013,58.23,58.41,55.11,55.71
21-05-2013,58.99,60.33,57.74,58.01
20-05-2013,56.03,58.16,56.03,57.96
17-05-2013,54.53,55.60,54.53,55.59
16-05-2013,54.75,54.80,53.86,54.11
15-05-2013,53.76,54.88,53.75,54.20
14-05-2013,53.19,54.07,53.18,53.53
13-05-2013,52.09,53.81,52.09,53.49
10-05-2013,50.54,52.14,50.54,52.09
09-05-2013,49.87,50.90,49.74,50.39
08-05-2013,49.64,49.85,49.35,49.60
07-05-2013,50.26,50.26,49.27,49.58
06-05-2013,49.80,50.22,49.73,50.21
03-05-2013,49.81,50.39,49.66,49.70
02-05-2013,48.34,49.47,48.15,49.43
01-05-2013,49.33,49.33,48.03,48.15
30-04-2013,49.23,49.66,49.10,49.34
29-04-2013,48.43,49.31,48.40,49.19
26-04-2013,48.05,48.48,47.93,48.23
25-04-2013,47.41,48.33,47.41,48.11
24-04-2013,46.25,47.30,46.25,47.28
23-04-2013,45.41,46.47,45.35,46.26
22-04-2013,45.00,45.17,44.18,45.04
19-04-2013,43.77,44.29,43.52,44.15
18-04-2013,43.71,43.86,43.24,43.52
17-04-2013,44.34,44.41,43.37,43.62
16-04-2013,44.24,44.72,44.07,44.69
15-04-2013,45.77,45.77,43.54,43.82
12-04-2013,46.23,46.31,45.70,46.05
11-04-2013,46.11,46.78,46.11,46.42
10-04-2013,45.71,46.31,45.67,46.11
09-04-2013,44.13,46.06,43.98,45.73
08-04-2013,43.59,43.94,43.30,43.93
05-04-2013,42.93,43.37,42.63,43.34
04-04-2013,43.18,43.44,43.08,43.43
03-04-2013,43.98,43.99,42.91,43.15
02-04-2013,44.51,44.53,43.78,43.96
01-04-2013,45.04,45.08,44.00,44.23
28-03-2013,44.89,45.00,44.61,44.83
27-03-2013,44.65,44.93,44.32,44.91
26-03-2013,45.17,45.23,44.71,44.97
25-03-2013,45.47,45.64,44.69,44.97
22-03-2013,45.96,46.04,45.26,45.39
21-03-2013,46.26,46.61,45.75,45.80
20-03-2013,46.06,46.57,46.02,46.43
19-03-2013,46.22,46.35,45.59,45.96
18-03-2013,46.42,46.52,45.98,46.21
15-03-2013,47.23,47.29,46.80,46.80
14-03-2013,47.06,47.25,46.57,47.13
13-03-2013,47.40,47.46,46.87,46.97
12-03-2013,47.32,47.60,47.06,47.54
11-03-2013,47.35,47.42,47.06,47.32
08-03-2013,47.30,47.48,47.05,47.48
07-03-2013,46.99,47.20,46.92,47.16
06-03-2013,46.58,47.15,46.37,46.93
05-03-2013,45.79,46.54,45.79,46.16
04-03-2013,45.21,45.37,44.96,45.13
01-03-2013,45.27,45.40,44.77,45.28
28-02-2013,45.77,46.20,45.47,45.47
27-02-2013,45.22,45.74,44.98,45.55
26-02-2013,46.13,46.20,45.05,45.66
25-02-2013,47.49,47.64,45.79,45.80
22-02-2013,47.03,47.38,46.98,47.28
21-02-2013,47.66,47.66,46.09,46.60
20-02-2013,49.74,49.74,48.10,48.10
19-02-2013,48.54,49.60,48.51,49.52
15-02-2013,49.37,49.37,48.15,48.41
14-02-2013,47.79,49.25,47.69,49.01
13-02-2013,48.24,48.47,47.70,47.95
12-02-2013,47.29,48.09,47.28,47.89
11-02-2013,46.72,47.39,46.69,47.32
08-02-2013,46.75,46.84,46.55,46.72
07-02-2013,47.11,47.16,46.40,46.84
06-02-2013,46.19,46.97,46.16,46.94
05-02-2013,45.73,46.34,45.70,46.14
04-02-2013,46.14,46.57,45.46,45.52
01-02-2013,46.15,46.46,45.98,46.39
31-01-2013,45.27,45.90,45.05,45.88
30-01-2013,45.79,45.90,45.19,45.31
29-01-2013,45.61,45.71,45.34,45.69
28-01-2013,45.75,45.89,45.30,45.61
25-01-2013,45.61,45.97,45.61,45.73
24-01-2013,45.52,45.99,45.26,45.52
23-01-2013,45.76,45.86,45.52,45.56
22-01-2013,44.75,45.56,44.75,45.56
18-01-2013,44.89,44.97,44.56,44.67
17-01-2013,44.88,45.31,44.78,44.80
16-01-2013,45.04,45.06,44.67,44.78
15-01-2013,44.60,45.23,44.39,45.21
14-01-2013,45.31,45.34,44.62,44.82
11-01-2013,45.20,45.35,45.04,45.31
10-01-2013,45.59,45.62,44.81,45.11
09-01-2013,44.92,45.54,44.92,45.46
08-01-2013,44.80,44.83,44.23,44.67
07-01-2013,45.49,45.58,44.69,44.73
04-01-2013,45.75,46.04,45.49,45.78
03-01-2013,44.45,46.03,44.44,45.59
02-01-2013,43.22,44.24,43.22,44.04
31-12-2012,41.47,42.41,41.33,42.33
28-12-2012,41.65,42.20,41.41,41.51
27-12-2012,42.24,42.36,41.40,41.94
26-12-2012,42.14,42.69,42.12,42.31
24-12-2012,42.10,42.13,41.83,42.06
21-12-2012,42.44,42.44,41.94,42.27
20-12-2012,42.89,43.00,42.46,42.91
19-12-2012,42.65,43.20,42.65,42.92
18-12-2012,42.23,42.67,42.07,42.67
17-12-2012,41.96,42.26,41.91,42.23
14-12-2012,41.51,42.16,41.51,41.95
13-12-2012,41.76,41.85,41.14,41.43
12-12-2012,41.26,42.24,41.23,41.70
11-12-2012,40.45,41.36,40.43,41.27
10-12-2012,39.70,40.33,39.69,40.33
07-12-2012,39.74,39.93,39.58,39.78
06-12-2012,39.31,39.67,39.23,39.56
05-12-2012,39.57,39.71,39.28,39.38
04-12-2012,39.39,39.57,39.18,39.52
03-12-2012,40.02,40.07,39.37,39.46
30-11-2012,39.66,39.90,39.65,39.79
29-11-2012,39.34,39.71,39.26,39.56
28-11-2012,38.25,39.25,38.01,39.19
27-11-2012,38.42,38.90,38.39,38.49
26-11-2012,38.10,38.42,38.02,38.42
23-11-2012,37.74,38.17,37.73,38.16
21-11-2012,37.23,37.54,37.17,37.54
20-11-2012,37.16,37.32,36.91,37.23
19-11-2012,36.93,37.37,36.93,37.37
16-11-2012,36.61,36.68,35.88,36.58
15-11-2012,37.17,37.26,36.39,36.65
14-11-2012,38.19,38.27,36.94,36.99
13-11-2012,38.68,38.73,38.05,38.05
12-11-2012,39.25,39.25,38.92,38.93
09-11-2012,39.11,39.53,39.03,39.17
08-11-2012,40.00,40.10,39.18,39.18
07-11-2012,41.37,41.37,40.23,40.27
06-11-2012,40.92,41.64,40.90,41.48
05-11-2012,40.24,40.72,40.24,40.63
02-11-2012,41.23,41.24,40.25,40.28
01-11-2012,40.65,41.28,40.65,41.26
31-10-2012,40.62,40.78,40.28,40.61
26-10-2012,40.57,40.91,40.23,40.58
25-10-2012,40.86,40.93,40.44,40.76
24-10-2012,40.73,40.93,40.37,40.57
23-10-2012,40.40,40.63,40.07,40.54
22-10-2012,40.94,41.04,40.57,40.88
19-10-2012,41.97,41.97,40.75,40.91
18-10-2012,42.61,42.88,42.19,42.20
17-10-2012,42.27,42.87,42.20,42.71
16-10-2012,41.58,42.13,41.57,42.12
15-10-2012,41.39,41.57,41.18,41.52
12-10-2012,41.90,42.04,41.33,41.41
11-10-2012,41.81,42.21,41.80,41.88
10-10-2012,41.94,41.94,41.33,41.48
09-10-2012,42.34,42.51,41.72,41.94
08-10-2012,42.39,42.58,42.24,42.40
05-10-2012,43.00,43.26,42.38,42.51
04-10-2012,42.59,43.00,42.30,43.00
03-10-2012,42.99,43.00,42.40,42.43
02-10-2012,43.21,43.33,42.74,42.93
01-10-2012,43.24,43.73,43.00,43.03
28-09-2012,43.49,43.63,43.24,43.24
27-09-2012,43.32,43.91,43.07,43.74
26-09-2012,43.15,43.20,42.59,43.00
25-09-2012,44.58,44.69,43.24,43.28
24-09-2012,44.92,45.07,44.47,44.60
21-09-2012,45.75,45.83,45.22,45.35
20-09-2012,45.76,45.79,45.31,45.45
19-09-2012,45.99,46.25,45.83,46.08
18-09-2012,45.82,46.15,45.69,45.96
17-09-2012,46.16,46.30,45.81,45.95
14-09-2012,45.66,46.51,45.61,46.28
13-09-2012,44.82,45.67,44.56,45.36
12-09-2012,44.66,44.93,44.44,44.83
11-09-2012,43.75,44.56,43.75,44.46
10-09-2012,43.85,44.29,43.74,43.75
07-09-2012,43.55,43.91,43.53,43.85
06-09-2012,42.84,43.68,42.79,43.45
05-09-2012,42.63,42.83,42.39,42.50
04-09-2012,42.80,42.86,42.06,42.75
31-08-2012,42.94,43.27,42.62,42.89
30-08-2012,43.77,43.77,42.61,42.65
29-08-2012,44.33,44.35,43.69,43.95
28-08-2012,44.09,44.37,44.01,44.27
27-08-2012,44.44,44.51,44.02,44.14
24-08-2012,44.55,44.61,44.20,44.46
23-08-2012,44.88,44.99,44.39,44.66
22-08-2012,44.86,45.01,44.53,44.83
21-08-2012,45.05,45.74,44.81,44.99
20-08-2012,44.71,45.03,44.36,44.84
17-08-2012,44.71,44.96,44.60,44.78
16-08-2012,43.93,44.69,43.91,44.62
15-08-2012,43.35,43.90,43.35,43.88
14-08-2012,44.04,44.26,43.32,43.51
13-08-2012,44.10,44.13,43.14,43.85
10-08-2012,43.66,44.13,43.48,44.08
09-08-2012,43.29,43.85,43.20,43.81
08-08-2012,43.56,43.64,43.18,43.37
07-08-2012,42.87,43.57,42.80,43.37
06-08-2012,41.79,42.71,41.74,42.64
03-08-2012,41.24,41.86,41.24,41.59
02-08-2012,40.97,41.73,40.94,41.24
01-08-2012,41.72,41.72,40.62,40.62
31-07-2012,41.75,42.10,41.43,41.57
30-07-2012,42.24,42.39,41.60,41.73
27-07-2012,41.82,42.40,41.57,42.31
26-07-2012,41.80,41.97,41.23,41.55
25-07-2012,41.44,41.76,41.10,41.12
24-07-2012,42.02,42.12,41.07,41.24
23-07-2012,42.50,42.50,41.75,42.03
20-07-2012,43.79,43.79,43.18,43.19
19-07-2012,44.03,44.32,43.89,44.04
18-07-2012,43.61,44.19,43.33,43.77
17-07-2012,44.20,44.24,43.20,43.61
16-07-2012,44.16,44.23,43.60,43.95
13-07-2012,43.98,44.48,43.93,44.21
12-07-2012,44.21,44.21,43.16,43.81
11-07-2012,43.98,44.49,43.93,44.21
10-07-2012,45.24,45.42,43.73,43.96
09-07-2012,45.89,45.89,44.91,44.99
06-07-2012,46.41,46.52,45.73,45.93
05-07-2012,47.27,47.40,46.78,46.95
03-07-2012,46.82,47.52,46.81,47.47
02-07-2012,46.30,46.76,46.03,46.75
29-06-2012,45.75,46.24,45.55,46.17
28-06-2012,45.14,45.44,44.41,44.73
27-06-2012,45.07,45.65,44.90,45.38
26-06-2012,45.36,45.43,44.66,45.05
25-06-2012,45.76,45.76,44.99,45.29
22-06-2012,45.28,46.18,45.26,46.18
21-06-2012,46.50,46.65,44.93,45.02
20-06-2012,45.93,46.72,45.92,46.44
19-06-2012,45.00,46.05,44.85,45.64
18-06-2012,44.04,45.00,43.76,44.83
15-06-2012,43.11,44.25,43.10,44.24
14-06-2012,43.13,43.34,42.68,42.90
13-06-2012,43.36,43.56,42.66,42.91
12-06-2012,42.60,43.63,42.35,43.55
11-06-2012,43.72,43.80,42.18,42.20
08-06-2012,42.95,43.31,42.40,43.19
07-06-2012,44.04,44.45,42.99,43.11
06-06-2012,42.87,43.70,42.87,43.56
05-06-2012,41.49,42.77,41.49,42.61
04-06-2012,42.05,42.25,41.02,41.49
01-06-2012,42.42,42.58,41.90,42.00
31-05-2012,43.09,43.43,42.52,43.14
30-05-2012,43.61,43.68,42.99,43.12
29-05-2012,43.70,44.18,43.51,44.11
25-05-2012,43.24,43.36,42.98,43.20
24-05-2012,43.72,43.89,42.83,43.33
23-05-2012,43.21,43.65,42.19,43.50
22-05-2012,43.80,44.09,42.99,43.21
21-05-2012,42.79,43.64,42.51,43.56
18-05-2012,43.98,44.05,42.47,42.55
17-05-2012,45.46,45.55,43.95,43.95
16-05-2012,46.72,47.17,45.46,45.46
15-05-2012,47.16,47.28,46.44,46.49
14-05-2012,47.81,47.81,47.14,47.16
11-05-2012,48.26,48.60,48.00,48.20
10-05-2012,48.72,48.94,48.21,48.26
09-05-2012,48.33,48.90,47.96,48.49
08-05-2012,49.52,49.52,48.61,49.00
07-05-2012,49.72,49.95,49.42,49.80
04-05-2012,50.96,51.08,49.96,49.97
03-05-2012,52.21,52.33,50.98,51.16
02-05-2012,52.32,52.40,51.74,52.34
01-05-2012,52.23,53.58,52.19,52.61
30-04-2012,52.25,52.25,51.69,51.75
27-04-2012,51.90,52.38,51.30,52.38
26-04-2012,51.38,52.10,51.30,52.06
25-04-2012,51.37,51.74,51.16,51.49
24-04-2012,50.76,50.98,50.50,50.82
23-04-2012,51.31,51.31,50.30,50.78
20-04-2012,52.77,52.83,51.97,52.01
19-04-2012,52.58,53.22,52.15,52.39
18-04-2012,53.24,53.27,52.47,52.59
17-04-2012,52.96,54.23,52.96,53.62
16-04-2012,53.43,53.57,52.14,52.35
13-04-2012,53.73,53.73,52.76,52.93
12-04-2012,53.24,54.06,53.24,53.85
11-04-2012,52.27,53.23,52.27,53.07
10-04-2012,52.47,52.73,51.38,51.54
09-04-2012,52.96,52.98,52.35,52.38
05-04-2012,54.04,54.32,53.55,53.67
04-04-2012,54.67,54.67,53.90,54.04
03-04-2012,56.46,56.57,55.27,55.45
02-04-2012,56.87,56.88,56.05,56.44
30-03-2012,57.24,57.36,56.51,56.87
29-03-2012,56.58,57.01,56.14,56.90
28-03-2012,58.29,58.34,56.54,56.98
27-03-2012,58.62,59.07,58.16,58.20
26-03-2012,58.66,58.89,58.28,58.54
23-03-2012,57.60,58.25,57.12,58.06
22-03-2012,58.04,58.16,57.26,57.59
21-03-2012,59.45,59.47,58.28,58.41
20-03-2012,58.72,59.59,57.96,59.32
19-03-2012,59.60,59.90,59.25,59.38
16-03-2012,59.44,59.78,59.12,59.68
15-03-2012,58.31,59.36,58.20,59.32
14-03-2012,58.46,58.65,57.77,57.95
13-03-2012,57.07,58.45,57.05,58.45
12-03-2012,57.33,57.62,56.53,56.66
09-03-2012,55.88,57.28,55.83,57.11
08-03-2012,55.12,55.92,54.94,55.76
07-03-2012,54.96,55.20,54.55,54.88
06-03-2012,55.39,55.39,54.52,54.77
05-03-2012,57.39,57.39,55.82,56.08
02-03-2012,58.14,58.30,57.24,57.28
01-03-2012,58.81,59.09,58.12,58.18
29-02-2012,60.37,60.37,58.58,58.58
28-02-2012,60.67,61.09,60.26,60.49
27-02-2012,60.24,60.62,59.20,60.36
24-02-2012,61.66,61.66,60.34,60.50
23-02-2012,62.67,62.67,60.97,61.55
22-02-2012,63.26,63.39,62.66,62.67
21-02-2012,63.75,64.30,63.09,63.49
17-02-2012,63.07,64.22,63.07,63.29
16-02-2012,61.33,62.50,60.91,62.20
15-02-2012,62.12,62.26,60.72,60.95
14-02-2012,62.42,62.42,60.98,61.47
13-02-2012,63.05,64.29,62.84,63.01
10-02-2012,64.35,64.35,62.77,63.05
09-02-2012,64.19,65.98,63.43,65.51
08-02-2012,62.79,64.03,62.55,64.00
07-02-2012,62.72,63.22,62.21,62.56
06-02-2012,62.43,63.11,62.21,62.97
03-02-2012,62.06,62.88,61.89,62.73
02-02-2012,60.36,61.03,59.88,60.90
01-02-2012,58.66,60.31,58.66,60.01
31-01-2012,60.30,60.65,58.58,58.66
30-01-2012,60.09,60.34,59.33,59.91
27-01-2012,59.21,60.77,59.14,60.66
26-01-2012,59.40,60.37,58.98,59.35
25-01-2012,58.75,59.26,58.45,59.10
24-01-2012,58.47,58.93,57.80,58.85
23-01-2012,59.43,59.94,58.75,58.90
20-01-2012,58.90,59.52,58.56,59.36
19-01-2012,60.63,61.40,58.78,59.01
18-01-2012,58.20,60.25,57.89,60.25
17-01-2012,58.69,59.45,58.14,58.19
13-01-2012,58.64,59.04,57.90,57.99
12-01-2012,58.42,59.60,57.26,59.58
11-01-2012,55.04,58.43,55.04,58.31
10-01-2012,54.78,55.27,54.78,55.06
09-01-2012,53.70,54.36,53.57,54.21
06-01-2012,53.45,53.94,53.05,53.38
05-01-2012,53.30,53.68,52.80,53.51
04-01-2012,53.36,53.49,52.91,53.30
03-01-2012,53.29,53.84,53.13,53.52
30-12-2011,51.70,52.15,51.56,52.00
29-12-2011,51.34,51.94,51.34,51.89
28-12-2011,52.56,52.56,51.18,51.31
27-12-2011,52.56,52.83,52.13,52.58
23-12-2011,53.19,53.21,52.65,52.82
22-12-2011,51.77,53.09,51.77,52.80
21-12-2011,51.63,51.75,50.86,51.61
20-12-2011,50.01,51.83,50.01,51.83
19-12-2011,50.68,50.94,49.16,49.27
16-12-2011,50.76,51.25,50.18,50.49
15-12-2011,51.16,51.34,50.32,50.55
14-12-2011,52.04,52.04,50.27,50.46
13-12-2011,54.52,54.83,52.28,52.48
12-12-2011,54.80,54.80,53.74,54.29
09-12-2011,54.51,55.68,54.26,55.48
08-12-2011,56.00,56.12,54.18,54.23
07-12-2011,56.34,56.98,55.96,56.64
06-12-2011,56.87,57.03,56.23,56.48
05-12-2011,56.97,57.61,56.65,57.01
02-12-2011,56.80,57.15,56.07,56.20
01-12-2011,55.96,56.90,55.68,56.23
30-11-2011,54.34,56.35,54.34,56.33
29-11-2011,53.64,53.69,52.31,52.65
28-11-2011,52.72,53.93,52.72,53.62
25-11-2011,52.06,52.46,51.30,51.32
23-11-2011,52.88,52.90,52.09,52.18
22-11-2011,53.02,54.10,52.77,53.48
21-11-2011,54.63,54.63,52.87,53.31
18-11-2011,55.91,56.44,55.25,55.31
17-11-2011,57.43,57.66,55.66,55.91
16-11-2011,57.98,58.59,57.31,57.43
15-11-2011,57.92,58.28,56.91,57.98
14-11-2011,59.26,59.26,57.55,57.92
11-11-2011,57.95,59.46,57.95,59.26
10-11-2011,58.49,59.50,57.65,57.94
09-11-2011,61.59,61.59,58.31,58.49
08-11-2011,60.89,61.76,60.27,61.59
07-11-2011,61.52,61.73,59.73,60.89
04-11-2011,60.48,61.73,59.65,61.52
03-11-2011,59.61,60.48,58.67,60.48
02-11-2011,58.78,60.66,58.78,59.61
01-11-2011,61.65,61.65,58.17,58.78
31-10-2011,64.66,64.66,61.60,61.65
28-10-2011,63.75,65.26,63.05,64.66
27-10-2011,59.03,64.24,59.03,63.75
26-10-2011,57.88,59.36,57.45,59.03
25-10-2011,60.57,60.57,57.82,57.88
24-10-2011,58.13,60.67,58.13,60.57
21-10-2011,57.86,58.87,57.55,58.13
20-10-2011,57.68,57.94,56.04,57.86
19-10-2011,59.55,59.55,57.52,57.68
18-10-2011,57.97,59.74,56.48,59.55
17-10-2011,60.32,60.32,57.81,57.97
14-10-2011,59.26,60.45,59.24,60.32
13-10-2011,59.18,59.43,58.02,59.26
12-10-2011,57.52,59.82,57.52,59.18
11-10-2011,57.86,57.86,56.87,57.52
10-10-2011,55.84,58.00,55.84,57.86
07-10-2011,58.19,58.65,55.54,55.84
06-10-2011,56.14,58.28,56.14,58.19
05-10-2011,54.19,56.53,53.65,56.14
04-10-2011,51.15,54.25,50.08,54.19
03-10-2011,55.48,55.48,51.15,51.15
30-09-2011,57.73,57.73,55.47,55.48
29-09-2011,58.31,59.58,56.74,57.73
28-09-2011,61.29,61.41,58.31,58.31
27-09-2011,60.45,62.88,60.45,61.29
26-09-2011,60.19,61.16,58.69,60.45
23-09-2011,58.91,60.62,58.73,60.19
22-09-2011,62.10,62.10,58.07,58.91
21-09-2011,64.30,64.99,62.02,62.10
20-09-2011,66.78,67.08,64.30,64.30
19-09-2011,67.90,67.90,65.57,66.78
16-09-2011,68.37,68.79,67.60,67.90
15-09-2011,68.99,69.30,67.93,68.37
14-09-2011,68.18,69.87,67.37,68.99
13-09-2011,66.32,68.36,66.32,68.18
12-09-2011,66.13,66.75,64.77,66.32
09-09-2011,68.59,68.59,65.50,66.13
08-09-2011,70.22,70.55,68.31,68.59
07-09-2011,67.36,70.22,67.36,70.22
06-09-2011,68.15,68.15,65.60,67.36
02-09-2011,70.89,70.89,67.74,68.15
01-09-2011,73.02,73.09,70.81,70.89
31-08-2011,73.56,74.60,72.43,73.02
30-08-2011,73.39,73.91,72.03,73.56
29-08-2011,70.27,73.39,70.27,73.39
26-08-2011,68.22,70.56,66.90,70.27
25-08-2011,69.50,70.20,68.17,68.22
24-08-2011,68.99,69.78,67.68,69.50
23-08-2011,64.63,68.99,64.63,68.99
22-08-2011,65.03,67.02,64.36,64.63
19-08-2011,67.07,68.09,64.97,65.03
18-08-2011,72.06,72.06,66.58,67.07
17-08-2011,73.28,73.97,71.37,72.06
16-08-2011,75.53,75.53,72.75,73.28
15-08-2011,72.77,75.55,72.77,75.53
12-08-2011,72.65,74.38,72.52,72.77
11-08-2011,68.17,73.39,68.17,72.65
10-08-2011,70.81,70.99,68.07,68.17
09-08-2011,65.21,70.82,65.21,70.81
08-08-2011,72.22,72.22,65.21,65.21
05-08-2011,73.60,75.08,69.85,72.22
04-08-2011,80.08,80.08,73.55,73.60
03-08-2011,79.95,80.68,77.87,80.08
02-08-2011,83.66,83.67,79.95,79.95
01-08-2011,83.73,85.76,82.82,83.66
29-07-2011,83.73,84.17,81.72,83.73
28-07-2011,83.82,85.15,83.53,83.73
27-07-2011,87.22,87.22,83.67,83.82
26-07-2011,87.55,87.78,86.67,87.22
25-07-2011,88.74,88.74,87.43,87.55
22-07-2011,88.04,88.89,87.49,88.74
21-07-2011,86.73,88.05,86.46,88.04
20-07-2011,86.60,87.09,86.09,86.73
19-07-2011,84.71,86.64,84.71,86.60
18-07-2011,86.57,86.57,84.31,84.71
15-07-2011,86.17,86.64,85.85,86.57
14-07-2011,87.84,88.04,86.02,86.17
13-07-2011,87.02,88.87,87.02,87.84
12-07-2011,88.09,88.09,86.69,87.02
11-07-2011,90.71,90.71,87.91,88.09
08-07-2011,91.48,91.48,89.49,90.71
07-07-2011,90.82,91.75,90.82,91.48
06-07-2011,91.14,91.30,89.31,90.82
05-07-2011,92.37,92.37,90.74,91.14
01-07-2011,91.40,92.39,90.78,92.37
30-06-2011,89.76,91.75,89.76,91.38
29-06-2011,89.81,90.48,89.55,89.76
28-06-2011,88.63,89.81,88.62,89.81
27-06-2011,88.23,88.99,87.64,88.63
24-06-2011,88.87,88.87,87.83,88.23
23-06-2011,88.35,88.91,86.18,88.87
22-06-2011,87.82,89.16,87.37,88.35
21-06-2011,86.35,88.15,86.35,87.82
20-06-2011,86.30,86.56,85.77,86.35
17-06-2011,86.23,87.43,85.80,86.30
16-06-2011,87.13,87.80,85.17,86.23
15-06-2011,89.43,89.43,87.20,87.38
14-06-2011,87.33,89.59,87.33,89.43
13-06-2011,87.47,88.69,86.65,87.33
10-06-2011,88.78,88.78,87.04,87.47
09-06-2011,88.79,89.50,88.68,88.78
08-06-2011,91.28,91.28,88.50,88.79
07-06-2011,90.85,91.93,90.85,91.28
06-06-2011,92.72,93.24,90.74,90.85
03-06-2011,93.90,93.90,92.54,92.72
02-06-2011,93.67,94.48,93.36,93.90
01-06-2011,97.13,97.13,93.57,93.67
31-05-2011,94.87,97.21,94.87,97.13
27-05-2011,93.99,94.88,93.99,94.87
26-05-2011,93.19,94.15,92.78,93.99
25-05-2011,92.38,93.35,91.90,93.19
24-05-2011,92.79,93.88,92.25,92.38
23-05-2011,95.35,95.35,92.70,92.79
20-05-2011,96.65,96.65,94.67,95.35
19-05-2011,96.77,97.51,96.00,96.65
18-05-2011,95.05,96.83,95.05,96.77
17-05-2011,95.91,95.91,94.47,95.05
16-05-2011,97.72,98.29,95.88,95.91
13-05-2011,99.41,99.44,97.53,97.72
12-05-2011,98.28,99.44,97.03,99.41
11-05-2011,101.00,101.00,97.98,98.28
10-05-2011,100.51,101.00,100.21,101.00
09-05-2011,99.75,100.59,98.90,100.51
06-05-2011,98.60,100.81,98.60,99.75
05-05-2011,99.17,99.83,98.21,98.60
04-05-2011,101.77,101.77,98.80,99.17
03-05-2011,103.57,103.57,101.18,101.77
02-05-2011,104.99,105.25,103.38,103.57
29-04-2011,103.33,105.17,103.33,104.99
28-04-2011,103.31,103.40,102.24,103.33
27-04-2011,102.84,103.33,101.96,103.31
26-04-2011,102.32,103.24,102.20,102.84
25-04-2011,102.30,102.62,101.73,102.32
21-04-2011,101.87,102.56,101.57,102.30
20-04-2011,99.71,101.87,99.71,101.87
19-04-2011,100.33,100.78,99.22,99.71
18-04-2011,102.34,102.34,99.38,100.33
15-04-2011,102.24,102.67,101.54,102.34
14-04-2011,101.93,102.33,100.44,102.24
13-04-2011,101.60,102.76,101.26,101.93
12-04-2011,103.73,103.73,100.70,101.60
11-04-2011,104.89,105.61,103.16,103.73
08-04-2011,106.58,107.41,104.38,104.89
07-04-2011,107.24,107.63,106.17,106.58
06-04-2011,108.15,108.15,106.55,107.24
05-04-2011,107.99,108.79,107.24,108.15
04-04-2011,108.18,108.82,107.27,107.99
01-04-2011,108.92,109.27,107.56,108.18
31-03-2011,108.69,109.13,108.26,108.92
30-03-2011,108.22,109.27,108.05,108.69
29-03-2011,106.01,108.22,105.62,108.22
28-03-2011,105.46,106.89,105.46,106.01
25-03-2011,105.04,106.13,105.04,105.46
24-03-2011,103.97,105.28,103.97,105.04
23-03-2011,103.77,104.09,102.46,103.97
22-03-2011,103.86,104.12,103.03,103.77
21-03-2011,102.12,103.88,102.12,103.86
18-03-2011,102.47,103.41,101.57,102.12
17-03-2011,101.47,103.64,101.47,102.47
16-03-2011,102.91,103.74,100.72,101.47
15-03-2011,101.26,103.45,98.77,102.91
14-03-2011,100.31,101.83,100.31,101.26
11-03-2011,101.05,101.05,99.38,100.31
10-03-2011,104.53,104.53,101.00,101.05
09-03-2011,105.43,105.43,104.27,104.53
08-03-2011,104.44,105.94,103.62,105.43
07-03-2011,106.76,107.62,103.71,104.44
04-03-2011,107.96,108.21,106.23,106.76
03-03-2011,106.76,108.71,106.76,107.96
02-03-2011,106.34,107.68,106.16,106.76
01-03-2011,109.05,109.32,106.06,106.34
28-02-2011,110.32,111.16,108.50,109.05
25-02-2011,109.41,110.67,109.41,110.32
24-02-2011,107.26,109.72,107.22,109.41
23-02-2011,109.50,109.78,105.81,107.26
22-02-2011,113.56,113.56,109.34,109.50
18-02-2011,114.46,115.58,113.18,113.56
17-02-2011,113.91,114.69,113.71,114.46
16-02-2011,112.08,113.91,112.08,113.91
15-02-2011,112.80,113.00,111.82,112.08
14-02-2011,111.65,113.01,111.65,112.80
11-02-2011,110.29,111.83,109.45,111.65
10-02-2011,110.05,110.37,108.48,110.29
09-02-2011,111.57,111.60,109.60,110.05
08-02-2011,110.40,111.57,109.98,111.57
07-02-2011,109.48,111.22,109.48,110.40
04-02-2011,110.24,110.24,108.36,109.48
03-02-2011,110.90,110.91,108.61,110.24
02-02-2011,108.56,110.95,108.36,110.90
01-02-2011,105.90,108.85,105.90,108.56
31-01-2011,105.10,106.32,105.08,105.90
28-01-2011,108.38,108.66,104.98,105.10
27-01-2011,108.13,108.75,107.49,108.38
26-01-2011,107.29,108.24,107.19,108.13
25-01-2011,108.91,108.91,106.99,107.29
24-01-2011,106.86,109.19,106.86,108.91
21-01-2011,107.60,108.89,106.80,106.86
20-01-2011,108.87,108.87,106.19,107.60
19-01-2011,112.49,112.49,108.53,108.87
18-01-2011,110.66,112.53,110.59,112.49
14-01-2011,110.99,110.99,110.20,110.66
13-01-2011,111.60,111.60,110.49,110.99
12-01-2011,109.88,111.60,109.88,111.60
11-01-2011,109.21,110.43,109.21,109.88
10-01-2011,107.94,109.35,107.74,109.21
07-01-2011,107.92,108.79,106.31,107.94
06-01-2011,108.44,108.94,107.54,107.92
05-01-2011,107.47,108.44,106.71,108.44
04-01-2011,107.54,108.39,106.05,107.47
03-01-2011,105.50,108.17,105.50,107.54
31-12-2010,105.51,106.00,105.22,105.50
30-12-2010,105.58,106.33,105.51,105.51
29-12-2010,105.21,105.73,105.10,105.58
28-12-2010,105.76,106.22,105.21,105.21
27-12-2010,105.94,105.94,105.04,105.76
23-12-2010,106.01,106.35,105.83,105.94
22-12-2010,105.27,106.01,105.10,106.01
21-12-2010,104.02,105.44,104.02,105.27
20-12-2010,103.86,104.40,103.46,104.02
17-12-2010,103.65,103.86,102.85,103.86
16-12-2010,103.33,103.76,102.57,103.65
15-12-2010,103.86,105.03,103.33,103.33
14-12-2010,104.85,104.85,103.70,103.86
13-12-2010,105.68,106.28,104.80,104.85
10-12-2010,104.34,105.83,104.20,105.68
09-12-2010,103.97,104.63,103.67,104.34
08-12-2010,103.45,104.20,102.90,103.97
07-12-2010,103.90,105.12,103.33,103.45
06-12-2010,102.32,104.06,102.22,103.90
03-12-2010,100.86,102.45,100.55,102.32
02-12-2010,99.43,100.88,99.43,100.86
01-12-2010,97.42,99.91,97.42,99.43
30-11-2010,99.58,99.58,97.18,97.42
29-11-2010,100.08,100.08,98.16,99.58
26-11-2010,101.05,101.05,100.03,100.08
24-11-2010,98.69,101.05,98.69,101.05
23-11-2010,99.97,99.97,98.13,98.69
22-11-2010,99.65,100.27,98.52,99.97
19-11-2010,98.80,99.65,97.62,99.65
18-11-2010,96.78,99.50,96.78,98.80
17-11-2010,98.09,98.09,96.49,96.78
16-11-2010,101.71,101.71,97.57,98.09
15-11-2010,101.65,102.90,101.65,101.71
12-11-2010,104.42,104.42,101.21,101.65
11-11-2010,105.53,105.53,103.26,104.42
10-11-2010,105.33,105.54,103.41,105.53
09-11-2010,107.23,108.11,104.97,105.33
08-11-2010,106.36,107.31,106.12,107.23
05-11-2010,105.76,107.05,105.67,106.36
04-11-2010,102.90,105.83,102.90,105.76
03-11-2010,102.37,102.90,101.33,102.90
02-11-2010,100.16,102.37,100.16,102.37
01-11-2010,101.49,102.43,99.41,100.16
29-10-2010,102.22,102.22,100.93,101.49
28-10-2010,103.37,104.19,101.89,102.22
27-10-2010,103.22,103.48,101.64,103.37
26-10-2010,102.72,103.63,101.72,103.22
25-10-2010,101.42,103.36,101.42,102.72
22-10-2010,100.73,101.72,100.58,101.42
21-10-2010,101.59,102.88,99.71,100.73
20-10-2010,100.63,102.42,100.48,101.59
19-10-2010,104.53,104.53,99.92,100.63
18-10-2010,103.98,104.73,103.03,104.53
15-10-2010,105.56,106.55,103.60,103.98
14-10-2010,104.88,106.78,104.82,105.56
13-10-2010,102.56,105.33,102.56,104.88
12-10-2010,102.36,102.87,100.98,102.56
11-10-2010,100.71,103.24,100.71,102.35
08-10-2010,100.21,101.06,99.24,100.71
07-10-2010,99.49,100.47,99.04,100.21
06-10-2010,99.83,100.70,99.03,99.49
05-10-2010,97.75,99.99,97.75,99.83
04-10-2010,99.78,99.78,97.28,97.75
01-10-2010,99.83,100.77,98.97,99.78
30-09-2010,99.09,100.78,98.39,99.83
29-09-2010,97.74,99.66,97.51,99.09
28-09-2010,96.61,97.86,95.20,97.74
27-09-2010,97.07,97.26,96.27,96.61
24-09-2010,93.88,97.07,93.88,97.07
23-09-2010,93.92,94.87,92.68,93.88
22-09-2010,94.62,95.52,93.37,93.92
21-09-2010,95.12,95.57,94.47,94.62
20-09-2010,93.05,95.26,93.05,95.12
17-09-2010,93.33,93.97,92.57,93.05
16-09-2010,93.08,93.53,92.68,93.33
15-09-2010,93.59,93.59,92.37,93.08
14-09-2010,92.97,94.38,92.42,93.59
13-09-2010,91.64,93.46,91.64,92.97
10-09-2010,91.99,92.87,91.24,91.64
09-09-2010,92.17,93.63,91.60,91.99
08-09-2010,91.55,93.10,91.55,92.17
07-09-2010,92.84,92.84,91.49,91.55
03-09-2010,91.23,93.22,91.23,92.84
02-09-2010,89.80,91.23,89.65,91.23
01-09-2010,86.52,89.82,86.52,89.80
31-08-2010,86.33,87.25,85.49,86.52
30-08-2010,87.77,88.32,86.33,86.33
27-08-2010,84.85,87.77,84.18,87.77
26-08-2010,85.58,87.11,84.61,84.85
25-08-2010,84.69,85.73,83.06,85.58
24-08-2010,86.60,86.60,83.67,84.69
23-08-2010,87.26,88.94,86.53,86.60
20-08-2010,88.02,88.02,86.07,87.26
19-08-2010,91.01,91.01,87.92,88.02
18-08-2010,90.49,91.59,90.14,91.01
17-08-2010,88.84,91.07,88.84,90.49
16-08-2010,87.71,89.52,87.16,88.84
13-08-2010,88.68,89.50,87.70,87.71
12-08-2010,89.35,89.67,87.63,88.68
11-08-2010,94.54,94.54,89.22,89.35
10-08-2010,96.16,96.16,93.80,94.54
09-08-2010,94.99,96.20,94.67,96.16
06-08-2010,95.01,95.51,93.39,94.99
05-08-2010,94.39,95.39,93.92,95.01
04-08-2010,93.75,94.39,93.22,94.39
03-08-2010,94.16,94.99,93.21,93.75
02-08-2010,92.82,94.89,92.82,94.16
30-07-2010,93.21,93.21,91.28,92.82
29-07-2010,93.97,95.13,91.68,93.21
28-07-2010,95.36,95.66,93.61,93.97
27-07-2010,97.02,97.67,95.00,95.36
26-07-2010,94.95,97.03,94.75,97.02
23-07-2010,93.04,94.96,92.35,94.95
22-07-2010,89.83,93.11,89.83,93.04
21-07-2010,90.74,91.74,89.49,89.83
20-07-2010,89.30,90.90,87.55,90.74
19-07-2010,88.37,89.47,87.38,89.30
16-07-2010,91.29,91.29,88.13,88.37
15-07-2010,91.86,91.93,89.73,91.29
14-07-2010,91.35,92.18,90.84,91.86
13-07-2010,89.56,91.54,89.56,91.35
12-07-2010,91.19,91.66,89.04,89.56
09-07-2010,89.53,91.19,89.02,91.19
08-07-2010,87.98,89.85,87.69,89.53
07-07-2010,84.99,88.00,84.99,87.98
06-07-2010,84.48,87.95,84.48,84.99
02-07-2010,84.27,85.19,83.49,84.48
01-07-2010,83.79,84.78,81.55,84.27
30-06-2010,83.86,85.95,83.46,83.79
29-06-2010,88.13,88.13,83.39,83.86
28-06-2010,88.58,89.44,87.64,88.13
25-06-2010,87.10,88.67,86.37,88.58
24-06-2010,89.33,89.33,87.00,87.10
23-06-2010,89.21,90.26,87.72,89.33
22-06-2010,90.97,91.88,89.12,89.21
21-06-2010,91.83,93.85,90.34,90.96
18-06-2010,91.67,92.40,91.35,91.83
17-06-2010,91.51,92.54,90.55,91.67
16-06-2010,91.67,92.38,90.52,91.51
15-06-2010,87.53,91.80,87.53,91.67
14-06-2010,87.05,89.38,87.05,87.53
11-06-2010,85.79,87.05,84.60,87.05
10-06-2010,82.02,85.82,82.02,85.79
09-06-2010,82.07,84.31,81.65,82.02
08-06-2010,82.87,83.71,80.85,82.07
07-06-2010,85.63,86.35,82.80,82.87
04-06-2010,89.77,89.77,85.39,85.63
03-06-2010,88.87,90.05,88.32,89.77
02-06-2010,86.42,88.87,86.28,88.87
01-06-2010,88.57,89.61,86.39,86.42
28-05-2010,90.12,90.18,87.78,88.57
27-05-2010,85.08,90.12,85.08,90.12
26-05-2010,84.18,87.30,84.18,85.08
25-05-2010,85.44,85.44,81.41,84.18
24-05-2010,87.20,87.81,85.38,85.44
21-05-2010,85.47,88.54,83.44,87.20
20-05-2010,89.23,89.23,84.68,85.47
19-05-2010,91.07,91.07,87.31,89.23
18-05-2010,93.70,95.38,90.96,91.07
17-05-2010,94.76,95.63,91.90,93.70
14-05-2010,97.97,97.97,93.48,94.77
13-05-2010,98.37,99.39,97.36,97.97
12-05-2010,95.39,98.38,95.39,98.37
11-05-2010,95.90,97.10,94.38,95.39
10-05-2010,90.00,96.39,90.00,95.90
07-05-2010,92.06,93.17,88.29,90.00
06-05-2010,97.11,97.47,86.78,92.06
05-05-2010,99.53,99.53,95.88,97.11
04-05-2010,104.22,104.22,99.18,99.53
03-05-2010,102.26,104.27,102.26,104.22
30-04-2010,104.74,105.08,102.25,102.26
29-04-2010,101.90,104.78,101.90,104.74
28-04-2010,101.87,102.89,101.46,101.90
27-04-2010,104.86,105.06,101.79,101.87
26-04-2010,105.48,106.35,104.82,104.86
23-04-2010,104.60,105.49,104.23,105.48
22-04-2010,103.61,104.64,101.67,104.60
21-04-2010,104.46,104.46,102.58,103.61
20-04-2010,102.33,104.47,102.33,104.46
19-04-2010,103.12,103.12,100.67,102.33
16-04-2010,105.79,105.79,102.70,103.12
15-04-2010,104.35,105.95,104.13,105.79
14-04-2010,102.43,104.35,102.43,104.35
13-04-2010,102.40,102.67,101.80,102.43
12-04-2010,102.10,102.90,102.10,102.40
09-04-2010,102.41,102.92,101.88,102.10
08-04-2010,102.60,102.60,101.24,102.41
07-04-2010,101.59,102.96,101.59,102.60
06-04-2010,101.90,101.97,101.10,101.59
05-04-2010,100.74,101.99,100.74,101.90
01-04-2010,100.36,101.89,99.95,100.74
31-03-2010,101.31,101.60,100.26,100.36
30-03-2010,100.90,101.63,100.05,101.31
29-03-2010,99.83,100.96,99.83,100.90
26-03-2010,98.77,100.75,98.77,99.83
25-03-2010,99.55,100.91,98.66,98.77
24-03-2010,100.21,100.24,99.25,99.55
23-03-2010,98.67,100.27,98.49,100.21
22-03-2010,97.76,98.67,96.45,98.67
19-03-2010,100.14,100.14,97.49,97.76
18-03-2010,101.42,101.42,100.03,100.14
17-03-2010,100.69,102.11,100.69,101.42
16-03-2010,99.97,100.69,99.67,100.69
15-03-2010,101.66,101.69,99.50,99.97
12-03-2010,101.39,102.13,101.18,101.66
11-03-2010,100.36,101.39,99.69,101.39
10-03-2010,99.11,100.51,99.11,100.36
09-03-2010,99.50,99.75,98.73,99.11
08-03-2010,99.71,99.96,98.71,99.50
05-03-2010,97.83,99.71,97.83,99.71
04-03-2010,98.01,98.99,97.48,97.83
03-03-2010,97.39,99.28,97.39,98.01
02-03-2010,96.25,98.01,96.25,97.39
01-03-2010,95.11,96.31,95.11,96.25
26-02-2010,95.62,95.84,94.74,95.11
25-02-2010,95.27,95.62,93.26,95.62
24-02-2010,95.66,96.41,95.01,95.27
23-02-2010,98.15,98.15,95.47,95.66
22-02-2010,98.29,98.78,97.71,98.15
19-02-2010,99.68,99.68,97.80,98.29
18-02-2010,99.40,99.69,98.96,99.68
17-02-2010,99.47,100.31,98.51,99.40
16-02-2010,97.04,99.47,97.04,99.47
12-02-2010,96.34,97.04,94.00,97.04
11-02-2010,93.91,96.46,93.71,96.34
10-02-2010,93.87,94.49,92.24,93.91
09-02-2010,92.82,94.88,92.49,93.87
08-02-2010,94.33,94.87,92.82,92.82
05-02-2010,93.90,94.33,91.57,94.33
04-02-2010,99.75,99.75,93.90,93.90
03-02-2010,100.33,101.32,99.45,99.75
02-02-2010,99.10,100.37,98.96,100.33
01-02-2010,96.28,99.11,96.28,99.10
29-01-2010,98.68,100.31,96.16,96.28
28-01-2010,100.72,101.71,98.18,98.68
27-01-2010,101.38,101.82,99.22,100.72
26-01-2010,102.00,102.77,101.04,101.38
25-01-2010,101.33,103.58,101.33,102.00
22-01-2010,105.77,105.77,101.20,101.33
21-01-2010,108.71,109.58,105.71,105.77
20-01-2010,110.21,110.40,107.94,108.71
19-01-2010,109.58,110.23,108.87,110.21
15-01-2010,112.54,112.73,109.49,109.58
14-01-2010,115.40,116.35,112.52,112.54
13-01-2010,115.55,115.70,113.27,115.40
12-01-2010,118.66,118.66,115.24,115.55
11-01-2010,118.32,119.69,117.89,118.66
08-01-2010,117.55,118.33,117.04,118.32
07-01-2010,117.70,117.93,116.61,117.55
06-01-2010,116.45,118.06,116.45,117.70
05-01-2010,114.52,116.75,114.28,116.45
04-01-2010,111.35,114.52,111.35,114.52
31-12-2009,111.95,112.21,111.20,111.35
30-12-2009,112.05,112.07,110.71,111.95
29-12-2009,112.72,112.92,111.06,112.05
28-12-2009,112.79,113.41,112.34,112.72
24-12-2009,112.61,113.13,112.55,112.79
23-12-2009,112.00,112.84,111.75,112.61
22-12-2009,111.35,112.34,111.18,112.00
21-12-2009,108.55,111.37,108.55,111.35
18-12-2009,107.62,108.59,107.00,108.55
17-12-2009,109.20,109.20,106.94,107.62
16-12-2009,108.92,110.68,108.86,109.20
15-12-2009,108.38,110.03,108.03,108.92
14-12-2009,106.43,108.38,106.43,108.38
11-12-2009,106.42,107.21,105.43,106.43
10-12-2009,107.20,107.78,106.14,106.42
09-12-2009,106.68,107.20,105.75,107.20
08-12-2009,107.57,107.86,105.87,106.68
07-12-2009,105.65,107.75,105.65,107.57
04-12-2009,104.97,107.22,103.98,105.65
03-12-2009,105.43,106.44,104.93,104.97
02-12-2009,104.49,105.81,104.20,105.43
01-12-2009,101.08,104.62,101.08,104.49
30-11-2009,100.33,101.10,99.55,101.08
27-11-2009,102.55,102.55,99.57,100.27
25-11-2009,101.79,102.74,101.79,102.55
24-11-2009,102.77,102.77,100.87,101.79
23-11-2009,101.79,104.34,101.79,102.77
20-11-2009,102.67,102.67,101.03,101.79
19-11-2009,104.30,104.30,101.44,102.67
18-11-2009,104.39,105.02,103.60,104.30
17-11-2009,105.14,105.14,103.43,104.39
16-11-2009,101.53,105.48,101.53,105.14
13-11-2009,99.10,101.57,99.10,101.53
12-11-2009,101.86,101.86,98.95,99.10
11-11-2009,101.24,102.53,101.03,101.86
10-11-2009,102.87,102.95,100.39,101.24
09-11-2009,100.18,103.04,100.18,102.87
06-11-2009,100.73,101.18,99.59,100.18
05-11-2009,97.12,100.73,97.12,100.73
04-11-2009,98.32,99.69,96.97,97.12
03-11-2009,96.50,98.41,95.26,98.32
02-11-2009,97.64,99.02,95.33,96.50
30-10-2009,101.48,101.48,97.36,97.64
29-10-2009,97.84,101.75,97.84,101.48
28-10-2009,103.60,103.60,97.46,97.84
27-10-2009,104.66,105.77,103.37,103.60
26-10-2009,107.34,109.06,104.49,104.66
23-10-2009,109.74,109.74,107.14,107.34
22-10-2009,109.61,109.96,107.35,109.74
21-10-2009,109.83,112.14,109.46,109.61
20-10-2009,111.71,111.94,108.83,109.83
19-10-2009,110.37,112.15,110.19,111.71
16-10-2009,111.82,111.82,109.61,110.37
15-10-2009,111.86,111.86,110.18,111.82
14-10-2009,110.46,111.98,110.46,111.86
13-10-2009,111.17,111.24,108.97,110.46
12-10-2009,109.80,111.91,109.80,111.17
09-10-2009,108.84,109.89,108.71,109.80
08-10-2009,107.59,109.79,107.59,108.84
07-10-2009,107.09,107.79,106.61,107.59
06-10-2009,104.94,107.81,104.94,107.09
05-10-2009,103.32,105.18,103.32,104.94
02-10-2009,103.84,104.48,101.71,103.32
01-10-2009,109.09,109.09,103.82,103.84
30-09-2009,110.22,111.43,108.61,109.09
29-09-2009,110.59,111.57,109.76,110.22
28-09-2009,108.45,110.90,108.21,110.59
25-09-2009,108.76,108.89,107.50,108.45
24-09-2009,112.12,112.59,108.13,108.76
23-09-2009,113.73,114.60,112.05,112.12
22-09-2009,111.92,114.26,111.92,113.73
21-09-2009,113.06,113.06,110.25,111.92
18-09-2009,112.16,113.22,111.65,113.06
17-09-2009,113.63,113.63,110.96,112.16
16-09-2009,109.85,111.85,109.85,111.85
15-09-2009,107.67,110.04,107.67,109.85
14-09-2009,106.98,107.67,105.09,107.67
11-09-2009,107.55,108.58,105.78,106.98
10-09-2009,105.27,107.55,105.18,107.55
09-09-2009,104.36,106.04,103.74,105.27
08-09-2009,100.37,104.37,100.37,104.36
04-09-2009,98.45,100.41,98.06,100.37
03-09-2009,96.35,98.45,96.35,98.45
02-09-2009,96.35,96.86,95.10,96.35
01-09-2009,99.70,100.83,95.77,96.35
31-08-2009,102.02,102.02,99.09,99.70
28-08-2009,101.05,102.88,101.05,102.02
27-08-2009,100.95,101.15,99.06,101.05
26-08-2009,100.85,101.61,100.43,100.95
25-08-2009,101.72,102.27,100.52,100.85
24-08-2009,102.43,103.23,101.37,101.72
21-08-2009,101.50,102.85,101.50,102.43
20-08-2009,100.68,102.28,100.67,101.50
19-08-2009,99.46,100.68,97.38,100.68
18-08-2009,97.92,99.97,97.92,99.46
17-08-2009,102.59,102.59,97.67,97.92
14-08-2009,104.43,104.76,101.85,102.59
13-08-2009,104.87,105.40,103.46,104.43
12-08-2009,104.54,105.92,104.00,104.87
11-08-2009,108.54,108.54,104.19,104.54
10-08-2009,107.31,109.03,107.31,108.54
07-08-2009,105.98,108.49,105.98,107.31
06-08-2009,107.99,109.43,105.56,105.98
05-08-2009,109.01,109.87,106.97,107.99
04-08-2009,108.66,109.74,107.55,109.01
03-08-2009,106.43,108.86,106.43,108.66
31-07-2009,107.88,107.88,105.11,106.43
30-07-2009,105.00,109.15,105.00,107.88
29-07-2009,107.19,107.19,104.36,105.00
28-07-2009,106.57,107.29,104.71,107.19
27-07-2009,107.58,108.64,106.27,107.96
24-07-2009,104.35,107.58,104.35,107.58
23-07-2009,100.32,104.39,100.18,104.35
22-07-2009,100.75,100.89,99.52,100.32
21-07-2009,99.36,101.17,98.75,100.75
20-07-2009,98.17,99.98,98.17,99.36
17-07-2009,99.17,99.17,97.81,98.17
16-07-2009,97.21,99.26,96.73,99.17
15-07-2009,92.48,97.21,92.48,97.21
14-07-2009,92.16,92.63,91.36,92.48
13-07-2009,89.64,92.16,88.34,92.16
10-07-2009,90.50,90.79,88.54,89.64
09-07-2009,90.65,92.30,90.45,90.50
08-07-2009,92.97,93.14,88.88,90.65
07-07-2009,96.67,96.81,92.91,92.97
06-07-2009,99.99,99.99,95.28,96.67
02-07-2009,101.84,101.84,99.31,99.99
01-07-2009,101.13,103.22,101.13,101.84
30-06-2009,102.24,103.60,100.24,101.13
29-06-2009,103.32,104.48,101.94,102.24
26-06-2009,102.89,103.42,102.07,103.32
25-06-2009,100.75,102.92,99.55,102.89
24-06-2009,97.49,102.23,97.49,100.75
23-06-2009,97.46,99.06,95.19,97.49
22-06-2009,104.03,104.03,97.43,97.46
19-06-2009,102.51,106.13,102.51,104.03
18-06-2009,102.53,103.50,101.14,102.52
17-06-2009,104.51,104.57,100.48,102.53
16-06-2009,106.24,109.32,104.49,104.51
15-06-2009,111.68,111.68,105.08,106.24
12-06-2009,112.79,112.79,110.07,111.68
11-06-2009,112.53,114.04,112.10,112.79
10-06-2009,110.79,113.18,109.83,112.53
09-06-2009,107.20,111.35,107.20,110.79
08-06-2009,108.11,108.18,104.71,107.20
05-06-2009,107.51,109.60,106.50,108.11
04-06-2009,103.33,107.51,103.33,107.51
03-06-2009,107.40,107.40,101.33,103.33
02-06-2009,106.55,108.11,105.68,107.40
01-06-2009,100.98,106.69,100.98,106.55
29-05-2009,98.63,100.99,98.63,100.98
28-05-2009,97.46,99.41,95.59,98.63
27-05-2009,96.28,100.17,96.28,97.46
26-05-2009,92.16,96.42,91.32,96.28
22-05-2009,92.66,94.07,91.93,92.16
21-05-2009,96.17,96.19,91.01,92.66
20-05-2009,94.48,98.71,94.48,96.17
19-05-2009,91.46,95.61,91.22,94.48
18-05-2009,88.41,91.48,88.41,91.46
15-05-2009,89.52,90.47,87.71,88.41
14-05-2009,87.55,90.08,86.62,89.52
13-05-2009,94.35,94.35,87.53,87.55
12-05-2009,96.31,97.34,93.38,94.35
11-05-2009,97.82,97.82,94.59,96.31
08-05-2009,95.03,98.39,94.91,97.82
07-05-2009,99.49,101.12,93.69,95.03
06-05-2009,97.77,100.22,97.77,99.49
05-05-2009,98.40,99.02,96.24,97.77
04-05-2009,91.62,98.41,91.62,98.40
01-05-2009,90.98,93.12,90.32,91.62
30-04-2009,88.45,93.35,88.45,90.98
29-04-2009,84.44,89.19,84.44,88.45
28-04-2009,84.43,85.28,82.92,84.44
27-04-2009,86.44,86.44,83.99,84.43
24-04-2009,84.93,86.88,84.81,86.44
23-04-2009,85.77,87.05,83.89,84.93
22-04-2009,84.06,88.50,83.04,85.77
21-04-2009,81.46,84.06,80.65,84.06
20-04-2009,87.88,87.88,81.22,81.46
17-04-2009,88.31,89.09,87.16,87.88
16-04-2009,85.90,88.91,85.90,88.31
15-04-2009,85.78,86.47,84.62,85.90
14-04-2009,86.75,88.08,85.29,85.78
13-04-2009,86.82,87.06,84.29,86.75
09-04-2009,81.47,86.82,81.47,86.82
08-04-2009,79.43,81.47,79.35,81.47
07-04-2009,84.11,84.11,79.31,79.43
06-04-2009,84.56,84.56,82.17,84.11
03-04-2009,83.17,84.56,81.65,84.56
02-04-2009,82.18,84.81,82.18,83.17
01-04-2009,77.46,80.08,75.49,79.88
31-03-2009,76.81,79.94,75.45,77.46
30-03-2009,81.75,81.75,75.46,76.81
27-03-2009,82.68,83.00,79.36,81.75
26-03-2009,74.26,82.68,74.26,82.68
25-03-2009,72.91,76.00,71.38,74.26
24-03-2009,74.32,74.48,72.57,72.91
23-03-2009,68.34,74.32,68.34,74.32
20-03-2009,71.82,72.20,68.26,68.34
19-03-2009,70.34,72.34,70.32,71.82
18-03-2009,68.73,70.76,67.60,70.34
17-03-2009,67.90,68.73,65.37,68.73
16-03-2009,69.23,70.39,67.63,67.90
13-03-2009,68.22,69.49,67.97,69.23
12-03-2009,65.02,68.36,63.92,68.22
11-03-2009,64.57,67.09,63.96,65.02
10-03-2009,58.74,64.57,58.74,64.57
09-03-2009,59.95,61.28,58.60,58.74
06-03-2009,59.89,61.42,58.41,59.95
05-03-2009,63.73,63.73,59.63,59.89
04-03-2009,60.72,64.50,60.72,63.73
03-03-2009,60.89,62.18,60.17,60.72
02-03-2009,66.14,66.14,60.86,60.89
27-02-2009,67.79,67.79,65.92,66.14
26-02-2009,69.00,70.36,67.26,67.79
25-02-2009,71.20,71.20,67.83,69.00
24-02-2009,65.95,71.20,65.95,71.20
23-02-2009,70.75,72.27,65.95,65.95
20-02-2009,72.70,72.70,69.05,70.75
19-02-2009,74.71,76.32,72.39,72.70
18-02-2009,76.27,76.82,74.57,74.71
17-02-2009,81.27,81.27,76.01,76.27
13-02-2009,80.63,82.26,80.63,81.27
12-02-2009,80.22,80.72,78.05,80.63
11-02-2009,81.04,82.41,78.87,80.22
10-02-2009,85.10,86.55,80.81,81.04
09-02-2009,84.43,86.25,84.26,85.10
06-02-2009,82.08,84.51,81.93,84.43
05-02-2009,80.78,82.72,79.49,82.08
04-02-2009,80.14,82.76,80.10,80.78
03-02-2009,78.66,80.42,78.66,80.14
02-02-2009,79.45,79.45,77.15,78.66
30-01-2009,79.99,82.01,78.93,79.45
29-01-2009,82.75,82.75,79.57,79.99
28-01-2009,79.45,83.12,79.45,82.75
27-01-2009,78.13,79.85,78.13,79.45
26-01-2009,76.99,80.18,76.99,78.13
23-01-2009,75.77,78.39,73.87,76.99
22-01-2009,79.59,79.59,74.70,75.77
21-01-2009,76.65,79.59,75.88,79.59
20-01-2009,82.78,82.78,76.65,76.65
16-01-2009,82.49,85.34,79.90,82.78
15-01-2009,79.47,83.21,76.39,82.49
14-01-2009,84.64,84.64,78.82,79.47
13-01-2009,85.59,86.17,83.34,84.64
12-01-2009,90.59,90.66,84.89,85.59
09-01-2009,92.10,93.38,89.44,90.59
08-01-2009,89.38,92.12,88.10,92.10
07-01-2009,95.33,95.33,88.46,89.38
06-01-2009,92.98,96.62,92.92,95.33
05-01-2009,91.59,94.98,90.65,92.98
02-01-2009,86.36,92.48,86.36,91.59
31-12-2008,84.81,87.57,84.81,86.36
30-12-2008,85.41,85.94,84.40,84.81
29-12-2008,87.99,88.44,83.93,85.41
26-12-2008,86.42,87.99,86.24,87.99
24-12-2008,86.48,86.48,85.48,86.42
23-12-2008,86.67,88.64,85.98,86.48
22-12-2008,90.03,90.03,84.46,86.67
19-12-2008,87.70,91.21,87.70,90.03
18-12-2008,89.63,90.53,86.17,87.70
17-12-2008,88.46,90.88,86.55,89.63
16-12-2008,82.85,88.46,82.85,88.46
15-12-2008,86.48,87.39,82.18,82.85
12-12-2008,83.80,86.48,81.12,86.48
11-12-2008,86.60,88.78,83.04,83.80
10-12-2008,84.38,87.46,84.38,86.60
09-12-2008,89.57,90.40,84.09,84.38
08-12-2008,82.46,89.57,82.46,89.57
05-12-2008,78.63,82.47,75.53,82.46
04-12-2008,82.86,83.97,77.56,78.63
03-12-2008,80.18,83.18,78.00,82.86
02-12-2008,75.42,80.18,75.42,80.18
01-12-2008,87.16,87.16,75.17,75.42
28-11-2008,86.47,87.18,85.23,87.16
26-11-2008,79.74,86.47,77.56,86.47
25-11-2008,76.62,79.76,74.45,79.74
24-11-2008,68.46,77.62,68.46,76.62
21-11-2008,64.36,68.46,63.33,68.46
20-11-2008,72.14,72.14,64.20,64.36
19-11-2008,80.31,80.31,72.12,72.30
18-11-2008,82.15,82.92,77.65,80.31
17-11-2008,83.34,84.74,81.83,82.15
14-11-2008,90.04,90.04,83.33,83.34
13-11-2008,81.36,90.04,78.06,90.04
12-11-2008,90.63,90.63,81.35,81.36
11-11-2008,95.63,95.63,89.07,90.63
10-11-2008,100.19,103.43,94.83,95.63
07-11-2008,95.43,101.47,95.43,100.19
06-11-2008,102.97,102.97,95.43,95.43
05-11-2008,114.14,114.14,102.79,102.97
04-11-2008,106.51,114.14,106.51,114.14
03-11-2008,101.98,107.39,101.98,106.51
31-10-2008,97.55,102.24,95.80,102.20
30-10-2008,92.21,97.55,92.21,97.55
29-10-2008,89.64,94.12,89.42,92.21
28-10-2008,84.69,89.66,81.48,89.64
27-10-2008,90.40,90.66,84.56,84.69
24-10-2008,95.95,95.95,88.25,90.40
23-10-2008,100.08,101.69,92.07,95.95
22-10-2008,108.43,108.50,97.63,100.08
21-10-2008,114.72,114.72,108.42,108.43
20-10-2008,108.20,114.81,108.20,114.72
17-10-2008,107.74,112.26,103.32,108.20
16-10-2008,101.00,107.85,96.83,107.74
15-10-2008,114.36,114.36,101.00,101.00
14-10-2008,120.61,125.99,112.03,114.36
13-10-2008,104.31,120.61,104.31,120.61
10-10-2008,101.23,104.46,91.84,104.31
09-10-2008,107.76,113.15,101.01,101.23
08-10-2008,112.65,114.05,103.97,107.76
07-10-2008,125.02,125.06,111.18,112.65
06-10-2008,134.64,134.64,116.32,125.02
03-10-2008,138.92,145.12,134.40,134.64
02-10-2008,151.89,151.90,138.91,138.92
01-10-2008,150.43,153.26,149.74,151.89
30-09-2008,154.10,154.10,147.29,150.43
29-09-2008,165.24,165.24,146.85,154.10
26-09-2008,169.50,169.50,161.83,165.24
25-09-2008,166.44,171.51,166.41,169.50
24-09-2008,167.07,171.19,166.25,166.44
23-09-2008,172.13,172.13,165.81,167.07
22-09-2008,179.20,179.20,172.05,172.13
19-09-2008,167.04,179.20,167.04,179.20
18-09-2008,155.27,167.04,153.35,167.04
17-09-2008,164.11,164.11,152.49,155.27
16-09-2008,159.53,164.11,152.31,164.11
15-09-2008,170.33,170.33,159.26,159.53
12-09-2008,166.16,171.35,165.49,170.33
11-09-2008,167.10,167.81,160.73,166.16
10-09-2008,165.37,167.85,162.54,167.10
09-09-2008,180.13,180.13,165.33,165.37
08-09-2008,182.20,187.83,177.65,180.13
05-09-2008,182.35,183.49,176.88,182.20
04-09-2008,189.53,190.36,181.01,182.35
03-09-2008,193.06,194.30,188.79,189.53
02-09-2008,200.10,201.14,192.03,193.06
29-08-2008,202.12,202.12,199.59,200.10
28-08-2008,200.08,202.12,199.20,202.12
27-08-2008,197.14,200.92,196.88,200.08
26-08-2008,199.21,199.97,195.82,197.14
25-08-2008,203.00,203.20,198.65,199.21
22-08-2008,200.12,203.21,200.12,203.00
21-08-2008,199.28,201.09,198.13,200.12
20-08-2008,195.48,199.34,195.48,199.28
19-08-2008,197.26,197.26,194.46,195.48
18-08-2008,200.45,202.48,196.36,197.26
15-08-2008,200.03,204.53,199.78,200.45
14-08-2008,199.31,200.53,197.44,200.03
13-08-2008,194.45,199.31,193.46,199.31
12-08-2008,193.70,195.50,192.98,194.45
11-08-2008,191.95,194.46,190.92,193.70
08-08-2008,190.18,191.95,188.41,191.95
07-08-2008,191.22,192.00,189.29,190.18
06-08-2008,188.68,192.07,187.99,191.22
05-08-2008,186.80,188.69,184.16,188.68
04-08-2008,193.46,193.80,186.50,186.80
01-08-2008,196.28,196.29,192.03,193.46
31-07-2008,199.99,201.01,195.82,196.28
30-07-2008,198.62,200.85,197.22,199.99
29-07-2008,191.58,199.00,191.58,198.62
28-07-2008,195.97,196.52,191.44,191.58
25-07-2008,193.06,197.26,192.91,195.97
24-07-2008,200.35,200.94,192.52,193.06
23-07-2008,202.04,203.16,199.81,200.34
22-07-2008,200.74,202.04,197.65,202.04
21-07-2008,198.80,200.86,198.64,200.74
18-07-2008,197.18,197.64,195.28,197.64
17-07-2008,197.30,198.61,195.02,197.18
16-07-2008,189.27,197.30,189.18,197.26
15-07-2008,189.04,192.19,183.43,189.27
14-07-2008,187.56,190.84,186.95,189.04
11-07-2008,186.14,188.45,180.41,187.56
10-07-2008,182.94,187.17,181.99,186.14
09-07-2008,185.93,189.83,182.84,182.94
08-07-2008,183.52,185.98,179.41,185.93
07-07-2008,185.90,190.25,181.50,183.52
03-07-2008,189.15,189.15,181.25,185.90
02-07-2008,198.10,198.81,185.14,189.15
01-07-2008,203.55,203.55,193.66,198.10
30-06-2008,207.84,208.32,203.09,203.55
27-06-2008,211.31,211.31,204.55,207.84
26-06-2008,220.01,220.01,210.46,211.31
25-06-2008,219.45,221.14,217.99,220.01
24-06-2008,224.54,224.54,218.55,219.45
23-06-2008,224.89,228.86,224.31,224.54
20-06-2008,231.45,231.45,223.12,224.89
19-06-2008,227.32,232.57,226.41,231.45
18-06-2008,228.89,228.89,224.27,227.32
17-06-2008,228.97,232.68,228.33,228.89
16-06-2008,221.36,229.21,221.36,228.97
13-06-2008,214.98,221.36,214.98,221.36
12-06-2008,217.20,221.00,214.37,214.98
11-06-2008,218.73,221.01,216.83,217.20
10-06-2008,222.28,222.28,216.90,218.73
09-06-2008,227.58,229.41,219.91,222.28
06-06-2008,233.91,235.63,227.43,227.58
05-06-2008,226.31,233.91,226.31,233.91
04-06-2008,228.72,229.28,225.34,226.31
03-06-2008,229.52,232.36,226.04,228.72
02-06-2008,234.06,234.06,226.53,229.52
30-05-2008,228.49,234.81,228.49,234.06
29-05-2008,233.78,233.78,227.65,228.49
28-05-2008,229.50,233.83,227.01,233.78
27-05-2008,229.71,230.27,224.92,229.50
23-05-2008,229.41,230.60,226.13,229.71
22-05-2008,232.19,236.36,228.09,229.41
21-05-2008,237.79,241.32,231.29,232.19
20-05-2008,240.76,240.76,233.05,237.79
19-05-2008,238.93,249.22,238.76,240.76
16-05-2008,236.51,238.95,235.55,238.93
15-05-2008,232.00,236.92,231.33,236.51
14-05-2008,226.25,236.80,226.25,232.00
13-05-2008,221.17,227.20,221.17,226.25
12-05-2008,219.48,221.87,217.99,221.17
09-05-2008,219.90,219.90,217.21,219.48
08-05-2008,216.33,220.66,216.33,219.90
07-05-2008,221.20,223.11,209.85,216.33
06-05-2008,216.55,222.31,215.70,221.20
05-05-2008,219.08,219.97,215.31,216.55
02-05-2008,216.95,220.47,216.95,219.08
01-05-2008,216.93,218.25,214.01,216.95
30-04-2008,217.97,221.79,215.81,216.93
29-04-2008,221.96,221.96,217.35,217.97
28-04-2008,221.36,223.51,221.36,221.96
25-04-2008,222.08,222.83,218.15,221.36
24-04-2008,222.79,223.73,216.84,222.08
23-04-2008,224.66,226.18,222.03,222.79
22-04-2008,229.29,230.34,222.63,224.66
21-04-2008,225.83,229.64,225.82,229.30
18-04-2008,222.77,226.42,217.04,225.83
17-04-2008,226.51,227.63,220.31,222.77
16-04-2008,217.81,226.53,217.81,226.51
15-04-2008,214.30,217.82,213.60,217.81
14-04-2008,213.52,215.90,209.79,214.30
11-04-2008,217.79,217.79,212.43,213.52
10-04-2008,216.00,219.85,213.56,217.79
09-04-2008,219.28,220.34,215.51,216.00
08-04-2008,218.90,221.82,216.39,219.28
07-04-2008,224.15,228.60,217.22,218.90
04-04-2008,216.97,224.16,216.97,224.15
03-04-2008,216.60,218.21,213.50,216.97
02-04-2008,208.00,216.83,207.95,216.60
01-04-2008,203.56,208.11,203.56,208.00
31-03-2008,204.30,206.30,202.28,203.56
28-03-2008,205.14,208.90,203.39,204.30
27-03-2008,207.14,209.56,205.10,205.14
26-03-2008,207.44,208.47,202.03,207.12
25-03-2008,204.10,208.00,203.65,207.44
24-03-2008,196.87,205.85,196.87,204.10
20-03-2008,192.53,196.87,191.27,196.87
19-03-2008,199.77,201.53,192.51,192.53
18-03-2008,193.81,199.79,192.38,199.77
17-03-2008,201.25,201.25,190.55,193.81
14-03-2008,206.77,208.23,198.86,201.25
13-03-2008,203.73,207.22,196.45,206.77
12-03-2008,202.46,207.11,202.46,203.73
11-03-2008,193.21,202.46,193.21,202.46
10-03-2008,201.79,203.00,192.99,193.21
07-03-2008,206.63,207.62,199.42,201.79
06-03-2008,214.27,214.36,206.59,206.63
05-03-2008,210.03,216.32,210.03,214.27
04-03-2008,211.60,212.31,206.57,210.03
03-03-2008,212.22,214.41,208.95,211.60
29-02-2008,218.44,218.44,210.93,212.22
28-02-2008,221.13,222.63,218.23,218.44
27-02-2008,224.01,224.81,220.10,221.13
26-02-2008,221.97,226.29,219.99,224.01
25-02-2008,217.88,222.33,216.52,221.97
22-02-2008,220.16,221.53,214.74,217.88
21-02-2008,223.87,227.19,219.82,220.16
20-02-2008,223.04,223.89,217.40,223.87
19-02-2008,224.39,228.18,222.10,223.04
15-02-2008,230.71,230.71,222.33,224.39
14-02-2008,235.71,237.45,229.57,230.71
13-02-2008,221.73,236.14,221.73,235.71
12-02-2008,225.56,228.85,219.57,221.73
11-02-2008,217.95,227.12,217.95,225.56
08-02-2008,217.16,220.90,216.54,217.95
07-02-2008,214.24,221.23,210.22,217.16
06-02-2008,221.73,223.74,214.14,214.24
05-02-2008,233.38,233.38,221.60,221.73
04-02-2008,232.41,236.21,231.82,233.38
01-02-2008,226.22,232.44,226.22,232.41
31-01-2008,224.72,227.58,220.45,226.22
30-01-2008,228.76,230.84,224.18,224.72
29-01-2008,225.94,230.50,224.95,228.76
28-01-2008,223.40,226.29,219.25,225.94
25-01-2008,223.13,231.73,222.68,223.40
24-01-2008,219.07,224.84,218.28,223.13
23-01-2008,219.93,219.93,204.82,219.07
22-01-2008,221.71,222.79,203.71,219.93
18-01-2008,224.06,227.17,217.55,221.71
17-01-2008,233.92,238.51,223.10,224.06
16-01-2008,239.51,239.51,226.35,233.92
15-01-2008,255.03,255.03,237.86,239.51
14-01-2008,251.45,256.26,251.03,255.03
11-01-2008,259.20,259.75,249.64,251.45
10-01-2008,260.23,261.45,252.54,259.20
09-01-2008,261.20,262.76,247.73,260.23
08-01-2008,265.79,271.46,261.08,261.20
07-01-2008,273.84,276.38,261.89,265.79
04-01-2008,287.46,287.46,273.38,273.84
03-01-2008,286.03,291.88,285.01,287.46
02-01-2008,288.21,290.99,281.96,286.03
31-12-2007,291.84,291.84,285.53,288.21
28-12-2007,293.53,296.82,289.76,291.84
27-12-2007,297.05,299.66,292.60,293.53
26-12-2007,288.36,297.45,288.36,297.05
24-12-2007,283.73,289.09,282.83,288.36
21-12-2007,276.13,283.73,276.13,283.73
20-12-2007,272.28,276.13,269.90,276.13
19-12-2007,268.52,273.26,268.05,272.28
18-12-2007,258.23,268.99,257.51,268.52
17-12-2007,271.24,272.22,258.03,258.23
14-12-2007,267.04,274.60,266.80,271.24
13-12-2007,265.27,267.77,261.22,267.04
12-12-2007,258.15,267.76,258.15,265.27
11-12-2007,267.87,270.09,256.63,258.15
10-12-2007,263.68,268.95,263.68,267.87
07-12-2007,255.49,263.68,255.49,263.68
06-12-2007,251.39,255.49,249.89,255.49
05-12-2007,245.07,253.53,245.07,251.39
04-12-2007,245.93,247.60,242.59,245.07
03-12-2007,248.22,249.72,245.47,245.93
30-11-2007,248.44,255.42,246.54,248.22
29-11-2007,240.99,250.83,240.48,248.44
28-11-2007,229.01,241.40,229.01,240.99
27-11-2007,229.37,232.12,225.34,229.01
26-11-2007,231.78,236.89,229.23,229.37
23-11-2007,227.41,232.20,227.26,231.78
21-11-2007,231.87,231.87,222.77,227.41
20-11-2007,236.78,239.30,227.24,231.87
19-11-2007,246.46,246.46,236.29,236.78
16-11-2007,242.19,246.69,240.19,246.46
15-11-2007,244.77,248.65,239.71,242.19
14-11-2007,242.87,249.73,242.87,244.77
13-11-2007,235.33,244.62,235.33,242.87
12-11-2007,252.09,252.09,235.06,235.33
09-11-2007,265.90,265.90,251.43,252.09
08-11-2007,259.39,274.86,257.91,265.90
07-11-2007,264.39,265.31,258.92,259.39
06-11-2007,254.42,264.66,254.42,264.39
05-11-2007,255.40,256.33,252.48,254.42
02-11-2007,256.50,257.41,251.35,255.40
01-11-2007,268.79,268.79,255.57,256.50
31-10-2007,259.68,270.12,259.39,265.17
30-10-2007,264.95,271.48,259.03,260.98
29-10-2007,258.44,265.78,258.44,264.95
26-10-2007,249.67,259.02,249.67,258.44
25-10-2007,251.43,253.88,248.21,249.67
24-10-2007,253.05,253.05,245.06,251.43
23-10-2007,249.55,253.61,248.48,253.05
22-10-2007,245.77,250.01,242.39,249.55
19-10-2007,255.59,256.30,245.60,245.77
18-10-2007,251.82,255.59,248.67,255.59
17-10-2007,249.04,254.51,249.02,251.82
16-10-2007,250.34,250.41,241.24,249.04
15-10-2007,253.30,254.84,248.76,250.34
12-10-2007,250.40,253.30,250.40,253.30
11-10-2007,253.54,259.18,247.39,250.40
10-10-2007,252.20,253.61,250.44,253.54
09-10-2007,248.75,252.74,248.75,252.20
08-10-2007,251.57,251.57,247.18,248.75
05-10-2007,245.61,252.78,245.61,251.57
04-10-2007,245.13,246.68,242.78,245.61
03-10-2007,247.67,248.37,243.33,245.13
02-10-2007,244.92,247.94,244.92,247.67
01-10-2007,239.96,245.50,234.67,244.92
28-09-2007,241.13,241.98,236.96,239.96
27-09-2007,242.86,245.29,240.70,241.13
26-09-2007,239.22,243.94,239.22,242.86
25-09-2007,237.62,239.32,235.02,239.22
24-09-2007,236.53,242.18,235.97,237.62
21-09-2007,231.46,236.78,231.46,236.53
20-09-2007,230.27,231.69,229.30,231.46
19-09-2007,229.17,232.60,229.15,230.27
18-09-2007,219.33,229.25,219.27,229.17
17-09-2007,221.03,221.18,218.83,219.33
14-09-2007,220.41,221.14,218.56,221.03
13-09-2007,221.89,223.40,220.33,220.41
12-09-2007,225.06,226.37,221.52,221.89
11-09-2007,220.13,225.07,220.13,225.06
10-09-2007,220.49,223.43,215.67,220.13
07-09-2007,226.80,226.80,219.49,220.49
06-09-2007,225.47,228.26,224.56,226.80
05-09-2007,228.95,228.95,224.23,225.47
04-09-2007,223.70,230.06,223.70,228.95
31-08-2007,219.29,224.90,219.29,223.70
30-08-2007,217.07,221.89,215.66,219.29
29-08-2007,210.27,217.11,210.27,217.07
28-08-2007,217.09,217.09,209.81,210.27
27-08-2007,220.28,220.28,216.68,217.09
24-08-2007,217.67,220.28,215.88,220.28
23-08-2007,221.32,223.40,216.43,217.67
22-08-2007,218.75,222.39,218.75,221.32
21-08-2007,219.72,220.46,217.90,218.75
20-08-2007,216.38,220.48,216.22,219.72
17-08-2007,211.34,220.53,211.34,216.38
16-08-2007,215.97,215.97,200.35,211.34
15-08-2007,221.30,222.01,215.19,215.97
14-08-2007,229.13,230.42,221.05,221.30
13-08-2007,235.69,238.52,228.95,229.13
10-08-2007,246.78,246.78,232.67,235.69
09-08-2007,245.75,249.68,238.66,246.78
08-08-2007,231.52,249.57,231.52,245.75
07-08-2007,219.98,232.37,218.21,231.52
06-08-2007,217.41,220.37,211.84,219.98
03-08-2007,225.80,225.80,217.23,217.41
02-08-2007,225.94,227.33,222.12,225.80
01-08-2007,227.13,227.16,221.76,225.94
31-07-2007,230.55,234.12,226.70,227.13
30-07-2007,223.77,230.58,223.77,230.55
27-07-2007,225.78,225.86,221.51,223.77
26-07-2007,230.84,230.84,222.66,225.78
25-07-2007,230.77,233.87,227.01,230.84
24-07-2007,235.73,237.07,229.82,230.77
23-07-2007,234.60,236.83,234.60,235.73
20-07-2007,238.18,238.18,232.44,234.60
19-07-2007,235.99,238.83,235.99,238.18
18-07-2007,236.24,236.24,232.45,235.99
17-07-2007,238.73,240.78,235.90,236.24
16-07-2007,241.17,242.37,237.90,238.73
13-07-2007,239.64,241.34,238.31,241.17
12-07-2007,234.81,239.64,234.81,239.64
11-07-2007,235.22,235.71,232.85,234.81
10-07-2007,237.09,237.09,233.33,235.22
09-07-2007,228.28,237.25,228.28,237.09
06-07-2007,225.74,228.44,225.71,228.28
05-07-2007,226.30,227.21,223.56,225.50
03-07-2007,223.72,226.39,223.72,226.30
02-07-2007,216.96,223.72,216.96,223.72
29-06-2007,217.87,220.28,215.22,216.96
28-06-2007,216.22,218.77,216.22,217.87
27-06-2007,211.74,216.23,210.34,216.22
26-06-2007,211.93,213.55,210.54,211.74
25-06-2007,213.50,214.87,210.96,211.93
22-06-2007,212.82,214.92,212.08,213.50
21-06-2007,210.81,212.89,205.80,212.82
20-06-2007,212.08,213.78,210.17,210.17
19-06-2007,210.07,212.39,210.07,212.08
18-06-2007,210.15,211.45,209.05,210.07
15-06-2007,208.44,211.48,208.44,210.15
14-06-2007,204.87,208.85,204.87,208.44
13-06-2007,200.80,205.03,200.80,204.87
12-06-2007,203.37,203.37,200.12,200.80
11-06-2007,203.67,204.72,202.35,203.37
08-06-2007,201.13,203.77,200.57,203.67
07-06-2007,206.35,206.35,200.77,201.13
06-06-2007,209.46,209.46,205.19,206.35
05-06-2007,208.35,209.58,206.66,209.46
04-06-2007,208.06,208.81,206.89,208.35
01-06-2007,205.71,208.49,205.71,208.06
31-05-2007,205.22,206.39,205.04,205.71
30-05-2007,204.51,205.23,202.24,205.22
29-05-2007,203.85,205.77,203.75,204.51
25-05-2007,199.96,203.88,199.96,203.85
24-05-2007,203.80,205.56,199.40,199.96
23-05-2007,205.65,207.49,203.60,203.80
22-05-2007,203.52,206.39,203.52,205.65
21-05-2007,188.26,204.43,188.26,203.52
18-05-2007,197.87,199.35,196.81,199.35
17-05-2007,199.13,199.13,196.82,197.88
16-05-2007,198.85,199.70,196.59,199.13
15-05-2007,201.58,202.68,198.85,198.85
14-05-2007,203.22,204.29,200.93,201.58
11-05-2007,200.32,203.23,200.32,203.22
10-05-2007,204.54,204.70,200.17,200.32
09-05-2007,204.32,204.77,203.27,204.54
08-05-2007,205.68,205.68,202.29,204.32
07-05-2007,206.58,207.51,205.35,205.68
04-05-2007,204.23,206.77,204.23,206.58
03-05-2007,202.63,204.64,201.81,204.23
02-05-2007,199.81,203.19,199.76,202.63
01-05-2007,202.01,202.01,197.35,199.81
30-04-2007,207.76,208.01,201.89,202.01
27-04-2007,210.61,210.61,207.45,207.76
26-04-2007,210.19,210.94,208.01,210.61
25-04-2007,208.67,210.69,208.55,210.19
24-04-2007,207.53,209.09,206.68,208.67
23-04-2007,206.60,208.40,206.60,207.53
20-04-2007,205.40,207.80,205.11,206.60
19-04-2007,207.40,207.40,205.04,205.40
18-04-2007,208.67,208.67,206.51,207.40
17-04-2007,209.62,210.65,208.45,208.67
16-04-2007,206.12,209.62,206.12,209.62
13-04-2007,205.12,206.12,204.38,206.12
12-04-2007,201.85,205.12,200.84,205.10
11-04-2007,203.20,203.90,201.31,201.85
10-04-2007,202.17,203.85,202.17,203.20
09-04-2007,202.49,203.46,201.75,202.17
05-04-2007,202.88,203.35,202.36,202.49
04-04-2007,199.96,203.06,199.96,202.88
03-04-2007,197.98,200.53,197.98,199.96
02-04-2007,197.43,198.36,196.35,197.98
30-03-2007,198.88,200.45,196.56,197.43
29-03-2007,198.07,200.73,197.32,198.88
28-03-2007,199.07,199.30,196.91,198.07
27-03-2007,198.92,200.21,198.24,199.07
26-03-2007,198.28,199.42,196.28,198.92
23-03-2007,196.75,198.49,196.75,198.28
22-03-2007,194.14,197.54,194.14,196.75
21-03-2007,190.09,194.63,190.09,194.14
20-03-2007,190.04,190.32,189.38,190.09
19-03-2007,187.16,189.67,187.16,188.03
16-03-2007,187.89,189.41,186.27,187.16
15-03-2007,187.24,188.67,187.07,187.89
14-03-2007,187.26,188.55,183.66,187.24
13-03-2007,194.22,194.22,186.97,187.26
12-03-2007,191.26,194.37,190.77,194.22
09-03-2007,190.09,192.78,190.09,191.26
08-03-2007,187.70,192.07,187.70,190.09
07-03-2007,187.31,189.42,187.31,187.70
06-03-2007,181.53,187.59,181.53,187.31
05-03-2007,186.81,186.81,181.51,181.53
02-03-2007,191.46,191.77,186.65,186.81
01-03-2007,193.21,193.21,186.74,191.46
28-02-2007,192.68,193.80,190.08,193.21
27-02-2007,204.55,204.55,191.36,192.68
26-02-2007,201.51,205.08,201.51,204.55
23-02-2007,200.45,201.97,199.93,201.51
22-02-2007,198.03,200.45,198.03,200.45
21-02-2007,196.73,198.08,196.09,198.03
20-02-2007,192.72,196.13,191.50,195.70
16-02-2007,191.96,192.73,190.54,192.72
15-02-2007,192.64,192.67,191.62,191.96
14-02-2007,188.92,193.09,188.92,192.65
13-02-2007,187.44,189.41,187.44,188.92
12-02-2007,188.51,189.59,186.87,187.44
09-02-2007,191.32,191.55,187.86,188.51
08-02-2007,191.25,191.32,189.49,191.32
07-02-2007,190.72,191.69,190.23,191.25
06-02-2007,188.93,191.12,188.93,190.72
05-02-2007,185.73,189.58,185.72,188.93
02-02-2007,186.05,186.69,185.43,185.73
01-02-2007,184.20,186.62,184.20,186.05
31-01-2007,184.58,184.95,182.74,184.20
30-01-2007,183.07,184.77,183.02,184.58
29-01-2007,180.34,183.07,180.00,183.07
26-01-2007,176.62,180.54,176.62,180.34
25-01-2007,180.12,180.65,176.41,176.62
24-01-2007,179.74,180.59,179.03,180.12
23-01-2007,176.85,182.08,176.85,179.74
22-01-2007,176.13,177.06,175.34,176.85
19-01-2007,175.63,176.23,174.28,176.13
18-01-2007,180.01,180.01,175.19,175.63
17-01-2007,180.69,181.14,179.92,180.01
16-01-2007,180.89,182.69,180.37,180.69
12-01-2007,179.42,180.96,178.89,180.89
11-01-2007,177.61,180.55,177.61,179.42
10-01-2007,178.17,178.17,176.68,177.61
09-01-2007,179.19,179.70,176.46,178.17
08-01-2007,178.34,179.62,177.59,179.19
05-01-2007,181.55,181.55,177.75,178.34
04-01-2007,180.72,182.03,178.82,181.55
03-01-2007,182.06,183.67,179.31,180.72
29-12-2006,183.41,183.41,181.74,182.06
28-12-2006,183.21,184.15,182.69,183.41
27-12-2006,181.79,183.35,181.79,183.21
26-12-2006,181.70,182.59,181.16,181.79
22-12-2006,182.70,182.70,181.52,181.70
21-12-2006,184.45,184.81,182.29,182.70
20-12-2006,182.61,185.74,182.61,184.45
19-12-2006,184.14,184.14,181.20,182.61
18-12-2006,187.20,188.03,183.96,184.14
15-12-2006,187.81,187.97,186.75,187.20
14-12-2006,185.77,188.30,185.77,187.81
13-12-2006,185.79,187.13,185.26,185.77
12-12-2006,188.34,188.74,185.11,185.79
11-12-2006,188.50,189.13,188.03,188.34
08-12-2006,188.81,189.40,187.63,188.50
07-12-2006,187.71,190.18,185.16,188.81
06-12-2006,191.76,192.34,190.72,191.56
05-12-2006,190.11,192.09,190.11,191.72
04-12-2006,187.91,190.42,187.88,190.11
01-12-2006,190.06,190.17,185.93,187.91
30-11-2006,189.89,190.84,189.16,190.06
29-11-2006,185.20,189.94,185.20,189.89
28-11-2006,184.48,185.34,183.26,185.20
27-11-2006,188.62,188.62,184.12,184.48
24-11-2006,189.14,189.19,188.09,188.62
22-11-2006,188.40,189.39,188.23,189.14
21-11-2006,187.86,188.55,187.56,188.40
20-11-2006,188.39,188.46,187.08,187.86
17-11-2006,190.33,190.33,187.45,188.39
16-11-2006,192.17,192.92,190.21,190.33
15-11-2006,189.07,192.27,188.97,192.17
14-11-2006,185.66,189.07,184.94,189.07
13-11-2006,184.03,185.66,183.63,185.66
10-11-2006,184.81,184.81,183.18,184.03
09-11-2006,185.74,186.78,183.95,184.82
08-11-2006,182.60,185.75,181.17,185.74
07-11-2006,181.48,183.78,181.48,182.60
06-11-2006,179.08,181.79,179.08,181.48
03-11-2006,180.25,181.42,178.25,179.08
02-11-2006,182.58,182.58,180.21,180.25
01-11-2006,187.15,188.19,182.21,182.58
31-10-2006,187.53,188.30,186.29,187.15
30-10-2006,185.84,187.53,185.39,187.53
27-10-2006,188.91,188.91,185.71,185.84
26-10-2006,186.95,188.99,186.67,188.91
25-10-2006,184.52,187.02,184.52,186.95
24-10-2006,185.55,185.59,183.85,184.52
23-10-2006,185.29,187.37,184.27,185.55
20-10-2006,187.22,187.96,184.99,185.29
19-10-2006,187.08,187.92,185.29,187.22
18-10-2006,189.48,191.10,186.84,187.08
17-10-2006,192.41,192.41,188.32,189.48
16-10-2006,188.47,192.50,188.47,192.41
13-10-2006,185.95,188.60,185.95,188.47
12-10-2006,182.54,185.96,182.54,185.95
11-10-2006,182.32,184.92,177.10,182.54
10-10-2006,179.90,182.57,179.90,182.53
09-10-2006,177.53,180.49,177.42,179.90
06-10-2006,179.64,179.64,176.97,177.53
05-10-2006,176.70,179.77,176.70,179.64
04-10-2006,172.37,176.77,172.37,176.70
03-10-2006,175.19,175.19,172.16,172.37
02-10-2006,176.32,177.55,175.05,175.19
29-09-2006,178.27,178.66,176.21,176.32
28-09-2006,176.59,178.92,175.93,178.27
27-09-2006,175.14,177.15,175.14,176.59
26-09-2006,174.48,176.24,173.84,175.14
25-09-2006,174.26,174.92,171.57,174.48
22-09-2006,176.67,176.67,172.78,174.26
21-09-2006,180.37,180.76,176.42,176.67
20-09-2006,181.25,183.37,180.19,180.37
19-09-2006,184.39,184.51,179.22,181.25
18-09-2006,184.44,185.98,183.84,184.39
15-09-2006,185.66,186.87,183.51,184.44
14-09-2006,186.82,187.06,185.07,185.66
13-09-2006,183.89,187.00,183.89,186.82
12-09-2006,181.07,184.31,181.07,183.89
11-09-2006,185.03,185.03,181.03,181.07
08-09-2006,185.60,186.84,184.74,185.03
07-09-2006,186.59,187.17,184.71,185.60
06-09-2006,193.37,193.37,186.53,186.59
05-09-2006,192.55,193.56,191.68,193.37
01-09-2006,192.80,193.68,191.55,192.55
31-08-2006,192.17,193.67,192.17,192.80
30-08-2006,188.96,192.36,188.96,192.17
29-08-2006,187.42,188.99,186.13,188.96
28-08-2006,186.49,187.61,186.25,187.42
25-08-2006,185.40,187.00,182.72,186.49
24-08-2006,185.05,186.20,184.01,185.40
23-08-2006,187.23,188.68,184.88,184.96
22-08-2006,185.63,187.90,185.25,187.23
21-08-2006,187.76,187.76,185.21,185.63
18-08-2006,187.47,187.86,185.46,187.76
17-08-2006,186.44,188.99,185.46,187.47
16-08-2006,181.39,186.61,181.39,186.44
15-08-2006,176.17,181.39,176.17,181.39
14-08-2006,177.80,179.44,176.03,176.17
11-08-2006,180.08,180.08,177.31,177.80
10-08-2006,180.25,180.32,178.41,180.08
09-08-2006,181.80,184.70,180.08,180.25
08-08-2006,185.33,186.45,181.68,181.80
07-08-2006,186.05,186.07,184.26,185.33
04-08-2006,189.12,191.65,185.01,186.05
03-08-2006,187.63,189.38,185.49,189.12
02-08-2006,183.79,188.84,183.79,187.67
01-08-2006,186.38,186.38,182.35,183.79
31-07-2006,185.59,186.56,183.80,186.38
28-07-2006,183.49,185.59,183.03,185.59
27-07-2006,186.05,189.45,183.16,183.49
26-07-2006,186.91,187.51,183.85,186.05
25-07-2006,183.83,187.10,183.18,186.91
24-07-2006,178.85,183.83,178.85,183.83
21-07-2006,183.49,183.92,178.05,178.85
20-07-2006,187.94,190.79,183.37,183.49
19-07-2006,180.15,188.30,180.15,187.94
18-07-2006,180.98,182.66,176.78,180.15
17-07-2006,182.97,184.00,180.68,180.98
14-07-2006,184.13,185.19,180.82,182.97
13-07-2006,190.85,190.85,183.64,184.13
12-07-2006,194.90,194.94,190.72,190.85
11-07-2006,193.43,194.91,189.65,194.90
10-07-2006,195.92,198.12,192.90,193.43
07-07-2006,202.20,202.20,195.85,195.92
06-07-2006,201.80,204.63,201.32,202.20
05-07-2006,204.05,204.05,199.44,201.80
03-07-2006,201.25,204.06,201.25,204.05
30-06-2006,197.02,201.47,197.02,201.25
29-06-2006,194.24,199.12,194.24,197.02
28-06-2006,196.08,196.48,192.95,194.24
27-06-2006,200.68,201.50,195.14,196.08
26-06-2006,200.29,201.42,198.67,200.68
23-06-2006,199.64,201.58,198.62,200.29
22-06-2006,201.10,202.01,199.12,199.64
21-06-2006,194.03,202.31,194.03,201.10
20-06-2006,193.68,196.19,192.81,194.03
19-06-2006,199.01,200.74,193.02,193.68
16-06-2006,202.26,202.26,199.01,199.01
15-06-2006,190.56,203.34,190.56,202.26
14-06-2006,189.11,191.59,187.62,190.56
13-06-2006,196.29,196.29,186.74,189.10
12-06-2006,206.75,207.24,196.07,196.29
09-06-2006,207.69,212.53,206.30,206.71
08-06-2006,213.36,213.36,200.48,207.69
07-06-2006,216.44,218.83,213.26,213.36
06-06-2006,220.41,221.58,214.53,216.44
05-06-2006,226.68,228.22,220.22,220.41
02-06-2006,224.80,228.40,224.80,226.68
01-06-2006,220.15,224.85,219.61,224.80
31-05-2006,217.30,220.17,216.67,220.15
30-05-2006,222.36,224.00,217.07,217.30
26-05-2006,219.77,222.95,219.71,222.36
25-05-2006,211.06,219.79,211.06,219.77
24-05-2006,213.19,213.19,206.54,211.06
23-05-2006,208.01,218.10,208.01,213.19
22-05-2006,217.90,217.90,204.96,208.01
19-05-2006,219.09,219.78,214.36,217.90
18-05-2006,220.43,225.43,218.72,219.09
17-05-2006,227.65,227.65,219.71,220.43
16-05-2006,227.76,230.97,223.27,227.65
15-05-2006,237.80,237.80,220.48,227.53
12-05-2006,247.60,247.60,237.21,237.80
11-05-2006,253.02,256.18,247.50,247.60
10-05-2006,254.29,254.29,251.30,253.02
09-05-2006,254.40,255.99,253.52,254.29
08-05-2006,251.17,254.41,250.77,254.40
05-05-2006,249.53,251.64,249.53,251.17
04-05-2006,248.58,250.13,247.20,249.53
03-05-2006,245.61,248.65,245.07,248.58
02-05-2006,240.94,245.61,240.94,245.61
01-05-2006,239.16,242.78,239.16,240.94
28-04-2006,241.09,242.19,238.23,239.16
27-04-2006,245.81,245.81,240.53,241.09
26-04-2006,248.35,248.75,245.10,245.81
25-04-2006,249.29,251.77,246.48,248.35
24-04-2006,244.22,249.92,243.86,249.29
21-04-2006,246.48,247.20,242.98,244.22
20-04-2006,249.12,249.19,243.74,246.48
19-04-2006,241.50,249.12,241.50,249.12
18-04-2006,233.31,241.50,233.31,241.50
17-04-2006,228.45,234.97,228.45,233.31
13-04-2006,225.09,228.78,225.09,228.45
12-04-2006,223.03,225.09,222.33,225.09
11-04-2006,224.86,228.66,222.67,223.03
10-04-2006,226.67,227.56,223.86,224.86
07-04-2006,227.91,229.50,226.23,226.67
06-04-2006,228.60,229.21,226.84,227.91
05-04-2006,225.58,228.75,224.67,228.60
04-04-2006,226.43,226.51,224.04,225.58
03-04-2006,227.14,228.66,226.06,226.43
31-03-2006,226.97,227.14,224.98,227.14
30-03-2006,225.06,226.97,223.49,226.97
29-03-2006,220.18,225.16,220.18,225.06
28-03-2006,220.64,222.33,218.87,220.18
27-03-2006,218.25,221.00,218.11,220.64
24-03-2006,214.66,218.32,214.66,218.25
23-03-2006,213.94,214.66,212.78,214.66
22-03-2006,211.24,214.12,211.19,213.94
21-03-2006,212.72,215.05,211.07,211.24
20-03-2006,213.26,214.44,212.18,212.72
17-03-2006,214.27,214.87,212.94,213.26
16-03-2006,213.43,216.09,213.43,214.27
15-03-2006,210.72,213.97,210.72,213.43
14-03-2006,208.74,210.74,208.44,210.72
13-03-2006,206.72,209.82,206.72,208.74
10-03-2006,206.40,207.43,205.28,206.72
09-03-2006,205.36,208.52,205.36,206.40
08-03-2006,210.92,210.92,204.66,205.36
07-03-2006,217.07,217.07,210.13,210.92
06-03-2006,220.54,221.93,216.66,217.07
03-03-2006,222.24,222.89,220.44,220.54
02-03-2006,222.28,222.79,220.06,222.24
01-03-2006,218.78,222.29,218.78,222.28
28-02-2006,222.95,223.09,218.29,218.78
27-02-2006,219.11,223.53,219.11,222.95
24-02-2006,214.84,219.11,214.84,219.11
23-02-2006,214.04,215.57,212.75,214.84
22-02-2006,213.99,214.82,211.65,214.04
21-02-2006,212.14,216.53,212.14,213.99
17-02-2006,212.10,212.88,210.65,212.14
16-02-2006,211.78,213.33,210.57,212.10
15-02-2006,208.98,211.98,208.98,211.78
14-02-2006,210.41,210.77,207.74,208.98
13-02-2006,210.73,211.36,209.34,210.41
10-02-2006,211.76,212.68,207.58,210.73
09-02-2006,212.42,214.91,211.36,211.76
08-02-2006,209.46,212.89,208.30,212.42
07-02-2006,215.81,216.22,209.17,209.46
06-02-2006,213.67,215.91,213.60,215.81
03-02-2006,213.60,213.85,211.46,213.67
02-02-2006,214.17,216.64,210.60,213.60
01-02-2006,219.14,220.22,213.67,214.17
31-01-2006,214.67,219.17,214.37,219.14
30-01-2006,206.33,214.82,206.33,214.67
27-01-2006,206.53,209.31,205.78,206.33
26-01-2006,200.12,206.54,200.12,206.53
25-01-2006,202.73,203.69,199.06,200.12
24-01-2006,200.42,204.29,200.42,202.73
23-01-2006,193.99,200.65,193.99,200.42
20-01-2006,196.45,197.60,193.86,193.99
19-01-2006,194.34,197.56,194.34,196.45
18-01-2006,192.49,194.38,188.95,194.34
17-01-2006,191.85,192.67,190.86,192.49
13-01-2006,191.51,192.35,189.59,191.85
12-01-2006,188.01,193.10,187.66,191.51
11-01-2006,184.66,188.04,184.05,188.01
10-01-2006,183.40,184.71,182.35,184.66
09-01-2006,181.81,184.46,181.81,183.40
06-01-2006,179.97,182.28,179.97,181.81
05-01-2006,179.16,180.21,179.01,179.97
04-01-2006,176.05,179.52,176.05,179.16
03-01-2006,172.97,176.36,172.39,176.05
30-12-2005,174.85,174.85,172.07,172.97
29-12-2005,175.52,175.71,174.42,174.85
28-12-2005,171.85,175.63,171.85,175.52
27-12-2005,174.82,175.44,171.29,171.85
23-12-2005,175.05,175.88,174.43,174.82
22-12-2005,173.98,175.16,173.46,175.05
21-12-2005,173.20,174.09,172.94,173.98
20-12-2005,173.43,174.51,172.63,173.20
19-12-2005,175.26,175.61,173.10,173.43
16-12-2005,177.32,178.77,175.13,175.26
15-12-2005,176.61,177.32,174.95,177.32
14-12-2005,176.77,177.69,176.37,176.61
13-12-2005,179.02,179.02,176.51,176.77
12-12-2005,177.60,179.10,177.55,179.02
09-12-2005,175.67,177.81,174.59,177.60
08-12-2005,174.97,176.42,174.37,175.67
07-12-2005,175.99,177.08,174.51,174.97
06-12-2005,176.53,178.15,175.93,175.99
05-12-2005,176.69,176.86,175.20,176.53
02-12-2005,177.36,177.59,175.29,176.69
01-12-2005,172.77,177.49,172.77,177.36
30-11-2005,172.34,173.22,172.13,172.77
29-11-2005,173.84,174.49,171.97,172.34
28-11-2005,175.70,175.94,173.61,173.84
25-11-2005,175.55,176.51,175.43,176.45
23-11-2005,175.03,176.51,174.90,175.74
22-11-2005,175.15,175.78,174.30,175.03
21-11-2005,172.93,175.28,172.93,175.15
18-11-2005,171.69,173.17,171.69,172.93
17-11-2005,169.79,172.15,169.78,171.69
16-11-2005,171.40,171.40,169.13,169.79
15-11-2005,170.71,172.42,170.44,171.40
14-11-2005,170.68,171.93,170.38,170.71
11-11-2005,169.36,170.78,169.05,170.68
10-11-2005,170.85,171.08,167.82,169.36
09-11-2005,170.14,171.75,168.93,170.85
08-11-2005,169.90,171.31,169.33,170.14
07-11-2005,169.41,170.22,168.63,169.90
04-11-2005,167.47,170.14,167.47,169.41
03-11-2005,167.36,168.84,166.72,167.47
02-11-2005,164.37,167.36,163.93,167.36
01-11-2005,165.38,165.87,163.95,164.37
31-10-2005,161.77,165.68,161.77,165.38
28-10-2005,160.78,162.18,160.00,161.77
27-10-2005,165.78,165.78,160.77,160.78
26-10-2005,167.18,168.30,165.58,165.78
25-10-2005,167.87,168.24,165.94,167.18
24-10-2005,165.27,167.87,165.27,167.87
21-10-2005,163.60,166.20,163.60,165.27
20-10-2005,166.52,167.16,162.91,163.60
19-10-2005,165.15,166.53,162.09,166.52
18-10-2005,167.05,167.60,164.95,165.15
17-10-2005,165.89,167.81,165.38,167.05
14-10-2005,164.88,166.33,163.60,165.89
13-10-2005,165.25,165.76,162.36,164.88
12-10-2005,168.15,168.66,164.60,165.25
11-10-2005,172.11,173.32,168.00,168.15
10-10-2005,177.56,178.03,171.94,172.11
07-10-2005,176.77,178.92,176.77,177.56
06-10-2005,182.93,182.93,175.84,176.77
05-10-2005,188.35,188.84,182.68,182.93
04-10-2005,189.99,190.73,188.07,188.35
03-10-2005,188.96,190.18,188.04,189.99
30-09-2005,186.72,189.04,185.88,188.96
29-09-2005,182.84,187.70,182.64,186.72
28-09-2005,184.60,184.91,182.31,182.84
27-09-2005,184.32,185.28,183.34,184.60
26-09-2005,182.05,184.32,182.05,184.32
23-09-2005,180.06,182.29,179.59,182.05
22-09-2005,182.02,183.07,179.64,180.06
21-09-2005,185.10,186.06,181.83,182.02
20-09-2005,185.77,187.93,183.86,185.10
19-09-2005,186.85,187.35,185.06,185.77
16-09-2005,189.64,189.64,184.79,186.85
15-09-2005,191.79,192.47,189.08,189.64
14-09-2005,193.21,194.59,191.65,191.79
13-09-2005,195.20,195.34,191.91,193.21
12-09-2005,194.73,196.23,194.03,195.20
09-09-2005,189.72,195.71,189.72,194.73
08-09-2005,187.43,189.84,186.78,189.72
07-09-2005,186.69,187.65,185.39,187.43
06-09-2005,184.72,187.37,184.58,186.69
02-09-2005,186.49,186.49,183.26,184.72
01-09-2005,183.82,187.11,183.82,186.49
31-08-2005,181.39,183.85,179.90,183.82
30-08-2005,174.21,181.58,174.21,181.39
29-08-2005,170.66,174.57,170.66,174.21
26-08-2005,170.35,171.74,169.24,170.66
25-08-2005,171.11,172.86,170.29,170.35
24-08-2005,166.88,174.50,166.62,171.11
23-08-2005,164.50,167.55,164.09,166.88
22-08-2005,163.11,165.37,162.69,164.50
19-08-2005,163.70,164.68,162.98,163.11
18-08-2005,164.37,164.37,162.68,163.70
17-08-2005,163.45,165.10,162.92,164.37
16-08-2005,166.56,166.57,163.08,163.45
15-08-2005,166.52,167.07,165.12,166.56
12-08-2005,168.32,168.42,165.55,166.52
11-08-2005,166.69,168.47,166.66,168.32
10-08-2005,168.15,169.46,165.39,166.69
09-08-2005,168.18,169.40,167.35,168.15
08-08-2005,166.27,168.85,166.27,168.18
05-08-2005,169.19,169.19,165.40,166.27
04-08-2005,172.37,172.37,168.51,169.19
03-08-2005,172.06,172.62,170.99,172.37
02-08-2005,171.50,172.06,170.80,172.06
01-08-2005,169.25,171.77,169.25,171.50
29-07-2005,171.73,171.73,169.02,169.25
28-07-2005,170.31,171.84,170.27,171.73
27-07-2005,168.82,170.37,168.30,170.31
26-07-2005,166.01,169.22,166.01,168.82
25-07-2005,164.91,167.21,164.91,166.01
22-07-2005,163.67,164.91,162.82,164.91
21-07-2005,164.99,165.07,162.49,163.67
20-07-2005,163.66,165.46,162.36,164.99
19-07-2005,160.66,163.98,160.66,163.66
18-07-2005,159.83,161.18,159.48,160.66
15-07-2005,159.42,160.84,159.04,159.83
14-07-2005,160.42,161.90,159.09,159.42
13-07-2005,159.90,161.03,159.73,160.42
12-07-2005,160.76,160.97,159.79,159.90
11-07-2005,158.85,160.89,158.85,160.76
08-07-2005,156.36,159.49,156.18,158.85
07-07-2005,157.11,157.11,154.01,156.36
06-07-2005,157.26,159.29,156.74,157.11
05-07-2005,156.36,157.27,155.39,157.26
01-07-2005,156.49,157.27,155.39,156.36
30-06-2005,157.62,158.37,156.18,156.49
29-06-2005,158.99,159.94,157.08,157.62
28-06-2005,155.23,159.08,155.23,158.99
27-06-2005,156.01,156.35,154.59,155.23
24-06-2005,155.94,156.40,154.87,156.01
23-06-2005,157.32,158.48,155.63,155.94
22-06-2005,156.71,158.34,156.47,157.32
21-06-2005,157.12,157.70,156.16,156.71
20-06-2005,155.68,157.77,155.14,157.12
17-06-2005,153.48,155.74,153.45,155.68
16-06-2005,152.15,153.49,151.74,153.48
15-06-2005,150.27,152.40,149.29,152.15
14-06-2005,147.10,150.27,147.10,150.27
13-06-2005,145.63,147.11,145.12,147.10
10-06-2005,144.88,146.60,144.88,145.63
09-06-2005,143.38,145.10,142.30,144.88
08-06-2005,143.22,144.44,143.13,143.38
07-06-2005,144.11,145.10,143.19,143.22
06-06-2005,144.17,144.81,143.18,144.11
03-06-2005,145.85,145.99,144.05,144.17
02-06-2005,144.56,146.06,143.63,145.85
01-06-2005,144.10,146.04,144.05,144.56
31-05-2005,144.18,145.22,144.03,144.10
27-05-2005,144.40,144.94,143.36,144.18
26-05-2005,141.40,144.45,141.40,144.40
25-05-2005,141.20,142.08,140.08,141.40
24-05-2005,139.61,141.41,138.61,141.20
23-05-2005,140.32,140.59,139.25,139.61
20-05-2005,140.19,140.37,139.08,140.32
19-05-2005,139.61,140.83,139.61,140.19
18-05-2005,136.88,140.00,136.88,139.61
17-05-2005,137.31,137.49,136.15,136.88
16-05-2005,136.64,137.97,136.51,137.31
13-05-2005,138.15,139.04,136.12,136.64
12-05-2005,140.26,140.51,138.02,138.15
11-05-2005,140.24,140.95,138.61,140.26
10-05-2005,141.69,141.81,140.07,140.24
09-05-2005,139.89,141.69,139.36,141.69
06-05-2005,139.79,140.85,139.75,139.89
05-05-2005,139.73,140.50,138.89,139.79
04-05-2005,139.46,140.55,139.19,139.73
03-05-2005,139.18,140.57,139.18,139.46
02-05-2005,137.40,139.40,137.40,139.18
29-04-2005,136.83,138.31,135.54,137.40
28-04-2005,139.26,140.14,136.80,136.83
27-04-2005,140.29,141.11,139.20,139.26
26-04-2005,142.34,143.79,140.23,140.29
25-04-2005,141.33,142.90,141.33,142.34
22-04-2005,144.56,144.88,140.48,141.33
21-04-2005,140.60,144.61,140.60,144.56
20-04-2005,144.39,145.62,140.60,140.60
19-04-2005,140.99,144.69,140.99,144.39
18-04-2005,139.58,141.70,139.28,140.99
15-04-2005,143.62,143.87,139.24,139.58
14-04-2005,146.73,147.00,143.62,143.62
13-04-2005,150.48,150.55,146.57,146.73
12-04-2005,150.03,150.73,147.75,150.48
11-04-2005,153.61,153.95,149.98,150.03
08-04-2005,156.34,156.96,153.30,153.61
07-04-2005,154.69,156.39,154.63,156.34
06-04-2005,154.79,156.25,154.68,154.69
05-04-2005,154.08,155.87,154.08,154.79
04-04-2005,153.71,154.70,153.13,154.08
01-04-2005,154.05,155.92,153.18,153.71
31-03-2005,152.27,154.32,152.27,154.05
30-03-2005,149.02,152.51,149.02,152.27
29-03-2005,153.01,153.37,148.87,149.02
28-03-2005,154.24,155.08,152.95,153.01
24-03-2005,153.67,155.51,153.67,154.24
23-03-2005,155.28,155.77,153.65,153.67
22-03-2005,157.34,158.28,154.84,155.28
21-03-2005,158.41,158.76,156.75,157.34
18-03-2005,159.20,160.31,157.45,158.41
17-03-2005,158.32,159.80,157.67,159.20
16-03-2005,160.55,161.07,157.96,158.32
15-03-2005,161.83,163.48,160.30,160.55
14-03-2005,160.98,162.99,160.72,161.83
11-03-2005,162.55,162.88,160.74,160.98
10-03-2005,164.60,165.47,161.74,162.55
09-03-2005,164.96,166.52,163.83,164.60
08-03-2005,167.03,167.60,164.60,164.96
07-03-2005,166.18,168.32,166.12,167.03
04-03-2005,166.21,167.51,165.69,166.18
03-03-2005,165.84,167.68,164.74,166.21
02-03-2005,166.12,166.79,164.21,165.84
01-03-2005,160.20,166.14,160.17,166.12
28-02-2005,159.74,160.63,158.87,160.20
25-02-2005,157.27,159.92,157.12,159.74
24-02-2005,156.12,157.29,155.04,157.27
23-02-2005,155.27,156.87,155.27,156.12
22-02-2005,154.63,156.75,153.30,155.27
18-02-2005,154.23,155.33,154.23,154.63
17-02-2005,156.80,156.80,154.22,154.23
16-02-2005,153.71,157.10,153.64,156.80
15-02-2005,153.91,155.28,153.12,153.71
14-02-2005,154.64,155.12,152.69,153.91
11-02-2005,154.20,155.30,152.63,154.64
10-02-2005,155.13,155.93,154.10,154.20
09-02-2005,159.08,159.49,155.00,155.13
08-02-2005,159.03,160.35,158.71,159.08
07-02-2005,158.80,160.17,158.80,159.03
04-02-2005,157.46,158.99,157.08,158.80
03-02-2005,159.58,159.74,156.83,157.46
02-02-2005,158.08,159.92,158.03,159.58
01-02-2005,156.76,158.55,156.36,158.08
31-01-2005,152.01,156.81,152.01,156.76
28-01-2005,153.59,153.73,151.25,152.01
27-01-2005,153.87,154.30,152.60,153.59
26-01-2005,151.44,153.89,151.33,153.87
25-01-2005,151.23,153.47,150.97,151.44
24-01-2005,152.10,153.82,151.00,151.23
21-01-2005,152.79,153.68,151.56,152.10
20-01-2005,155.71,155.84,152.49,152.79
19-01-2005,157.71,158.54,155.25,155.71
18-01-2005,154.79,157.76,153.75,157.71
14-01-2005,152.20,154.82,152.20,154.79
13-01-2005,152.99,153.92,151.77,152.20
12-01-2005,151.14,153.05,150.04,152.99
11-01-2005,153.92,154.27,151.08,151.14
10-01-2005,152.72,154.98,152.45,153.92
07-01-2005,154.82,155.89,152.56,152.72
06-01-2005,154.97,155.97,153.51,154.82
05-01-2005,157.74,157.85,153.96,154.97
04-01-2005,162.46,163.63,156.53,157.74
03-01-2005,166.20,167.16,162.10,162.46
31-12-2004,166.23,167.14,165.83,166.20
30-12-2004,163.43,166.35,163.37,166.23
29-12-2004,162.90,163.79,162.53,163.43
28-12-2004,160.97,162.90,160.91,162.90
27-12-2004,160.64,161.95,159.76,160.97
23-12-2004,157.31,160.82,157.05,160.64
22-12-2004,157.25,158.72,157.16,157.31
21-12-2004,156.67,157.58,156.00,157.25
20-12-2004,157.82,159.37,156.56,156.67
17-12-2004,156.79,158.10,156.61,157.82
16-12-2004,158.13,158.78,155.40,156.79
15-12-2004,157.17,158.52,157.17,158.13
14-12-2004,154.05,157.23,154.05,157.17
13-12-2004,152.43,154.36,152.43,154.05
10-12-2004,152.16,152.67,151.09,152.43
09-12-2004,151.71,152.36,149.94,152.16
08-12-2004,152.99,153.44,151.10,151.71
07-12-2004,156.38,157.94,152.94,152.99
06-12-2004,157.71,158.20,155.48,156.38
03-12-2004,158.03,159.02,157.53,157.71
02-12-2004,159.23,159.59,157.00,158.03
01-12-2004,157.55,160.40,157.55,159.23
30-11-2004,158.68,159.05,157.52,157.55
29-11-2004,156.68,158.91,155.92,158.68
26-11-2004,155.54,156.96,155.35,156.68
24-11-2004,154.19,155.92,153.73,155.54
23-11-2004,153.24,154.36,151.98,154.19
22-11-2004,150.43,153.34,150.24,153.24
19-11-2004,152.93,152.93,150.21,150.43
18-11-2004,152.29,152.94,151.32,152.93
17-11-2004,149.44,153.14,149.32,152.29
16-11-2004,150.77,150.79,149.33,149.44
15-11-2004,148.28,150.77,147.85,150.77
12-11-2004,147.15,148.28,146.31,148.28
11-11-2004,146.84,147.28,145.92,147.15
10-11-2004,145.54,147.18,144.68,146.84
09-11-2004,144.81,145.57,144.12,145.54
08-11-2004,145.09,145.65,144.48,144.81
05-11-2004,144.68,146.94,144.21,145.09
04-11-2004,143.36,144.72,142.47,144.68
03-11-2004,144.62,145.75,141.83,143.36
02-11-2004,143.27,145.99,143.10,144.62
01-11-2004,141.84,143.27,141.42,143.27
29-10-2004,141.68,142.76,141.08,141.84
28-10-2004,143.73,143.74,141.16,141.68
27-10-2004,143.35,143.93,142.48,143.73
26-10-2004,142.77,143.41,141.92,143.35
25-10-2004,141.91,143.08,141.54,142.77
22-10-2004,143.58,144.16,141.69,141.91
21-10-2004,143.16,143.60,141.96,143.58
20-10-2004,141.92,143.16,141.28,143.16
19-10-2004,143.58,145.11,141.53,141.92
18-10-2004,143.20,144.01,142.12,143.58
15-10-2004,143.23,144.43,142.71,143.20
14-10-2004,142.40,144.29,141.41,143.23
13-10-2004,142.07,144.12,141.05,142.40
12-10-2004,142.61,142.97,140.41,142.07
11-10-2004,141.01,142.63,141.01,142.61
08-10-2004,143.16,144.10,140.53,141.01
07-10-2004,143.21,145.00,142.42,143.16
06-10-2004,141.85,143.22,141.08,143.21
05-10-2004,140.51,142.13,140.23,141.85
04-10-2004,137.58,140.89,137.58,140.51
01-10-2004,134.95,137.66,134.95,137.58
30-09-2004,134.54,135.36,133.69,134.95
29-09-2004,134.30,135.36,134.18,134.54
28-09-2004,130.28,134.33,130.28,134.30
27-09-2004,132.87,132.87,130.12,130.28
24-09-2004,134.04,134.75,132.80,132.87
23-09-2004,134.26,134.70,133.14,134.04
22-09-2004,136.80,136.99,133.94,134.26
21-09-2004,135.78,136.91,135.75,136.80
20-09-2004,137.08,137.08,135.67,135.78
17-09-2004,137.29,137.81,136.53,137.08
16-09-2004,136.70,137.90,136.70,137.29
15-09-2004,139.01,139.01,136.35,136.70
14-09-2004,139.41,139.69,138.13,139.01
13-09-2004,139.63,140.95,139.25,139.41
10-09-2004,137.80,139.94,137.26,139.63
09-09-2004,135.06,137.92,135.06,137.80
08-09-2004,137.02,137.26,135.06,135.06
07-09-2004,136.04,137.16,135.98,137.02
03-09-2004,138.23,138.35,135.94,136.04
02-09-2004,136.29,138.33,136.07,138.23
01-09-2004,135.69,138.60,134.91,136.29
31-08-2004,134.94,136.19,134.44,135.69
30-08-2004,134.79,135.68,134.05,134.94
27-08-2004,132.65,134.95,132.65,134.79
26-08-2004,134.20,134.35,132.53,132.65
25-08-2004,132.56,134.20,132.34,134.20
24-08-2004,132.07,133.92,132.07,132.56
23-08-2004,132.21,133.38,131.49,132.07
20-08-2004,129.14,132.57,129.14,132.21
19-08-2004,130.12,130.64,128.59,129.14
18-08-2004,127.43,130.14,126.82,130.12
17-08-2004,126.59,128.09,126.59,127.43
16-08-2004,124.99,126.70,124.99,126.59
13-08-2004,124.61,125.58,124.16,124.99
12-08-2004,126.57,126.57,124.39,124.61